Price,Close,Close,Close,Close,Close,Close,Close,Close,Close,Close,Close,Close,Close,Close,Close,High,High,High,High,High,High,High,High,High,High,High,High,High,High,High,Low,Low,Low,Low,Low,Low,Low,Low,Low,Low,Low,Low,Low,Low,Low,Open,Open,Open,Open,Open,Open,Open,Open,Open,Open,Open,Open,Open,Open,Open,Volume,Volume,Volume,Volume,Volume,Volume,Volume,Volume,Volume,Volume,Volume,Volume,Volume,Volume,Volume
Ticker,ALE.WA,ALR.WA,BDX.WA,CDR.WA,DNP.WA,KGH.WA,LPP.WA,MBK.WA,PEO.WA,PGE.WA,PKN.WA,PKO.WA,PZU.WA,SPL.WA,TPE.WA,ALE.WA,ALR.WA,BDX.WA,CDR.WA,DNP.WA,KGH.WA,LPP.WA,MBK.WA,PEO.WA,PGE.WA,PKN.WA,PKO.WA,PZU.WA,SPL.WA,TPE.WA,ALE.WA,ALR.WA,BDX.WA,CDR.WA,DNP.WA,KGH.WA,LPP.WA,MBK.WA,PEO.WA,PGE.WA,PKN.WA,PKO.WA,PZU.WA,SPL.WA,TPE.WA,ALE.WA,ALR.WA,BDX.WA,CDR.WA,DNP.WA,KGH.WA,LPP.WA,MBK.WA,PEO.WA,PGE.WA,PKN.WA,PKO.WA,PZU.WA,SPL.WA,TPE.WA,ALE.WA,ALR.WA,BDX.WA,CDR.WA,DNP.WA,KGH.WA,LPP.WA,MBK.WA,PEO.WA,PGE.WA,PKN.WA,PKO.WA,PZU.WA,SPL.WA,TPE.WA
Date,,,,,,,,,,,,,,,,,,,,,,,,,,,,,,,,,,,,,,,,,,,,,,,,,,,,,,,,,,,,,,,,,,,,,,,,,,,
2023-05-02,32.665000915527344,37.223114013671875,314.877685546875,109.68428039550781,42.849998474121094,112.76036834716797,10929.8154296875,341.70001220703125,73.46717071533203,6.8979997634887695,50.24802780151367,27.312162399291992,30.5123348236084,269.1770324707031,2.0510001182556152,33.20000076293945,39.02212945505904,320.94970703125,114.15017579174423,43.18000030517578,116.64865691086342,10991.367085365548,358.8999938964844,75.55080205562776,7.02400016784668,51.46852672941985,28.175922980588,30.939524060579963,280.2588929330141,2.0950000286102295,32.45500183105469,37.12751361475429,314.01025390625,109.53705167582767,42.119998931884766,112.76036834716797,10252.747217228982,340.0,73.31283026984818,6.849999904632568,50.20016384544258,27.312162399291992,30.259186316758935,266.4466970029943,2.0510001182556152,32.45500183105469,37.80540253025839,320.94970703125,111.99083870928422,42.119998931884766,115.67658476993957,10534.12621461434,347.3999938964844,74.23888471817254,6.877999782562256,50.35172847510961,27.72676622621734,30.290830634557178,271.9073434317568,2.069999933242798,1601943,228391,18066,307006,2514560,563399,4401,27670,1045424,1614229,2019112,2362885,1818345,54195,1455926
2023-05-04,32.78499984741211,36.18020248413086,318.347412109375,109.92965698242188,41.4900016784668,112.90618133544922,10727.576171875,334.29998779296875,71.10572814941406,6.642000198364258,49.39447021484375,26.232460021972656,30.10887908935547,265.0012512207031,1.9950000047683716,33.099998474121094,38.2051796125605,320.5159912109375,111.15655047552926,42.65999984741211,115.43356743389538,11079.299980788934,349.5,73.775857907689,6.958000183105469,50.694745434321405,27.657667392182862,30.718018601836523,276.24372854521783,2.059000015258789,32.25,35.95423732213787,314.4439697265625,109.43889958517892,41.34000015258789,112.27433295675719,10560.507362640881,331.79998779296875,70.7507404126422,6.6020002365112305,49.25886023840873,26.189270921362812,29.94274793666564,264.5194258626071,1.9900000095367432,32.58000183105469,37.54467294777132,314.877685546875,109.83150700064601,42.41999816894531,112.95478049299665,10850.679504994878,341.79998779296875,73.4671711272798,6.958000183105469,50.248027353793155,27.45036465174281,30.45695751744402,271.4255239775687,2.055999994277954,1787687,378889,16978,261551,2621320,600274,3087,29748,1061171,3524195,2078748,4125370,2174619,62328,4314868
2023-05-05,33.005001068115234,36.779876708984375,317.4800109863281,110.81301879882812,40.66999816894531,115.23915100097656,10991.369140625,344.70001220703125,73.12761688232422,6.745999813079834,50.29589080810547,26.888917922973633,31.113563537597656,264.84063720703125,2.0429999828338623,33.08000183105469,36.89285930094549,320.08230615834725,111.59822612016725,42.15999984741211,115.6279739098744,11114.472475,345.6000061035156,73.34369585022571,6.789999961853027,50.35173057099337,26.992570117121502,31.168939582630184,264.84063720703125,2.046999931335449,32.599998474121094,36.21496706449301,314.87771581430906,110.07688272286828,40.400001525878906,113.3436059466524,10736.3693765625,332.29998779296875,70.99768469297605,6.616000175476074,49.31470249059674,26.22382224738452,30.377849776144828,255.3648446000078,2.0,32.880001068115234,36.21496706449301,318.3474427103345,110.12595396824756,41.599998474121094,114.02406086986682,10736.3693765625,338.6000061035156,70.99768469297605,6.71999979019165,49.55401619483614,26.422487168047557,30.377849776144828,261.7891174201338,2.0,924604,297020,14222,170891,1794840,297657,2381,23186,611766,1180949,1046332,1904679,1813723,44740,1587777
2023-05-08,33.0,36.805946350097656,318.347412109375,109.73334503173828,40.20000076293945,118.69000244140625,10982.5751953125,354.70001220703125,73.08131408691406,7.056000232696533,50.383636474609375,27.009845733642578,31.1689395904541,268.21337890625,2.1429998874664307,33.18000030517578,37.28394832281929,323.552001953125,111.89267434837943,40.65999984741211,120.24531632488619,11211.195655743346,359.0,74.16171487394719,7.099999904632568,50.99787686794334,27.381263761726856,31.564484493796066,270.3012723858931,2.1530001163482666,32.834999084472656,36.64082050563,316.1788330078125,109.14443022868817,39.810001373291016,115.77378612876079,10938.609722152723,345.20001220703125,72.97327459698181,6.745999813079834,50.17623208974894,26.86300608643474,30.85250246067328,263.07396576865887,2.0360000133514404,33.0099983215332,36.719038708865,316.1788330078125,111.35283827503775,40.54999923706055,116.11400988197177,11070.506141632057,347.79998779296875,73.46717109030371,6.75,50.511270644455486,26.89755571945649,31.1689395904541,264.8406260155454,2.046999931335449,968254,441124,9752,186574,1652430,450372,1700,19759,534175,3385525,1348019,1044271,948073,33058,6186450
2023-05-09,33.29999923706055,36.501766204833984,313.142822265625,109.78242492675781,40.81999969482422,117.08607482910156,11008.9541015625,346.79998779296875,73.01957702636719,6.940000057220459,49.960853576660156,26.88028335571289,31.208494186401367,267.4103698730469,2.115000009536743,33.529998779296875,37.066675817462965,320.94970703125,110.32226104265244,40.849998474121094,118.00954772145006,11079.298856205072,355.0,73.4517349599685,7.047999858856201,50.38364123364042,26.97529608790254,31.232225915455356,268.8558215291572,2.1500000953674316,32.64500045776367,36.22365777516513,313.142822265625,108.50646022575027,40.060001373291016,115.77377905189172,10815.506026295428,343.1000061035156,72.13982358284436,6.880000114440918,49.450316849052534,26.621153678614995,30.82085884449983,262.91337376664313,2.0999999046325684,32.79999923706055,37.066675817462965,320.94970703125,110.1259535967074,40.20000076293945,118.00954772145006,11079.298856205072,354.70001220703125,72.54111225151554,7.03000020980835,50.38364123364042,26.93210863213414,31.010721730236302,263.55581578564784,2.1500000953674316,1575341,195291,16548,99142,1015480,371050,2057,24767,558207,1445459,1548902,1266344,1669705,44172,3170626
2023-05-10,33.970001220703125,37.214420318603516,317.9136962890625,110.91117095947266,40.959999084472656,115.82239532470703,11061.7138671875,355.20001220703125,73.69868469238281,7.248000144958496,50.144325256347656,26.932106018066406,31.263870239257812,267.8921813964844,2.246000051498413,34.9900016784668,37.701111739275476,319.6485595703125,111.64730704991163,41.459999084472656,119.07883546434519,11105.679343607164,360.70001220703125,74.70191521605437,7.308000087738037,50.91810916086104,27.424450215020215,31.580304358527318,270.7831090657489,2.2669999599456787,33.220001220703125,36.37140225708849,315.3114013671875,109.29167006283419,40.459999084472656,115.62797644966606,10797.921008669515,344.3999938964844,72.41763666639329,7.026000022888184,49.80130783742144,26.672976366119993,30.899969644102196,263.8770108854659,2.180000066757202,33.5,36.936311882594985,317.47998046875,110.42041356584667,41.0,117.32910267058529,11026.541486051769,350.0,73.80672417798309,7.078000068664551,50.45543337048101,27.001206929086315,31.208494192941444,266.60732193162727,2.2200000286102295,5432044,211412,13837,229192,1469120,456640,1938,24176,689401,3343443,1745166,1514286,1852334,48070,9864850
2023-05-11,35.779998779296875,37.17096710205078,314.877685546875,114.54277038574219,40.560001373291016,111.59387969970703,10991.369140625,349.5,73.34369659423828,7.165999889373779,49.83321762084961,26.776630401611328,30.686376571655273,265.1618347167969,2.240000009536743,35.79999923706055,37.81409162754449,319.21484375,117.38916470950873,41.2400016784668,115.57937381405624,11052.9208078125,357.6000061035156,74.39322806701531,7.355999946594238,50.75058731966436,27.26033681208355,31.485376007071665,270.14063077739536,2.2899999618530273,33.935001373291016,36.71035061903657,313.142822265625,111.30377614561894,40.400001525878906,111.01063050846246,10797.92104375,346.70001220703125,72.80349328129431,7.1519999504089355,49.58592507088799,26.690253845010197,30.42531546781224,263.7163588230856,2.2230000495910645,34.11000061035156,37.21442092426293,319.21484375,112.38344089232669,41.2400016784668,114.70450744351092,10964.9898546875,355.0,74.39322806701531,7.25,50.24005061023027,27.061671885148005,31.485376007071665,268.69517939033676,2.25,5000607,320160,13696,563326,1324000,992161,2598,24164,657413,1775198,1930896,1744213,2091195,46151,5076331
2023-05-12,35.375,37.7184944152832,321.3834228515625,112.72696685791016,41.77000045776367,111.44806671142578,11360.677734375,350.1000061035156,73.99193572998047,7.302000045776367,50.46340560913086,27.078947067260742,31.208494186401367,266.6073303222656,2.3440001010894775,36.08000183105469,38.16172870482772,321.3834228515625,117.04563322945798,42.09000015258789,112.71175597987632,11483.781053478135,355.6000061035156,75.16494429964035,7.329999923706055,50.694743487973234,27.60584092336026,31.485374417925186,269.0164327046957,2.3480000495910645,35.2599983215332,37.153584782522714,314.01025390625,112.72696685791016,40.599998474121094,110.8648249401162,10877.057552184113,345.0,73.79129433040777,7.124000072479248,49.37851671018728,26.86300650316376,30.74175106914108,263.87701919017616,2.240000009536743,35.79999923706055,37.3708572081515,314.877685546875,114.83722505531726,40.79999923706055,112.2743265054745,10903.436834849072,345.0,73.899333818704,7.202000141143799,49.7773738627961,27.027121793176278,30.852503161750608,265.0012620673122,2.240999937057495,2654884,173092,17992,340639,1973820,684339,3043,22358,744586,2331820,2412410,2031857,1896484,60797,10364939
2023-05-15,35.779998779296875,36.69296646118164,317.4800109863281,112.28529357910156,42.0,112.95477294921875,11395.8505859375,339.8999938964844,73.83759307861328,7.400000095367432,50.90215301513672,27.096221923828125,31.034452438354492,263.5557861328125,2.3389999866485596,36.70000076293945,37.78801797270296,322.25088546836315,114.54277310520304,42.5,113.14919181538983,11580.50557228371,353.3999938964844,74.62473873948359,7.630000114440918,51.26909783733424,27.355349934249002,31.374621293189378,268.05275722660184,2.4000000953674316,35.41999816894531,36.37140090034925,315.7451475383154,112.03991488137116,41.68000030517578,111.2050476516076,11343.092018410012,333.8999938964844,72.9887088869307,7.331999778747559,50.56711141071852,26.828454445898085,30.77339437404405,260.8254507458847,2.302999973297119,35.564998626708984,37.65765651305092,320.5160220203504,114.24832316094472,42.0,112.37153118334837,11404.643680525416,352.3999938964844,74.62473873948359,7.559999942779541,50.69474558310671,27.320798654195173,31.36671172302098,267.7315485065675,2.3499999046325684,4875242,206636,10277,217803,3780690,581788,2618,31982,366418,3304255,1380387,1499950,1296945,44053,5842112
2023-05-16,36.349998474121094,36.76249313354492,317.4800109863281,109.14443969726562,42.41999816894531,111.59387969970703,11413.4375,345.79998779296875,74.54756927490234,7.48199987411499,50.66283416748047,27.320798873901367,31.37462043762207,263.39520263671875,2.368000030517578,36.814998626708984,37.318710003327034,319.648590296344,112.38344144158236,42.459999084472656,113.48941732228728,11518.954641756549,349.6000061035156,74.99516479625944,7.559999942779541,51.16539503164027,27.450364527649445,31.548661154261776,268.69523295695984,2.368000030517578,35.34000015258789,36.51045632838926,315.3114316763122,109.14443969726562,41.79999923706055,110.524594459973,11140.85155046225,340.0,73.48260610230032,7.388000011444092,50.48733908966101,26.880281582142505,30.852501305470977,262.2709597219179,2.309999942779541,35.95000076293945,36.79725751673482,318.7811585723377,112.28529146201349,42.0,111.59387969970703,11351.885833975348,340.8999938964844,74.08454206454105,7.429999828338623,50.8622627437142,27.027121228560702,30.89205519077054,264.84065431194017,2.309999942779541,2770960,79529,9580,432667,3100020,581841,2182,10402,581989,1459197,1385557,1025150,1645584,32645,3137597
2023-05-17,36.439998626708984,36.44093322753906,310.9742431640625,107.13233947753906,42.099998474121094,109.94135284423828,11211.1962890625,341.1000061035156,74.59387969970703,7.059999942779541,50.599021911621094,27.355350494384766,31.366710662841797,261.7890930175781,2.190999984741211,36.68000030517578,36.84940646807921,320.5159912109375,110.17503379056345,42.54999923706055,111.78829131443676,11351.885811121323,349.0,75.16494642365443,7.484000205993652,50.88619956704811,27.502190142628848,31.59612440318839,263.7163697826345,2.36899995803833,35.869998931884766,36.258425176992546,307.07080078125,106.54343210862523,42.04999923706055,109.69833481964167,11211.1962890625,339.1000061035156,73.37457013995362,7.059999942779541,50.00871194846123,26.897555909271865,30.947431031653906,258.8981656166668,2.181999921798706,36.47999954223633,36.76249550449925,318.347412109375,109.14444027869163,42.20000076293945,111.78829131443676,11351.885811121323,349.0,74.4241016739552,7.480000019073486,50.57509145468176,27.061671197896604,31.32715376003253,262.11030172731193,2.368000030517578,2431179,81310,18854,328266,2482340,505445,1785,13384,592651,3207394,1614614,1377370,1540994,39259,8467055
2023-05-18,36.275001525878906,36.849403381347656,311.407958984375,107.47586822509766,41.439998626708984,108.24022674560547,11228.78125,344.0,76.12187194824219,6.955999851226807,50.606998443603516,27.83905601501465,31.65941619873047,264.6800537109375,2.1510000228881836,36.66999816894531,37.153583440111866,312.275390625,109.83150519071769,42.70000076293945,111.25364876938647,11369.470756656227,348.0,76.35338851384739,7.230000019073486,51.14146865289409,28.1759227543398,31.865098232169682,266.12550533988065,2.2260000705718994,35.56999969482422,36.5278378160095,309.673095703125,106.54343218104722,41.25,107.26815464655859,11167.229590837902,340.5,74.77909117578024,6.923999786376953,50.35970893690624,27.502189275689492,31.47746589513509,261.7891259463944,2.1510000228881836,36.5,36.5278378160095,310.9742431640625,107.96662561425335,42.47999954223633,110.28157667033959,11290.3329091621,347.29998779296875,75.18037988342363,7.188000202178955,50.73463262084564,27.640391099386772,31.52492935482275,261.7891259463944,2.196000099182129,2168905,122944,16757,168867,2034220,648212,1963,15862,844702,2549904,1600374,2000237,1474281,40830,4965738
2023-05-19,38.345001220703125,37.892311096191406,307.5045471191406,111.59822082519531,42.349998474121094,109.55252075195312,11694.81640625,364.8999938964844,78.40613555908203,7.119999885559082,51.428646087646484,28.7200927734375,32.07078552246094,279.9377136230469,2.186000108718872,38.51499938964844,38.77009358456876,311.40798988934125,112.23620689176283,42.5099983215332,110.42738710963297,11773.954261630639,368.0,78.40613555908203,7.156000137329102,51.43662493539858,28.7200927734375,32.11033941421829,280.2589223863415,2.2100000381469727,36.5,36.632133633480414,304.46853607565123,108.60460541801395,41.25,108.53184951492783,11193.609988839286,345.20001220703125,75.85948307565634,6.96999979019165,50.39161497866857,27.942705485633667,31.524931555796655,264.8406566816218,2.1500000953674316,36.5,37.30132981153564,311.40798988934125,108.75183412389306,41.93000030517578,109.16369785193669,11237.575464050751,347.3999938964844,76.35337952896472,6.96999979019165,50.91810938090962,27.985896231060412,31.69106272960711,265.16188995157415,2.180000066757202,6713256,297906,16161,472566,2121270,534649,2504,78841,1037534,2102498,1915791,2484175,1910219,114653,2503815
2023-05-22,38.58000183105469,38.15304183959961,313.142822265625,115.8678207397461,42.59000015258789,110.4273910522461,11677.23046875,366.5,78.44473266601562,7.394000053405762,51.5802116394043,28.953310012817383,32.118247985839844,281.7043151855469,2.315999984741211,38.66999816894531,38.95260282848554,315.7451171875,116.11319943043732,42.9900016784668,111.545275470509,11800.333802004894,370.0,78.9849301342656,7.461999893188477,51.891319742064255,29.117423648437594,32.505883355641785,283.631616375737,2.3570001125335693,37.91999816894531,37.71849695903612,308.8056640625,110.96024692592141,42.04999923706055,108.72626484681349,11457.403087937688,362.5,77.40291989855594,7.079999923706055,51.165396778472775,28.452326343569293,31.92047551543992,278.6527958121669,2.180999994277954,38.5,38.06613087429831,309.673095703125,111.89268295520276,42.52000045776367,109.74694353660173,11703.609754447476,363.5,78.21321610093088,7.136000156402588,51.39673466513124,28.50415326297159,32.03914020478724,279.93765510340944,2.187000036239624,2029605,202703,26425,467731,1304100,411367,1621,29972,457030,3732784,1417279,2483141,2117538,79836,8539484
2023-05-23,37.8650016784668,38.43983459472656,310.54052734375,118.7632827758789,42.25,107.90000915527344,11624.47265625,370.0,79.17784881591797,7.4039998054504395,51.125511169433594,29.143341064453125,32.40304183959961,282.50738525390625,2.369999885559082,38.9900016784668,38.67448919667891,314.4439697265625,119.05774019132966,43.15999984741211,110.86483219318586,11923.437913672466,375.20001220703125,79.83380448530033,7.519999980926514,51.851434169118534,29.32473035424428,32.67201252846743,285.88013826076866,2.380000114440918,37.8650016784668,38.00528977229197,308.8056640625,114.29738774226713,42.099998474121094,107.41397307799743,11589.300273023828,362.79998779296875,78.17462422971852,7.354000091552734,51.045743992504704,28.832386113387347,32.07078552746387,278.33162265746154,2.3010001182556152,38.70000076293945,38.23994437424432,314.01025390625,115.81873857482407,42.400001525878906,109.84415346437746,11650.85194366963,366.0,78.21320639397037,7.441999912261963,51.54032605099004,28.884209741903884,32.118248990472686,281.06193368334,2.313999891281128,2431959,147913,10582,576203,1384580,598724,2440,31774,645567,1362237,1449268,1228129,1963149,82309,4255450
2023-05-24,36.79999923706055,37.17096710205078,313.2713928222656,112.23621368408203,42.06999969482422,102.74801635742188,10947.40234375,360.0,77.06336212158203,7.291999816894531,51.332916259765625,28.18456268310547,31.960031509399414,274.15582275390625,2.38700008392334,37.54499816894531,38.13565720560547,315.5547120119323,117.9780736539499,42.459999084472656,107.12234073734409,11598.091318398594,369.3999938964844,78.94634620500234,7.449999809265137,51.84345294747567,29.048324919100192,32.67201057180928,285.23770746856763,2.3940000534057617,36.529998779296875,37.02322012815252,305.50810757739896,112.23621368408203,41.59000015258789,102.16477459002988,10921.023060993975,355.29998779296875,76.81641387192943,7.27400016784668,50.950013743983085,28.11546012263,31.904655460693146,272.87096335858473,2.3269999027252197,37.54499816894531,38.04874624586705,314.18472049813226,117.9780736539499,42.0,106.92792928698724,11589.298224146587,366.29998779296875,78.71482964507959,7.3979997634887695,51.037762807753005,28.979222358624725,32.41095248758949,282.0255712335912,2.365999937057495,3976383,152010,14202,537854,1389990,1109641,2360,23582,707351,1992599,1579702,1667820,1648194,65178,5977173
2023-05-25,34.26499938964844,37.83147430419922,318.7513122558594,112.08898162841797,42.52000045776367,102.35919952392578,10709.9892578125,368.0,78.17462921142578,7.127999782562256,49.91298294067383,28.47824478149414,31.936296463012695,279.9377136230469,2.4149999618530273,37.0,37.892310319138495,321.9479586538408,113.36495380074132,42.779998779296875,104.64356757446846,11079.299232219826,371.29998779296875,78.79199686818818,7.291999816894531,51.34089225178571,28.789199744293516,32.33184138879902,283.31044239762707,2.430000066757202,33.810001373291016,36.849405311428434,311.9013556887564,111.1074668768964,41.599998474121094,101.58153884376058,10542.920459866327,356.29998779296875,76.67750219309089,7.035999774932861,49.713554367938826,27.985900522059055,31.56448628485599,273.8346490938179,2.3359999656677246,37.0,37.63158406721098,313.271347002177,112.87419642498054,42.25,103.08825363045995,11026.540664447351,362.0,77.55725566695291,7.291999816894531,51.332913404774736,28.106826719816198,32.03122941799459,276.8861691051035,2.3959999084472656,6172396,129658,21033,218615,1129170,504435,3063,26426,352543,1896335,2410524,1471457,1371738,58681,4861971
2023-05-26,35.1349983215332,38.48329162597656,319.6646728515625,116.70211029052734,42.95000076293945,106.24748229980469,11008.9541015625,378.0,79.48654174804688,7.150000095367432,51.66795349121094,29.42837905883789,32.41885757446289,281.2225646972656,2.4079999923706055,35.28499984741211,38.67449242470711,320.57800048828125,116.70211029052734,43.099998474121094,106.4418937510863,11079.298856205072,379.5,79.48654174804688,7.202000141143799,51.76368139997379,29.445654698922766,32.55334440112585,284.27408461647457,2.430000066757202,34.279998779296875,37.501222632330425,314.18470703124996,112.82512236831008,41.900001525878906,103.42847175829245,10402.230592770318,366.8999938964844,77.94311375293917,7.065999984741211,49.80130491591447,28.51278990428807,31.643589982035177,277.367986134065,2.388000011444092,34.29999923706055,37.97922131384262,314.18470703124996,113.65941593237291,42.560001373291016,104.20612497974037,10551.713196385783,368.0,78.40614097392937,7.190000057220459,49.83321421883542,28.633719384882202,31.880916303346858,278.97405440873433,2.4200000762939453,3551979,196106,10989,379637,2225750,403362,3088,35120,950231,1928475,2473994,2745779,900979,104651,1970554
2023-05-29,35.51499938964844,37.892311096191406,317.8380126953125,122.68934631347656,42.43000030517578,106.53910064697266,10894.64453125,379.0,78.98492431640625,7.199999809265137,51.093605041503906,29.4370174407959,32.0233154296875,283.3104248046875,2.4179999828338623,36.20000076293945,38.48329238084718,321.49132318606325,122.98380373997428,43.119998931884766,107.4625735915076,11176.02356676251,385.0,79.67946807279105,7.24399995803833,51.85143121717008,29.55794362193907,32.47423638395126,286.3619691331368,2.4210000038146973,35.400001525878906,37.74456743268458,316.9246850726248,117.2910150756836,42.380001068115234,105.61563511875926,10841.885962091405,378.3999938964844,78.0588698997001,7.110000133514404,51.02180758736608,29.15197433239443,31.960029813567616,280.09828835789216,2.38100004196167,35.400001525878906,38.33554871734035,317.8380126953125,118.81236596531608,43.02000045776367,106.92793097012834,11088.09261816485,379.79998779296875,79.48653957866807,7.150000095367432,51.69189078631741,29.42837797357635,32.339752563591404,284.2740755413886,2.4000000953674316,1713053,79277,2487,822101,270170,196849,561,26062,365147,791288,1078287,1027891,427738,40361,1629458
2023-05-30,35.31999969482422,36.866783142089844,319.2080078125,121.1679916381836,42.20000076293945,103.86590576171875,10771.541015625,366.6000061035156,77.5572509765625,6.880000114440918,49.984779357910156,28.616445541381836,31.706880569458008,278.8134460449219,2.3239998817443848,36.29999923706055,37.918384189014326,320.57799926233906,123.08194987389395,42.400001525878906,106.92793445903736,11008.95457270408,378.5,79.37077755817393,7.131999969482422,51.0218073692118,29.385193450969105,32.02331467816771,282.98920861183797,2.4019999504089355,34.834999084472656,36.76249330734118,308.70474003040056,118.0271474660336,41.91999816894531,103.57428857207809,10622.058405612244,365.70001220703125,77.40291054363348,6.880000114440918,49.984779357910156,28.616445541381836,31.50119553191702,276.72555250813605,2.309000015258789,35.76499938964844,37.901001997337204,316.9246887294349,122.787492456596,42.310001373291016,106.150273787352,10982.575288584183,378.3999938964844,79.37077755817393,7.130000114440918,50.92608250250176,29.385193450969105,31.89674043113021,281.0619316958263,2.4000000953674316,2590330,150892,22123,592288,2130900,438950,1465,31344,561180,2819077,2557081,1501927,1774890,53371,3512122
2023-05-31,35.52000045776367,35.137298583984375,307.3347473144531,118.95958709716797,41.61000061035156,101.67874145507812,10551.71484375,352.79998779296875,74.2851791381836,6.716000080108643,48.01442337036133,27.709495544433594,30.520246505737305,270.3013000488281,2.2200000286102295,36.14500045776367,36.536533601033774,313.2713769059656,120.2355592931756,42.27000045776367,104.10892173563124,10850.68009765625,365.0,76.50771297508143,6.966000080108643,49.86512033178257,28.435052696976797,31.41417582373339,277.3679907728971,2.3389999866485596,34.17499923706055,35.015626550382564,304.138100611331,117.63454365569137,41.529998779296875,101.67874145507812,10507.749365234375,350.29998779296875,73.71410663243884,6.716000080108643,47.54377180429928,27.562654243329654,30.38575966797206,268.85582387345664,2.2060000896453857,34.900001525878906,36.50176921562918,312.35804927650213,120.2355592931756,41.93000030517578,102.94243816749442,10578.094130859376,361.6000061035156,76.41510519065292,6.960000038146973,49.849168723407715,28.29685086387453,31.327155461256144,274.79829619444354,2.3380000591278076,14592670,567852,28585,571198,4242650,1301004,6531,213155,2028544,6084266,10800998,4280682,3947923,411545,5691126
2023-06-01,35.0,36.14543914794922,315.0980224609375,121.70783233642578,44.20000076293945,105.51842498779297,10964.990234375,356.79998779296875,76.1527328491211,6.9679999351501465,49.76142501831055,28.331401824951172,31.350893020629883,277.36798095703125,2.315000057220459,35.69499969482422,36.38009375435003,316.4680138629416,121.90413229646173,44.349998474121094,105.90724787839792,11228.783102884423,361.29998779296875,76.3379425486294,6.989999771118164,49.84917408901032,28.426416201943557,31.4220912310658,279.4558745764626,2.321000099182129,34.41999816894531,34.8504940938071,302.3114360422328,118.86143798572378,41.90999984741211,103.37986200785944,10384.64592365427,349.5,74.6864751660474,6.73199987411499,48.4212645857152,27.657668308083824,30.536068386136947,269.98008173544054,2.2300000190734863,35.52000045776367,35.28503892447957,308.70472925158515,119.35219537417711,42.27000045776367,103.62288002264816,10551.714740376905,351.0,74.80995222419305,6.75,48.50901365641497,27.813145780436532,30.536068386136947,269.98008173544054,2.2300000190734863,3121159,208408,20326,228307,2523520,526104,2905,42303,785802,1944895,1974001,1782209,1573372,69084,2911909
2023-06-02,36.31999969482422,38.665802001953125,315.0980224609375,126.07556915283203,45.900001525878906,111.20504760742188,11387.05859375,384.5,80.4897689819336,7.093999862670898,51.069671630859375,29.77388572692871,32.0233154296875,294.231689453125,2.3440001010894775,36.3650016784668,38.665802001953125,316.01135006227355,127.30246261476448,46.06999969482422,111.25364676170426,11510.161929898648,384.70001220703125,80.64410941999779,7.125999927520752,51.069671630859375,29.79116136727839,32.0233154296875,295.516548914956,2.375,35.064998626708984,36.42354899676792,311.9013758562613,121.5115314651341,44.63999938964844,107.5597773017786,11035.334776182432,358.0,76.44598356229616,6.9720001220703125,50.08050750954986,28.50415416865499,31.24804777116792,280.0982843862959,2.315999984741211,35.38999938964844,36.579985407144285,314.6413586602695,122.68934619324386,44.66999816894531,107.5597773017786,11140.851921452702,358.0,76.50772209260596,7.0,50.23207518840774,28.581892902732797,31.56448490507182,281.06193510933315,2.319999933242798,3168548,444260,29014,474348,3729700,915883,2890,50607,924337,2920406,2556666,2922195,1823975,103793,3159749
2023-06-05,36.185001373291016,38.657108306884766,308.7047424316406,128.2839813232422,45.56999969482422,110.08716583251953,11448.609375,388.0,79.40937042236328,7.230000019073486,51.2132568359375,29.627044677734375,31.67523956298828,295.0346984863281,2.380000114440918,36.79999923706055,39.109035335263265,314.64137209378754,129.06919615833417,46.7400016784668,111.98270346972964,11773.953881048386,393.5,81.5701660528614,7.369999885559082,52.05085930516415,30.387156384481408,32.41886296481344,304.3498981598332,2.3970000743865967,35.814998626708984,38.257327852466325,307.79141479131033,125.68297309477276,45.36000061035156,109.06648715628542,11325.506048387097,383.1000061035156,79.02351342894822,7.084000110626221,51.00585245197269,29.47156720828631,31.611950923972486,293.9104557427413,2.3499999046325684,36.380001068115234,38.66580106020178,310.5313977123012,127.54784522347983,46.099998474121094,111.01063136524823,11395.850806451612,384.0,80.25825463033435,7.130000114440918,51.14944431584797,29.77388597443155,31.960032403022552,294.7134897748253,2.371000051498413,2321484,320583,12451,479019,3375070,533280,2253,44322,634737,2636934,2171334,2231094,1173989,91544,2198266
2023-06-06,35.0,40.36921691894531,314.641357421875,130.1488800048828,46.040000915527344,110.3787841796875,11562.919921875,396.0,82.38046264648438,7.320000171661377,51.8753662109375,30.905412673950195,32.545433044433594,305.3135681152344,2.4200000762939453,36.18000030517578,40.67339698549049,315.09802122074564,131.03223741247774,46.40999984741211,111.35085622912086,11738.781821827472,398.8999938964844,82.53480307856003,7.349999904632568,51.931205975228195,30.922688314585816,32.545433044433594,309.1681219104164,2.4200000762939453,34.57500076293945,38.292093082300646,307.7914004388153,126.22282045694341,45.290000915527344,107.89999748710393,11439.81659190827,383.20001220703125,79.10067841934097,6.949999809265137,50.77452253517326,29.55794565428692,31.56448340784448,293.10744025273243,2.3459999561309814,36.18000030517578,38.66580191566419,308.7047280365566,127.98953527213324,45.5,110.3787841796875,11677.230156844105,389.3999938964844,79.10067841934097,7.184000015258789,51.00585739736089,29.55794565428692,31.56448340784448,295.03471715032344,2.364000082015991,3746938,584911,114019,721822,2690070,493530,3108,93770,755122,4716336,3261076,3520919,1954095,101995,3810768
2023-06-07,35.40999984741211,39.19594192504883,315.0980224609375,128.57843017578125,45.79999923706055,110.62181091308594,11589.298828125,379.6000061035156,81.68592834472656,7.150000095367432,51.8992919921875,30.50808334350586,32.3951301574707,297.7650451660156,2.4049999713897705,35.63999938964844,40.569105164666816,316.4680138629416,130.5414596441138,46.369998931884766,111.20505270546249,11773.953817040498,396.0,83.61521340666016,7.257999897003174,51.923222448144486,30.92268884084216,32.73529903645466,305.3135855823054,2.427999973297119,34.869998931884766,38.961290636808506,311.4447120555933,127.69507290572213,45.54999923706055,108.87207811963454,11518.954070442907,378.1000061035156,81.10714282614649,7.070000171661377,51.20528442512562,30.188492223786717,31.999585230072448,295.9983847865925,2.369999885559082,35.0,40.36921494282,315.0980224609375,130.3451596926258,45.81999969482422,109.40672075550073,11703.609059358403,393.5,82.3804721445648,7.21999979019165,51.84345223292876,30.83631393118561,32.545436143485446,301.1377983097475,2.4200000762939453,1796776,228484,6721,301968,2471820,659747,3267,42480,672887,2347320,2374556,2163559,1923653,75092,1774368
2023-06-09,34.564998626708984,39.587032318115234,320.5780029296875,126.95894622802734,46.029998779296875,110.96202850341797,12143.263671875,397.70001220703125,83.88530731201172,7.139999866485596,52.04288101196289,30.914051055908203,32.40304183959961,312.5408630371094,2.430999994277954,36.39500045776367,39.97812331798438,320.5780029296875,129.95255440686094,46.470001220703125,111.78828828136378,12363.09103740496,399.5,84.50268085139834,7.239999771118164,53.12777298403988,31.294105251567913,32.64036820794921,314.789348581458,2.444999933242798,34.435001373291016,39.23939845236456,315.0980370676416,126.12465265170256,45.06999969482422,109.84414413734007,11694.815846193882,383.1000061035156,82.03319846927269,7.133999824523926,51.84345243012635,30.568544845314705,31.95212083440482,300.65594435606164,2.4010000228881836,35.959999084472656,39.969433880349,316.9246923549902,129.55995447490068,45.45000076293945,111.78828828136378,11738.781319299875,385.0,83.03642311113794,7.199999809265137,52.01097170853976,30.689471030525002,32.6166364764448,303.7074884595684,2.4059998989105225,2225820,105250,6734,533344,1959280,904394,4224,40228,753316,2127902,2277025,2096508,1662470,60364,2461188
2023-06-12,34.685001373291016,38.622344970703125,316.468017578125,139.86749267578125,46.9900016784668,107.80279541015625,12749.98828125,378.8999938964844,83.3451156616211,7.150000095367432,51.005855560302734,30.525360107421875,32.031227111816406,302.7438659667969,2.390000104904175,34.9900016784668,39.96943665433458,320.5779918323864,141.94473879304485,47.31999969482422,111.15644112755713,12925.850188577586,396.79998779296875,85.42874119807729,7.2779998779296875,52.23433945956901,31.104079272392543,32.60080971185757,314.1469603761665,2.428999900817871,34.099998474121094,38.622344970703125,316.01135377209596,131.50907727773063,46.040000915527344,107.70558968519069,11967.40279364224,378.6000061035156,83.03642887051737,7.072000026702881,50.814405816212556,30.473533182726346,31.8967402774923,301.29841434044033,2.390000104904175,34.619998931884766,39.96943665433458,320.12132802635733,131.55853839355376,46.040000915527344,110.62180593208588,12125.678510237069,395.0,83.8853131302695,7.197999954223633,52.09075062998196,30.91405380515904,32.04704625207282,307.56207073019414,2.4140000343322754,1761785,142929,15465,1584134,3329830,879699,5760,37959,789495,2739216,2209624,1863176,915579,65668,1569167
2023-06-13,32.25,37.7184944152832,316.0113525390625,138.7794189453125,47.650001525878906,111.10784149169922,12222.4013671875,375.79998779296875,82.49623107910156,7.079999923706055,51.005855560302734,30.18848991394043,31.880918502807617,297.4438171386719,2.3540000915527344,32.97999954223633,39.065582791118864,318.2946715602985,141.54907531106966,47.970001220703125,111.9341012748076,13110.503912573067,384.0,84.19399959196326,7.210000038146973,51.452576701577854,30.79312412024798,32.30810772130113,304.02870637094526,2.4049999713897705,32.154998779296875,37.63158345584322,312.81470590933213,137.09784671755696,47.06999969482422,109.60112680413816,12222.4013671875,371.8999938964844,81.95602772485589,7.065999984741211,50.89417603574366,29.998461173245996,31.714790368205072,295.9983656031266,2.3420000076293945,32.529998779296875,38.65710957003623,317.3813439518041,141.20286260532018,47.5099983215332,109.9413505482038,12811.538699274955,378.8999938964844,83.7309723509747,7.150000095367432,51.04574371310711,30.577183567637523,32.031227496963545,303.5468810235451,2.4000000953674316,15739440,150186,15880,440282,1821860,862881,8376,41269,406602,2317086,1591950,1996685,1551882,89113,2520116
2023-06-14,32.599998474121094,39.30023956298828,317.8380126953125,157.27674865722656,47.349998474121094,115.62797546386719,12389.4697265625,394.20001220703125,86.43196105957031,7.283999919891357,51.819522857666016,30.749935150146484,32.205265045166016,310.2923583984375,2.4189999103546143,32.65999984741211,40.065036156099914,320.57799556337557,158.26591059846697,47.83000183105469,116.35702955233123,12618.090175739664,396.70001220703125,86.70205976033945,7.349999904632568,52.353990005442725,31.07816573167373,32.57707821698377,312.54086848866064,2.4260001182556152,31.350000381469727,37.63158551872391,314.64136601590565,138.77942337471342,47.02000045776367,110.3787919599835,12178.435465783577,376.0,83.07500660667367,7.113999843597412,51.05371782068503,30.162576549515215,31.88091834776162,294.7135024094592,2.3510000705718994,32.255001068115234,37.63158551872391,316.468021261281,138.92779162853412,47.77000045776367,110.81622144653323,12486.193762752839,377.0,83.1135887709492,7.130000114440918,51.05371782068503,30.162576549515215,31.88091834776162,294.7135024094592,2.3510000705718994,8296944,345980,15280,1352766,2086770,1493011,6901,40751,1055785,3122703,2625791,3663641,1890022,83546,2691713
2023-06-15,32.779998779296875,39.500125885009766,317.8380126953125,166.42649841308594,48.40999984741211,117.3777084350586,12442.228515625,396.3999938964844,86.4705581665039,7.440000057220459,52.29017639160156,30.810396194458008,32.29228591918945,313.5045166015625,2.4800000190734863,32.86000061035156,39.847759761361075,320.57799556337557,166.5748666685108,49.18000030517578,117.47491416374875,12565.331836627649,397.1000061035156,86.77923906387275,7.489999771118164,52.330058456169645,30.810396194458008,32.33975239435709,316.2348277174182,2.490000009536743,32.31999969482422,37.98790841117398,316.0113574499372,153.56739303792924,47.029998779296875,114.16986747403142,11870.67738239841,376.20001220703125,84.15541610997326,7.21999979019165,51.221236032293554,29.549304169078784,31.880918854374332,303.54689838138796,2.359999895095825,32.38999938964844,39.109034873214824,317.8380126953125,158.16699007706217,47.470001220703125,114.89892156369017,12134.470213118375,390.0,86.20045354974009,7.28000020980835,51.851431078811466,30.404430199707406,32.05495957888754,306.7590348721963,2.4079999923706055,5057968,293856,15788,1428362,2505720,763033,4742,77075,768988,3420994,2530071,3958683,1377421,90574,3684935
2023-06-16,32.5099983215332,39.90859603881836,321.0346374511719,168.15753173828125,47.709999084472656,117.3291015625,12626.884765625,404.3999938964844,86.5091323852539,7.51800012588501,53.30327224731445,31.242277145385742,32.505882263183594,312.5408630371094,2.486999988555908,33.1150016784668,40.85590391134564,321.0346374511719,171.12501759248622,49.119998931884766,119.12744091211663,12881.884527604892,408.0,88.12973049836192,7.550000190734863,53.44686107274403,31.354567153814312,32.76694034609827,325.7106165968395,2.5420000553131104,32.29999923706055,38.239945464447715,315.5546720892742,158.0680828526671,47.40999984741211,116.16261798855781,12442.229765570595,390.0,85.7374184373253,7.392000198364258,52.13861003486455,30.603094963542816,32.16571338410666,309.3287268270945,2.4609999656677246,32.79999923706055,39.6739447454901,320.57797367101375,166.42649832332836,48.5,117.6207261641464,12565.333098940198,392.79998779296875,86.47055022048357,7.440000057220459,52.32208092586612,30.810396046035706,32.25273375100099,313.0226638632881,2.4860000610351562,13135744,613946,13776,1616168,5154280,1263656,8705,110849,1262988,14891114,6534021,6950418,4566586,485822,5401818
2023-06-19,32.349998474121094,40.03895950317383,323.3179626464844,164.0030517578125,46.790000915527344,113.87825012207031,12380.677734375,396.79998779296875,85.50591278076172,7.507999897003174,52.80868911743164,31.026338577270508,32.173622131347656,309.00750732421875,2.5880000591278076,33.07500076293945,41.35128671790637,326.51460916982535,173.94413221816134,47.70000076293945,117.62072629360242,12881.884148337624,410.70001220703125,86.77923615906232,7.659999847412109,53.60640349132685,31.6136971734987,32.77485209571896,317.0378482058944,2.640000104904175,32.34000015258789,39.639179063913986,319.207988545046,163.2117191915345,46.599998474121094,113.87825012207031,12319.126069502396,395.70001220703125,85.12005578425595,7.455999851226807,52.65712752492438,30.853588762490514,32.173622131347656,307.0802304139477,2.4700000286102295,32.54999923706055,39.908594730873766,320.5779799121921,167.1683669295111,47.65999984741211,115.96820665931189,12697.229153719814,404.3999938964844,86.20045066430367,7.53000020980835,53.05598471187198,31.09544113917571,32.35557544897956,310.6135755005539,2.4700000286102295,1544248,152956,11502,587152,986540,399028,1651,14827,261777,1440734,1503231,1455834,545563,28956,6503436
2023-06-20,32.400001525878906,39.865142822265625,318.7513122558594,154.3587188720703,46.97999954223633,111.44806671142578,11958.609375,394.3999938964844,84.4640884399414,7.4079999923706055,53.111820220947266,30.689470291137695,32.134071350097656,306.91961669921875,2.5510001182556152,32.5099983215332,40.80376127105255,323.31794996726137,164.10195461676508,47.08000183105469,114.70450673286572,12494.988177849264,405.6000061035156,86.47054939558292,7.498000144958496,53.25540904019167,31.225005234154363,32.592904947152945,313.98630637507557,2.61899995803833,32.0,39.76954242670614,318.7513122558594,153.8641379177179,46.20000076293945,111.39946014034936,11888.264613970588,391.20001220703125,84.3483360590245,7.349999904632568,52.52948609676794,30.59445592076405,32.04705097701692,305.9559660585775,2.5239999294281006,32.31999969482422,40.065033051474536,323.31794996726137,163.95358636782453,46.79999923706055,113.68382807083282,12424.643416819852,395.3999938964844,85.50590696987454,7.449999809265137,52.67307491601235,30.96587393495666,32.12616177880328,307.4014175128856,2.5999999046325684,2430171,116313,3499,805024,1902960,666556,2168,20859,347373,1220329,1453141,1641403,577474,30307,3814129
2023-06-21,32.8650016784668,40.96888732910156,330.1679382324219,153.1222686767578,46.709999084472656,112.1771240234375,11861.884765625,396.0,86.04610443115234,7.360000133514404,53.446861267089844,31.069528579711914,32.466331481933594,309.1681213378906,2.5759999752044678,33.099998474121094,41.229613572230214,330.1679382324219,158.76048861835315,47.38999938964844,113.0519904138609,12108.091417543086,402.6000061035156,86.7020601035339,7.49399995803833,53.51865263702695,31.475494588683986,32.76694348282233,313.98632582627334,2.5980000495910645,32.404998779296875,39.72608881103047,317.381351412909,151.44069642658562,46.599998474121094,110.86482814596324,11782.746913222756,391.5,83.57662217475938,7.314000129699707,52.864527115708654,30.52535745024892,31.960034409101414,304.51053346844947,2.5250000953674316,32.459999084472656,39.80430701550047,317.8380152278916,154.30925996550212,47.380001068115234,111.78829369254692,12072.919038697646,394.0,84.96570373608913,7.409999847412109,52.88846365843184,30.66355927574841,32.0549643558153,305.3135675498466,2.549999952316284,2657124,120605,22276,580036,705680,427621,2384,22086,710674,2043496,2237011,1923242,1026376,54717,2450996
2023-06-22,32.599998474121094,40.86459732055664,322.861328125,153.91360473632812,46.20000076293945,113.24639892578125,11958.609375,395.20001220703125,86.58631134033203,7.150000095367432,53.3192253112793,31.29410743713379,32.3951301574707,312.2196350097656,2.5799999237060547,32.77000045776367,41.264377779335774,329.71128558168317,156.48541673823186,47.11000061035156,113.48941694922712,12037.747231158088,402.29998779296875,87.12651469102258,7.434000015258789,53.65426997047583,31.54459929255874,32.79067508486896,313.3439023073153,2.640000104904175,32.20000076293945,40.421359725346434,319.66468131188117,151.53960701140144,46.130001068115234,110.81621869132242,11633.264855238971,390.5,85.12005940146953,7.139999866485596,53.016096043135185,30.75857573880486,32.14198164535728,304.99232841688536,2.556999921798706,32.48500061035156,40.84721512904702,327.4279664294554,152.380400702328,47.11000061035156,111.78829078510594,11853.092233455882,396.6000061035156,86.04611387735224,7.360000133514404,53.3990016167551,31.268195622776606,32.43468404665687,306.75901316447363,2.5759999752044678,1753654,127601,8747,320138,1402540,465883,2855,18907,409606,2278552,1775316,1278353,545100,44324,1511512
2023-06-23,32.0,39.3697624206543,324.6879577636719,150.3526153564453,46.279998779296875,109.30950164794922,11853.091796875,385.79998779296875,83.57662200927734,7.176000118255615,52.38589859008789,30.456254959106445,31.754343032836914,299.37109375,2.6040000915527344,32.689998626708984,40.7603079183184,326.05794914664096,154.7049218688718,46.72999954223633,112.0313064190179,11958.608934532642,397.70001220703125,86.54771949903582,7.239999771118164,53.28731967807131,31.40639539468874,32.49796935147149,312.05904685563485,2.627000093460083,31.790000915527344,39.3697624206543,317.8380008488265,150.3526153564453,45.95000076293945,108.77486645756451,11782.747038436573,385.0,83.38369352438771,7.072000026702881,52.17051839886338,30.318053133293386,31.611946632152335,299.21050163878243,2.549999952316284,32.439998626708984,40.7603079183184,320.57798361476466,152.18257098860954,46.0,111.88549412479612,11914.643460508625,393.0,86.54771949903582,7.130000114440918,53.14373085522919,31.095440462861497,32.205263962415415,307.4014345105328,2.5799999237060547,2188454,153553,6115,345374,2285360,633136,2686,18963,456129,2189362,1550143,1716715,833530,44829,2438152
2023-06-26,32.310001373291016,41.13401412963867,323.774658203125,150.4515380859375,46.63999938964844,109.98995971679688,12486.1943359375,408.1000061035156,85.62165832519531,7.2779998779296875,52.93632507324219,31.095441818237305,31.920473098754883,310.13177490234375,2.5980000495910645,32.73500061035156,41.28175777664654,326.9713050401093,151.8858198895456,46.70000076293945,110.76761294784198,12670.84932259573,411.1000061035156,85.96893312691665,7.285999774932861,53.16766296647148,31.311382386419506,32.18153418844679,311.5772264595454,2.63100004196167,32.040000915527344,38.61365285504418,322.4046667015603,148.6710435637214,45.970001220703125,108.58045072048496,11870.677713743398,381.5,82.76631913438447,7.119999885559082,51.94716097735774,30.283506468069188,31.50119645893619,298.72868103853324,2.571000099182129,32.040000915527344,39.161180254896,323.774658203125,149.56128327812272,46.59000015258789,109.16369991417075,11958.608659771127,386.20001220703125,83.42227479846696,7.190000057220459,52.497579743656026,30.447620113690693,31.683146755796532,301.13778330497297,2.5899999141693115,1362999,284326,8169,426203,2511010,272379,1964,46194,431411,1124844,1046667,2237319,774192,34812,1940964
2023-06-27,31.940000534057617,40.86459732055664,318.7513122558594,145.7035675048828,45.95000076293945,108.8234634399414,12327.91796875,407.5,83.96248626708984,7.142000198364258,52.202430725097656,30.533992767333984,31.461645126342773,309.1681213378906,2.5759999752044678,32.54999923706055,42.49848685400645,325.60126882296237,151.3417879591893,46.810001373291016,111.35085671249657,12749.986486938302,418.3999938964844,85.81459517262735,7.289999961853027,53.34316252648545,31.26819262191099,32.17362421303624,316.3954280704647,2.61899995803833,31.854999542236328,40.71685035038189,315.0980020867378,144.7638666114008,45.709999084472656,107.17094391525954,12090.50442726908,406.70001220703125,83.07501398202193,7.104000091552734,51.54830518006898,30.326691682388276,31.089831914260625,306.4378103624715,2.5429999828338623,32.33000183105469,41.13401631598469,323.77461373840157,151.04503633666488,46.54999923706055,111.25364357407427,12530.159133715228,410.0,85.66025472640277,7.28000020980835,52.9363264905293,31.22500517046325,31.920475690953886,313.504500476104,2.5980000495910645,1721571,324193,8909,449026,1914210,431032,2131,44291,525232,1785221,1304609,2261167,954983,52692,2284775
2023-06-28,31.989999771118164,41.10794448852539,323.774658203125,149.21507263183594,46.58000183105469,107.6083755493164,12327.91796875,404.0,82.5733871459961,7.23799991607666,52.39387893676758,30.7672119140625,31.429996490478516,309.4893493652344,2.7330000400543213,32.400001525878906,41.872744396377826,324.2313220369799,153.36954942552856,46.7599983215332,110.13576887298954,12653.26245152015,418.3999938964844,85.0814573163184,7.380000114440918,52.82464541762056,31.302746907420254,31.80971922145617,317.0378652996729,2.7330000400543213,31.84000015258789,40.88198261239236,319.6646836984309,146.04974260482044,45.75,106.24748057973407,12204.814650945078,403.0,81.2614758735268,7.139999866485596,52.01097336953909,30.438984615543212,31.176848003160075,305.1529699566554,2.5999999046325684,32.150001525878906,41.09056229569757,320.1213475322858,146.39595529321656,46.0,108.96927793522009,12371.883439394614,417.0,84.15540299312947,7.380000114440918,52.545446611348495,30.896777575840716,31.46164080583532,313.0226946423485,2.5999999046325684,1902913,160202,9640,455125,2618890,482044,1610,27118,844841,1905760,933044,2706914,766967,53666,5091075
2023-06-29,32.0,41.12532424926758,328.7979431152344,152.973876953125,47.0,107.4139633178711,12196.0224609375,406.0,84.34834289550781,7.400000095367432,52.704986572265625,31.16454315185547,31.58821678161621,313.66510009765625,2.7990000247955322,32.29999923706055,41.54248690652195,328.7979431152344,155.99082367126425,47.13999938964844,108.28882966073793,12477.40149392236,410.0,84.65702378658517,7.5,53.06395559336769,31.337292963591022,31.83345571242699,313.66510009765625,2.888000011444092,31.959999084472656,40.94281620834018,321.491322157118,148.9183223476075,46.59000015258789,106.83072156140031,12072.919134006625,401.6000061035156,82.53481027802007,7.23799991607666,52.42578776851096,30.680835112018155,31.406266484989445,306.9196190807865,2.7179999351501465,32.0,41.28176066015223,324.2313050164117,149.85802310416568,46.77000045776367,107.55977561106911,12283.953408745268,402.1000061035156,83.11359578035601,7.23799991607666,52.64116796395671,30.896775671679045,31.643592827643133,312.0590320218942,2.7339999675750732,1140882,145375,6975,353347,1093750,372096,1159,21147,449655,1726266,1061257,2664065,1102269,33419,7088264
2023-06-30,32.0,42.029178619384766,327.8846130371094,153.17172241210938,47.47999954223633,109.26091003417969,12319.1259765625,406.1000061035156,85.50591278076172,7.260000228881836,51.38078308105469,31.225006103515625,31.176849365234375,312.3802490234375,2.75,32.20000076293945,42.49848785525917,328.79794065002613,156.08974692526735,47.47999954223633,109.69833953071065,12451.022400294432,409.79998779296875,85.8531817225327,7.480000019073486,52.48960551641714,31.440946662198332,32.05495953925716,317.03783676405567,2.828000068664551,31.520000457763672,41.16877835361502,321.03465594023385,151.73742561833922,46.40999984741211,107.21956002316539,12037.74693926771,398.1000061035156,84.07823718352198,7.260000228881836,51.077647739595044,31.00906554483292,31.10565116145501,310.2923555682224,2.7330000400543213,32.0,41.16877835361502,328.79794065002613,154.80383346882468,46.900001525878906,108.09441901622732,12187.229552830568,406.0,84.30975373650963,7.443999767303467,52.2502887822203,31.41503155456223,31.87300924465837,313.1832830826237,2.819999933242798,1950263,289227,8807,216562,2171230,317326,1923,25107,575403,1359974,3705487,2054562,1295284,55439,2319147
2023-07-03,32.060001373291016,43.66306686401367,326.9712829589844,153.32009887695312,47.619998931884766,111.83689880371094,12486.1943359375,416.79998779296875,86.82038116455078,7.394000053405762,51.92322540283203,31.976478576660156,31.429996490478516,314.30755615234375,2.806999921798706,32.185001373291016,43.9759363631049,331.5379209891378,155.69408146736,47.79999923706055,112.03131025845511,12662.056227992958,420.0,87.388362490349,7.449999809265137,52.40185889351762,32.01102985711911,31.572392891816136,316.3954498087583,2.8259999752044678,31.520000457763672,42.237757007799345,324.6879639439077,152.47930520058517,47.119998931884766,109.6983357199171,12081.711984209947,404.6000061035156,86.09011503814439,7.257999897003174,51.45257684602289,31.095440694905523,31.176848003160075,309.3287592096012,2.7300000190734863,32.0,42.24644976115172,327.88461056501507,153.32009887695312,47.54999923706055,110.03855947388018,12310.332443882042,405.0,86.82038116455078,7.257999897003174,51.45257684602289,31.225006349130883,31.176848003160075,316.3954498087583,2.740000009536743,1744765,483859,7030,270689,2131020,543522,3372,48187,466654,1235470,1660970,2541320,1358342,37070,2410039
2023-07-04,32.16999816894531,43.01993942260742,326.9712829589844,150.0558624267578,47.060001373291016,111.9341049194336,12187.2294921875,412.0,85.56270599365234,7.369999885559082,51.8275032043457,31.53595733642578,30.88414764404297,303.5469055175781,2.7790000438690186,32.32500076293945,44.04546551649268,329.2546019740611,153.616851427891,47.75,112.27432867457708,12653.26352038803,417.79998779296875,87.6317924584681,7.432000160217285,52.40983128187902,32.09740409980838,31.485374586179663,314.78938349971065,2.8329999446868896,31.799999237060547,42.87219576745628,324.23130014089236,150.0558624267578,46.70000076293945,110.62180905455352,12160.850207572375,405.70001220703125,85.56270599365234,7.302000045776367,51.69986598478477,31.51868499154479,30.88414764404297,302.4226626206963,2.7699999809265137,32.15999984741211,43.802121465507724,328.79793817104576,153.32009982889434,47.41999816894531,111.83689919172427,12494.987812697285,414.79998779296875,87.59121970796873,7.429999828338623,52.05884110024168,31.9592022758207,31.485374586179663,314.14696598910876,2.799999952316284,1623128,186492,12130,205865,1272460,197251,2158,13739,169222,793279,954874,857167,490231,27106,1725998
2023-07-05,32.0,41.72499465942383,320.5780029296875,141.79637145996094,46.20000076293945,108.8234634399414,11782.7470703125,396.6000061035156,83.49362182617188,7.234000205993652,50.790470123291016,31.095441818237305,30.346208572387695,298.2468566894531,2.7639999389648438,32.18000030517578,42.97648593786206,326.5146326135706,149.80857419270265,46.900001525878906,111.10783869908327,12336.712044513759,413.29998779296875,85.2381447772457,7.369999885559082,52.17051859730504,31.50141114081715,30.91579425716828,302.9044691242665,2.7990000247955322,31.920000076293945,41.72499465942383,320.12133910785036,139.22454435458891,46.04999923706055,108.38603398232597,11650.850647883628,395.1000061035156,83.16905840890871,7.234000205993652,50.790470123291016,31.07816617738374,30.0614157299974,296.64078850641175,2.753999948501587,32.06999969482422,42.924339362822444,325.1446411480591,149.80857419270265,46.900001525878906,111.10783869908327,12257.574191056436,410.70001220703125,85.2381447772457,7.369999885559082,51.827501190659525,31.354569841057632,30.91579425716828,301.2984009412251,2.7790000438690186,1675309,171112,14362,493622,1581750,431431,3714,48165,555955,902686,1723685,4328947,1528430,80705,3520764
2023-07-06,31.5,42.34204864501953,328.7979431152344,143.23065185546875,46.25,105.81005096435547,11905.8505859375,409.1000061035156,84.06159973144531,7.188000202178955,50.559139251708984,30.88813591003418,30.093055725097656,300.65594482421875,2.871000051498413,31.899999618530273,42.81135453456456,329.7112707349989,143.23065185546875,46.5,108.24023131455344,11905.8505859375,412.20001220703125,85.03528994348135,7.349999904632568,51.08563063115143,31.19909084018412,30.377848526560413,305.79535786691434,2.9119999408721924,31.219999313354492,41.203540014413015,319.664666917589,139.1256207505764,45.619998931884766,105.81005096435547,11448.609647629708,393.1000061035156,82.2765102951773,7.104000091552734,50.144327400778735,30.51672118234555,29.705420408047132,295.51653178152316,2.7070000171661377,31.764999389648438,41.71630303854097,320.5779945373535,141.45015734572107,46.0,107.9000075487901,11782.747256393095,395.0,83.41247911395332,7.199999809265137,50.65486412714245,31.000425922586416,30.140519180162784,299.85291077046463,2.75,2492903,234239,10424,280648,1070360,498121,5414,37663,720888,2920103,1715417,4009090,2498022,68334,4997200
2023-07-07,32.0,43.10684585571289,334.73455810546875,143.42848205566406,45.619998931884766,109.01788330078125,12196.458984375,418.20001220703125,86.0901107788086,7.122000217437744,51.691890716552734,31.656888961791992,30.46487045288086,305.95599365234375,2.7869999408721924,32.08000183105469,43.576155068287285,335.1912218955171,144.17035351457267,46.29999923706055,109.2609013164244,12232.78499773129,419.6000061035156,86.41467417343492,7.285999774932861,51.77963977922647,31.812366436193045,30.55189082395744,307.24085312019395,2.884999990463257,31.40999984741211,42.16823074587805,325.60128230450096,141.54908039712765,45.380001068115234,105.90724825075617,11715.139307404132,404.6000061035156,84.46729999620888,7.056000232696533,50.686768962520944,30.853589775717094,30.124704575223667,301.45899776819596,2.744999885559082,31.5,42.16823074587805,328.3412650447913,143.28011380124772,46.29999923706055,105.95585482041331,12032.991924271686,406.29998779296875,84.79186339083519,7.21999979019165,50.686768962520944,30.888137762812736,30.203812357419583,304.0287167038964,2.8359999656677246,1716179,539614,12531,194668,1161430,401702,6430,20433,360294,1579429,2145109,2218787,976168,108126,3597892
2023-07-10,31.950000762939453,43.97593688964844,339.75787353515625,143.9230499267578,46.58000183105469,108.92068481445312,12141.970703125,407.29998779296875,86.33354187011719,7.052000045776367,52.258270263671875,31.725984573364258,30.25127410888672,299.5317077636719,2.7850000858306885,32.119998931884766,44.028083464445025,344.32451162030617,143.9230499267578,46.70000076293945,109.45532003459633,12260.030253716342,418.0,86.69867184958474,7.139999866485596,52.258270263671875,31.803723301602478,30.559798636101814,305.1529462471724,2.811000108718872,31.469999313354492,42.62884853622015,333.3645802159463,140.26315408132336,45.599998474121094,106.49050449656102,11751.466035784406,407.0,85.40042435638279,7.019999980926514,51.564256568381886,31.26819167095654,30.09305555145724,297.7650230090526,2.747999906539917,31.8700008392334,43.011250120767,336.1045630670363,142.63713649635866,45.619998931884766,107.90000611440973,12169.215214799926,418.0,86.00897844918362,7.125999927520752,51.73177585633236,31.527319666753527,30.456956121107456,305.1529462471724,2.7790000438690186,1113246,262266,14008,133594,684700,351877,1521,16206,304037,1380349,1063803,1635592,677229,39525,772505
2023-07-11,32.11000061035156,44.72335433959961,334.2779235839844,142.98336791992188,46.65999984741211,110.57319641113281,12450.740234375,416.79998779296875,86.25240325927734,7.064000129699707,52.82464599609375,31.846912384033203,30.069324493408203,308.2044982910156,2.808000087738037,32.27000045776367,45.38386435596577,340.6712172044431,145.55518002432464,47.08000183105469,112.12851021804713,12450.740234375,420.0,87.18551459001722,7.124000072479248,52.85655530088535,31.99375367600555,30.646822751504104,308.5257315577212,2.8299999237060547,31.729999542236328,43.906411230214125,333.8212597539516,142.19203531340793,46.5,109.98995466058008,11996.665098183352,408.0,85.80612777807205,6.960000038146973,52.138611158268304,31.57050873501733,29.950662824111728,301.4590163033766,2.7720000743865967,32.20000076293945,44.2888094976323,339.7578895443776,144.36818866126075,46.70000076293945,109.98995466058008,12314.517693517504,408.5,86.779811858206,7.052000045776367,52.617238557987136,31.881463663908036,30.456959855754054,301.9408416967774,2.7850000858306885,1334643,370207,8374,127768,796620,413707,2199,20974,357712,1745037,1529823,2444969,929531,82239,1738897
2023-07-12,32.95000076293945,46.757022857666016,338.38787841796875,148.86886596679688,46.599998474121094,116.3570327758789,13104.609375,432.8999938964844,90.22827911376953,7.202000141143799,53.60640335083008,33.32394790649414,30.89997100830078,320.57122802734375,2.809999942779541,33.0,46.913459261064574,340.67119743563387,150.05585722824824,46.810001373291016,116.3570327758789,13159.09839527027,433.0,90.34999116337322,7.25,53.88560824982378,33.3930471704442,30.939524897734707,321.69547088531743,2.8399999141693115,31.950000762939453,44.60168090733627,334.27790418617155,142.93389456612724,45.97999954223633,111.01063597902642,12396.252111486487,416.70001220703125,86.33353686017583,7.059999942779541,52.65712738691556,32.01102894152946,30.195898498196314,307.8832743254793,2.7780001163482666,32.1349983215332,45.01884354462777,334.27790418617155,142.93389456612724,46.720001220703125,111.69109093023715,12532.474662162162,416.70001220703125,86.94209091766221,7.073999881744385,52.82464667466518,32.02830458126481,30.195898498196314,309.1681338088734,2.808000087738037,2711659,367726,10128,302756,1023300,976945,3353,26653,596140,1544991,2111625,3134190,1509102,87087,1566651
2023-07-13,32.27000045776367,47.539207458496094,339.75787353515625,152.38040161132812,46.119998931884766,119.56486511230469,12841.2451171875,436.0,91.44539642333984,7.239999771118164,53.55854034423828,33.68672561645508,30.805038452148438,314.78936767578125,2.809999942779541,33.55500030517578,47.79993370655996,342.04119257773124,156.43595655547375,47.04999923706055,119.66207083644879,13295.320262774045,442.79998779296875,91.89167191991451,7.297999858856201,54.212665860126755,33.816291263745654,31.05027739825098,321.8560579637997,2.8380000591278076,32.189998626708984,46.40939150667659,337.0178906840663,149.51182289660636,46.06999969482422,116.2112194232442,12814.000608452308,433.0,89.4168826944234,7.182000160217285,53.37506945409254,33.01299215852319,30.536067775631196,312.54088199504514,2.7750000953674316,33.13999938964844,46.67011775474046,340.6712011521862,150.896658684428,46.33000183105469,116.64864889005335,13104.608701627696,435.0,89.8225854402067,7.202000141143799,53.678198712551,33.32394707602754,30.931612710640763,318.80453818184986,2.799999952316284,2762626,293804,14755,386534,961620,942139,3553,19062,737113,1064789,1561834,2460250,1460170,60436,1659409
2023-07-14,33.130001068115234,47.55658721923828,358.4810791015625,152.52877807617188,46.779998779296875,117.66932678222656,13086.4462890625,450.0,91.03968811035156,7.239999771118164,53.23945236206055,33.63490295410156,30.53606605529785,323.301513671875,2.812000036239624,33.45500183105469,48.32138373241942,360.7643980767317,154.50710208518424,47.099998474121094,119.51625777812305,13122.772302356221,453.3999938964844,92.3785083276722,7.309999942779541,53.877626256679214,34.06678410639096,30.94743312666451,325.22879049197803,2.875,32.09000015258789,46.94822379464704,340.6711910952428,149.9569659205044,46.040000915527344,116.74585386795701,12732.267659448735,435.6000061035156,90.26885541671386,7.1620001792907715,53.10384238742921,33.37577492172626,30.417404392141133,312.5408622951997,2.7760000228881836,32.27000045776367,47.41753300635862,340.6711910952428,152.3309486939535,46.040000915527344,119.27323976115548,12732.267659448735,435.6000061035156,90.83683674986456,7.199999809265137,53.55853930936988,33.384414389967404,30.78921455802069,312.5408622951997,2.802000045776367,1871146,186979,40415,179123,652750,565149,3196,33947,368836,1382285,1624489,1416158,1189466,60786,1824435
2023-07-17,33.04499816894531,48.16495132446289,363.5043640136719,157.7713165283203,47.13999938964844,114.89891815185547,13204.505859375,454.3999938964844,90.55284881591797,8.317999839782715,53.327205657958984,33.773101806640625,30.219633102416992,322.1772766113281,3.441999912261963,33.26499938964844,48.755932607059975,367.1576742047641,158.85940061070806,47.400001525878906,116.30842713313447,13313.483899479883,458.5,91.48596634042345,8.720000267028809,54.01324051900602,33.945854911289224,30.789215746648196,325.06817963938215,3.5980000495910645,32.775001525878906,46.89608111225147,357.1110711792606,150.55043193812227,46.7599983215332,113.73243460956799,12986.549779165234,447.20001220703125,89.74144334948406,7.579999923706055,52.968236617538516,33.44487453229884,30.10096841691099,318.00148967156485,3.3010001182556152,33.0,47.53920897224744,358.0243987270336,152.1330969500659,46.810001373291016,115.19054274558809,13086.446315928044,450.0,90.10657952369877,7.590000152587891,53.08789499303794,33.56580071705543,30.53606723415248,322.33786872030066,3.4600000381469727,1365450,207843,21423,283203,892510,407120,1812,22721,353437,15448366,1324049,1217932,1244041,32588,32700418
2023-07-18,32.900001525878906,49.10356903076172,379.0309753417969,157.72186279296875,47.189998626708984,113.73243713378906,13131.853515625,466.0,92.82478332519531,8.59000015258789,54.0930061340332,34.498661041259766,30.694286346435547,333.0985412597656,3.4600000381469727,33.290000915527344,49.3469130907216,379.4876391675099,157.9691532693119,47.439998626708984,115.91959938636192,13240.831553099066,469.3999938964844,92.94649537897538,8.65999984741211,54.0930061340332,34.550487959395724,30.773397144081073,333.0985412597656,3.559999942779541,32.619998931884766,48.16495054466362,363.5044052675546,154.80383819080234,46.790000915527344,112.5173469934708,12932.060446922544,454.5,89.41687677201433,8.130000114440918,53.398998570178954,33.18574210340377,29.982307274235993,321.0530295289642,3.252000093460083,33.04999923706055,48.16495054466362,363.5044052675546,157.87024613482237,47.439998626708984,115.09333957420984,13168.179528116354,456.79998779296875,89.41687677201433,8.317999839782715,53.44685948187172,33.64353830945985,30.449050418155323,324.26516599051126,3.450000047683716,1778961,249831,27543,159922,539790,426129,1075,19179,406411,5821920,1518724,1986671,1437046,58890,11494577
2023-07-19,32.5,50.23338317871094,401.8641357421875,158.26589965820312,47.400001525878906,113.3436050415039,13095.5263671875,465.79998779296875,93.27104949951172,8.446000099182129,56.19099807739258,34.45547866821289,30.686376571655273,326.0318603515625,3.3410000801086426,33.20500183105469,50.33767301272427,405.5174460671165,159.2550615310669,47.66999816894531,114.8989189136395,13195.422892873396,471.8999938964844,93.71732495168493,8.592000007629395,57.03657330045603,34.67141924978353,31.31133828894465,336.4713041559229,3.499000072479248,32.435001373291016,49.277385850408336,373.09431693337183,154.8532942155056,47.029998779296875,112.56595181359688,12777.673785459649,460.8999938964844,92.33793822947466,8.333999633789062,54.10896323646178,34.29136501241624,30.638910093383355,326.0318603515625,3.299999952316284,33.0,49.520729901544115,379.4876100019975,158.06807030231286,47.439998626708984,114.65590088935826,13195.422892873396,470.0,93.10877089355711,8.59000015258789,54.244573208825315,34.49866612552866,30.836682559530498,333.25916760073505,3.4600000381469727,1549756,298291,40467,232119,1025780,405786,1250,20557,622903,2623399,3889750,1309185,1664316,55543,7559871
2023-07-20,32.470001220703125,49.88574981689453,413.7373962402344,158.46372985839844,47.2400016784668,114.31568145751953,12768.59375,463.1000061035156,92.82478332519531,8.350000381469727,56.06336212158203,34.23953628540039,30.417404174804688,325.8712158203125,3.390000104904175,33.07500076293945,50.80698277175232,420.13068933886933,158.612113196166,47.5,116.16261999509928,13059.201858108108,469.70001220703125,93.83904012247557,8.550000190734863,56.948825514499006,34.46411632361476,30.99489938112539,330.047002787192,3.4679999351501465,32.22999954223633,49.7293134065764,397.29749970088733,155.49624422399617,46.900001525878906,113.44081505378999,12732.267736486487,458.6000061035156,92.4190806062832,8.350000381469727,55.76023286726204,34.00632007417391,30.25918560729136,324.10455557021345,3.3259999752044678,32.45000076293945,50.024804035475746,401.4074738357241,156.83161879684218,47.040000915527344,113.73243966047377,13059.201858108108,465.0,93.14934673843143,8.479999542236328,55.84000308302232,34.291363208447926,30.670552675718742,326.0318324369829,3.3410000801086426,1675445,218083,46414,167285,769450,348970,2566,16912,570366,1828710,2105845,1554365,1273288,48813,4838958
2023-07-21,32.66999816894531,48.92974853515625,410.9974365234375,158.01861572265625,47.5,113.05198669433594,12877.5712890625,454.70001220703125,91.44539642333984,8.34000015258789,56.04741287231445,34.058143615722656,30.678462982177734,326.0318603515625,3.4649999141693115,32.85499954223633,50.35505508614614,417.8473937988281,159.05723875078354,47.7400016784668,115.04473002306416,12932.06030721086,465.70001220703125,93.47391015225628,8.368000030517578,56.270771920277014,34.37773470530581,30.686375570515747,328.2803461375311,3.4800000190734863,31.950000762939453,48.72116886761893,398.210849609375,154.75437838857604,47.2400016784668,112.42013835446738,12732.267240666873,450.3999938964844,91.40482986308109,8.166000366210938,55.78416567175389,33.8422030669519,30.06141387361567,322.81972379637466,3.359999895095825,32.5,49.45120433462765,412.824091796875,158.26590620109545,47.45000076293945,114.70450627584924,12768.59325276578,463.1000061035156,93.27105877936464,8.350000381469727,56.04741287231445,34.07541925502327,30.67055341160797,325.8712437211403,3.390000104904175,2588500,199370,34806,251656,910840,328314,2825,20120,403238,2004825,1491683,1300382,1583748,49121,3005656
2023-07-24,32.70000076293945,50.024803161621094,405.060791015625,156.53488159179688,48.0,113.73243713378906,13122.7724609375,461.0,92.62193298339844,8.531999588012695,56.73344802856445,34.37773513793945,30.76548194885254,325.2287902832031,3.5160000324249268,33.84000015258789,50.21600063675905,413.7374032245279,158.26591503751973,48.0,113.73243713378906,13213.587495269247,468.79998779296875,92.90592365165074,8.59000015258789,56.8850096199127,34.37773513793945,30.884146626382883,328.9227518149111,3.5450000762939453,32.41999816894531,48.84284066667073,402.3208082128136,154.95221640405614,47.45000076293945,112.07991750948489,12859.408861375432,454.5,90.99912208991982,8.350000381469727,56.143135014420295,33.695362204438496,30.520246041349726,322.0166540828752,3.436000108718872,32.84000015258789,48.84284066667073,410.99742042171647,155.7930101150585,47.5,112.90617732163697,12932.06088884083,454.6000061035156,91.56710342642442,8.39799976348877,56.143135014420295,33.695362204438496,30.599353814524548,322.1772706955533,3.4600000381469727,3314703,122875,14672,200447,1040170,445215,1110,19997,398113,1709026,1513324,1135585,1364645,56110,2295947
2023-07-25,33.290000915527344,49.71192932128906,410.9974365234375,156.04029846191406,47.599998474121094,119.56486511230469,13004.712890625,464.29998779296875,92.33794403076172,8.489999771118164,56.21493148803711,34.24817657470703,31.880918502807617,324.42578125,3.5950000286102295,33.334999084472656,50.581018983146166,414.1940832519531,157.27675090614474,48.08000183105469,119.56486511230469,13131.853938438373,466.70001220703125,93.43334016610551,8.552000045776367,57.020624689505176,34.37773894294548,31.880918502807617,327.9591264414905,3.5999999046325684,32.89500045776367,49.19047353498643,405.51747070312496,154.50709441238527,47.5,115.43355879744863,12850.327332565903,458.0,91.81052924247548,8.383999824523926,56.111224726949835,33.781744141068586,30.781304157912498,322.8197130259901,3.5,33.0,50.30291055657701,405.51747070312496,156.83163104490444,48.0,115.43355879744863,13131.853938438373,459.6000061035156,92.90592537781927,8.531999588012695,56.86107816709304,34.37773894294548,30.781304157912498,322.8197130259901,3.509999990463257,1245589,115216,24383,183936,947970,1084771,1319,18677,482399,1106596,1449854,1649970,1490194,59919,3109481
2023-07-26,33.20000076293945,49.15571212768555,399.580810546875,156.13922119140625,47.5,117.45777893066406,12668.6962890625,469.8999938964844,92.5002212524414,8.395999908447266,55.855953216552734,34.19635009765625,31.32715606689453,321.213623046875,3.549999952316284,33.595001220703125,50.11170942298129,416.0207067522322,157.57350301259277,47.599998474121094,119.71187366101614,13059.200905857975,470.1000061035156,92.86535122854076,8.526000022888184,56.79725634424923,34.360463750901324,31.999584233184283,329.8863810664788,3.6489999294281006,32.994998931884766,48.96451134250082,397.2974916294643,151.58907014480044,46.900001525878906,116.86975649404077,12496.147737455196,461.29998779296875,91.97280647210611,8.36400032043457,55.76023139459941,33.92858259447475,31.240138720503158,316.3954187011719,3.5420000553131104,33.33000183105469,49.71192897697136,412.36739648437504,156.28758944782035,47.58000183105469,119.27085122571546,13059.200905857975,462.1000061035156,92.5002212524414,8.5,56.39839918990456,34.23953755430056,31.880919551554264,326.51365272847937,3.5959999561309814,963547,73224,20078,184105,848900,540682,3286,18827,448355,961724,1146014,1070660,700584,56397,2584758
2023-07-27,34.650001525878906,50.58102035522461,381.77093505859375,162.51930236816406,46.0099983215332,117.70278930664062,12459.822265625,477.0,95.46185302734375,8.454000473022461,56.39840316772461,34.96509552001953,32.15780258178711,321.213623046875,3.578000068664551,34.75,50.58102035522461,405.0607887523596,163.70629362348868,47.81999969482422,119.56486659326949,12823.082389987245,479.29998779296875,95.62413164214524,8.498000144958496,56.75737828359989,35.06874606752691,32.31601813251563,322.8196911621094,3.6050000190734863,33.369998931884766,49.15571380156583,381.77093505859375,156.2875794109439,46.0099983215332,116.62474692294319,12260.029197225766,470.20001220703125,92.74364599095856,8.303999900817871,56.015503680750776,34.135884549977526,31.350890598445247,313.9863165283203,3.4489998817443848,33.47999954223633,49.15571380156583,397.75416798568796,156.2875794109439,47.619998931884766,117.60478681305194,12732.267358896685,470.6000061035156,92.74364599095856,8.399999618530273,56.23886272916511,34.135884549977526,31.36671275707174,315.27117592183873,3.5510001182556152,2659617,179304,29702,541173,1775510,576768,5926,26240,786323,1543072,1223040,1673724,1091338,89286,3586279
2023-07-28,35.31999969482422,50.563636779785156,385.8808898925781,162.61822509765625,45.91999816894531,117.9968032836914,12432.578125,477.0,95.78641510009766,8.392000198364258,56.198974609375,34.9996452331543,32.276466369628906,322.9803161621094,3.565000057220459,35.45000076293945,50.737455375177134,390.90419141780694,162.6676862158327,46.2599983215332,118.29081076201356,12641.452702702703,480.70001220703125,95.98926646101228,8.449999809265137,56.55794972546036,35.103295776018975,32.33975500830123,323.14090827380966,3.5840001106262207,34.474998474121094,50.25076397114239,379.9442608173077,160.34316459568106,45.65999984741211,116.23272850531477,11951.258445945947,475.0,94.48816143781826,8.263999938964844,56.01550371353197,34.576400299387224,31.99958611985847,318.32270380300736,3.4820001125335693,34.599998474121094,50.40720037546377,382.6842434674325,162.22256633907296,46.18000030517578,117.60478583548426,12350.844594594595,475.0,94.85329760178395,8.449999809265137,56.39840320072988,34.671414669926236,31.99958611985847,318.80452915141865,3.5789999961853027,2774887,133002,19135,243327,1594820,309571,2150,20357,267802,1640640,1263201,1235894,661336,83416,4036196
2023-07-31,35.31999969482422,50.44196701049805,376.7476501464844,161.57962036132812,44.630001068115234,121.5739517211914,12532.4755859375,478.20001220703125,95.98926544189453,8.522000312805176,57.028594970703125,35.120574951171875,32.062870025634766,319.1257629394531,3.7230000495910645,35.79999923706055,50.824365285188314,383.59760742187495,163.70631264533682,46.33000183105469,122.79900158747866,12659.616642606432,481.0,97.04408879313216,8.699999809265137,57.21207194197767,35.31923988457473,32.30019939019221,322.9803415227523,3.75,35.060001373291016,50.12909418788142,371.72434814453123,160.49153611302657,44.41999816894531,117.99680461621043,12369.008513077446,473.1000061035156,95.7864140831336,8.227999687194824,56.382448319750274,34.8959982031922,31.936295772829304,316.23483512864306,3.5290000438690186,35.45500183105469,50.54625684626556,381.77095214843746,162.81607287375516,45.970001220703125,117.99680461621043,12487.068065698597,477.0,95.86755338853153,8.369999885559082,56.39839992825893,34.96509747372761,32.20526643726194,321.2136566087414,3.549999952316284,2463837,172229,27789,304425,2615800,947767,1997,12501,502814,3676803,1878683,1569968,1017763,76740,6501976
2023-08-01,35.779998779296875,50.059566497802734,383.14093017578125,159.0572509765625,44.90999984741211,119.71187591552734,12550.63671875,470.6000061035156,95.09671783447266,8.821999549865723,56.717491149902344,34.835533142089844,32.25273132324219,315.7530212402344,3.740000009536743,35.779998779296875,50.702694348723384,388.62089580404034,160.73882334051893,45.31999969482422,122.6029906450211,12577.88122682254,481.1000061035156,96.55725014480878,8.84000015258789,57.00466881333093,35.111936798633295,32.260640893378884,319.60757515807126,3.759999990463257,35.185001373291016,49.65978602266204,377.20430074516725,157.17783413991717,44.630001068115234,119.41786095312308,12314.517648787989,466.1000061035156,94.366457869837,8.498000144958496,56.55795070847656,34.420924362283166,31.77016606516562,312.380268182135,3.681999921798706,35.29999923706055,50.44196809603659,377.20430074516725,160.73882334051893,44.93000030517578,121.5739532308284,12541.555216059152,481.1000061035156,96.43553808719204,8.5600004196167,56.95680789811874,35.111936798633295,31.99958283011482,317.68029819915284,3.681999921798706,1883465,131929,39788,202070,2084210,445828,1273,19849,486899,3295534,1038933,1337009,739286,79799,3544087
2023-08-02,34.07500076293945,49.972660064697266,380.40093994140625,157.57350158691406,44.400001525878906,115.79171752929688,12287.2744140625,461.29998779296875,93.75789642333984,8.710000038146973,55.74427795410156,34.15315628051758,31.390445709228516,308.846923828125,3.694999933242798,35.32500076293945,50.33767616425378,386.7942330496652,158.66157067540487,44.95000076293945,118.29081482793394,12605.127041181635,469.0,94.97500452304293,8.815999984741211,56.63772023900051,34.55048607963552,31.809722366978587,314.3075459773663,3.759000062942505,34.07500076293945,48.72117203224233,378.1176209741709,153.51793155626711,44.18000030517578,115.79171752929688,12260.029903166575,450.79998779296875,92.94649102353779,8.649999618530273,55.72832634458446,34.12724117536389,31.350891820005202,308.0438897175509,3.680999994277954,35.21500015258789,50.233386323711095,382.2275951151945,157.87025319047103,44.95000076293945,117.84979985673657,12405.333961278178,469.0,94.20416567891182,8.800000190734863,56.62974139120313,34.55048607963552,31.801812796241247,312.70147775621814,3.7049999237060547,2038957,172510,15307,246522,1243460,413937,1651,32871,536980,2805278,1822182,1608455,902914,56256,2862363
2023-08-03,34.66999816894531,50.059566497802734,379.0309753417969,160.9366455078125,44.7400016784668,116.13472747802734,11778.7099609375,458.79998779296875,93.63618469238281,8.612000465393066,55.345420837402344,34.36045837402344,31.422088623046875,309.1681213378906,3.7009999752044678,34.83000183105469,50.4593502882576,386.337596553205,160.98610662376825,44.81999969482422,116.42874243717056,12278.192650106013,463.5,94.32587804644398,8.699999809265137,55.86393639547192,34.46411220773965,31.540750285412262,313.504500476104,3.73799991607666,33.33000183105469,49.59026056909218,377.20432003894484,155.79300641009831,43.75,114.07664519535793,11533.509368072957,452.20001220703125,92.17565249157994,8.5,54.842862974947145,33.85947802435995,30.979077237352193,307.56205317509637,3.634000062942505,34.04999923706055,49.90313008312782,386.337596553205,156.28758738282878,44.099998474121094,115.64470753086268,12260.029643227159,461.29998779296875,93.71732399453143,8.65999984741211,55.76023571828907,33.96312856308494,31.461642510502006,309.3287379568322,3.694999933242798,2200770,169557,8644,264370,1585690,444773,5148,17762,383634,2375436,1724298,1502623,751536,42846,2181437
2023-08-04,34.95500183105469,51.58916473388672,387.70758056640625,161.3323211669922,45.119998931884766,117.16377258300781,12414.4150390625,467.0,95.21842956542969,8.670000076293945,56.175045013427734,34.844173431396484,31.691057205200195,315.4317932128906,3.7260000705718994,35.584999084472656,51.58916473388672,390.4475634679356,163.0633545911298,45.630001068115234,117.40878255706085,12496.148568946597,468.79998779296875,96.151547083247,8.760000228881836,56.43829221871076,34.930548348649104,31.778074544790034,318.48333757945863,3.759999990463257,34.52000045776367,50.21600142687846,381.7709509464259,160.3926052334437,44.20000076293945,115.49770027318053,11851.361833194265,461.1000061035156,93.7579034506365,8.588000297546387,55.72034806161056,34.42092842887813,31.429996133126753,312.8620987273485,3.684999942779541,35.0,50.35505564521855,381.7709509464259,161.62905767925628,44.959999084472656,116.47774016939269,11887.687846476088,462.6000061035156,94.08246068245785,8.612000465393066,56.10325364075657,34.541857926020434,31.72269850242924,313.50451622206987,3.7019999027252197,1076579,334760,20072,208629,1518620,279308,2304,12010,284400,1608817,1594373,871458,778302,30979,1780069
2023-08-07,34.689998626708984,50.98080062866211,379.94427490234375,160.68934631347656,43.77000045776367,115.39969635009766,12341.7626953125,461.1000061035156,95.13729095458984,8.645999908447266,55.496986389160156,34.45547866821289,31.809720993041992,313.66510009765625,3.7909998893737793,35.07500076293945,51.5370174948572,387.7075593654926,161.23338837268042,45.04999923706055,117.01676365424733,12432.577726183084,467.0,95.82698436306248,8.708000183105469,56.526038618067254,34.7664336328733,31.928385673354832,318.32268771470456,3.819000005722046,34.599998474121094,50.85912860359618,379.0309473184439,158.76048364303807,43.560001373291016,114.71367142208796,12196.458645919563,454.6000061035156,94.20417342993514,8.552000045776367,55.39328571595026,34.248177555100476,31.48537428699083,312.86206605977526,3.696000099182129,34.849998474121094,51.5370174948572,387.7075593654926,160.34314870737424,45.04999923706055,116.62474620519424,12432.577726183084,467.0,95.34014232123076,8.619999885559082,56.51805977056575,34.507305593986885,31.714791059452626,316.3954109251209,3.7219998836517334,810284,91595,14081,110863,1445740,263453,1300,11262,403745,1248317,2232132,1075913,965718,25718,5203441
2023-08-08,33.849998474121094,48.52996826171875,386.33758544921875,158.11753845214844,43.290000915527344,112.75359344482422,11905.8515625,448.1000061035156,91.24253845214844,8.470000267028809,55.44913101196289,33.86811828613281,31.366710662841797,306.7590026855469,3.799999952316284,34.5,50.99818310576866,390.4475597625083,160.93664085923564,43.88999938964844,114.46866326920026,12405.334274885583,460.0,95.17785975408555,8.633999824523926,55.863939832291514,34.39501380534697,31.865095046344248,312.54085756500416,3.819999933242798,33.720001220703125,47.8346971750809,376.29098157228873,157.52403526464954,42.849998474121094,111.92055354843843,11878.607050915332,441.3999938964844,90.71512987319637,8.40999984741211,54.930615421993586,33.57443897845565,31.366710662841797,302.5832158829773,3.7100000381469727,34.5,50.98080091418846,379.0309644478151,160.49152101531797,43.61000061035156,114.32165578883154,12332.682243993135,456.0,95.17785975408555,8.550000190734863,55.52092238841133,34.39501380534697,31.643590875898717,310.45296416371934,3.7960000038146973,1059252,313388,20716,142971,1831650,594525,2238,29546,558260,2088456,2763694,3630341,992658,55540,2245291
2023-08-09,33.790000915527344,49.52073287963867,379.94427490234375,153.61685180664062,43.02000045776367,113.34161376953125,12187.3759765625,448.3999938964844,91.1613998413086,8.62600040435791,56.21142578125,33.85948181152344,31.643590927124023,306.91961669921875,3.930000066757202,34.65999984741211,50.05956758897854,388.16422315744256,160.14531153359664,43.959999084472656,115.30169353216176,12269.109496524543,457.6000061035156,92.7436441618127,8.687999725341797,56.705192091040686,34.308638589557965,31.849272940332412,312.38023831177594,3.930000066757202,33.625,48.84284394481386,377.20429215064416,153.61685180664062,42.83000183105469,112.75359133616429,11878.604901150335,444.70001220703125,90.95854848154131,8.513999938964844,55.64835731348438,33.70400433855027,31.366710713618886,304.02868928394867,3.759999990463257,33.95000076293945,48.84284394481386,387.7075593654926,158.46373925968734,43.290000915527344,114.61566112897454,11996.664429984397,453.0,91.8510932264109,8.520000457763672,56.306714596211144,33.99768364361163,31.366710713618886,311.5772042801261,3.7890000343322754,2292088,205737,14632,175248,915130,369486,1806,18831,488542,3813845,2653791,1718718,1033576,50035,6357542
2023-08-10,35.439998626708984,51.60654830932617,383.14093017578125,157.7713165283203,43.459999084472656,113.92963409423828,12396.2509765625,452.29998779296875,92.09451293945312,8.965999603271484,57.3895378112793,34.16179656982422,31.983762741088867,315.1105651855469,3.984999895095825,35.779998779296875,51.81512798477195,388.16423200168543,159.25505931698788,43.95000076293945,115.39969388900265,12459.821494391026,455.0,92.94649108603089,9.017999649047852,57.62342434042915,34.464115336454725,32.19735736181394,317.84087613104407,4.050000190734863,33.900001525878906,49.36429524874199,379.9442835592968,154.4081722447053,42.65999984741211,113.43961416265016,12096.561392513735,444.70001220703125,91.161395490947,8.631999969482422,56.185440867431986,33.79037853610116,31.548663928990358,308.2044672598857,3.9100000858306885,34.11000061035156,49.5207316629834,379.9442835592968,154.7049087277091,43.040000915527344,114.02763658513375,12160.131910342261,449.0,91.161395490947,8.656000137329102,56.22009194749451,33.79037853610116,31.643593865612075,310.1317686394414,3.930000066757202,1643818,353941,13115,144452,944850,310364,1589,21137,499704,3501075,2236208,2666129,1452586,83767,6428116
2023-08-11,34.845001220703125,51.137237548828125,444.3338623046875,155.54571533203125,43.150001525878906,111.67554473876953,12169.2138671875,448.70001220703125,91.12083435058594,8.934000015258789,55.934226989746094,33.68672561645508,31.888832092285156,310.2923583984375,3.9830000400543213,35.529998779296875,51.60654677762309,449.81382771851713,157.2272876142354,43.66999816894531,113.68462954484617,12332.680919134795,451.6000061035156,92.09451841265661,9.017999649047852,56.982397405855046,34.08405543549228,32.06286980257676,315.27117941346637,4.050000190734863,34.66999816894531,50.04218599695395,410.0840784682522,154.50709227456554,43.0099983215332,110.94051480636752,12078.398838327892,439.8999938964844,90.26885615337487,8.821999549865723,55.92556256724429,33.44487325617005,31.611948841483795,306.9196300230851,3.9260001182556152,35.099998474121094,51.60654677762309,413.73738874413857,156.38650901984002,43.130001068115234,113.68462954484617,12296.35490759095,449.0,92.09451841265661,8.9399995803833,56.774497528937204,33.95449308319299,32.06286980257676,312.0590431474232,3.984999895095825,1480878,104376,184846,122062,452170,426354,982,13807,352665,2292044,1769360,1867942,1046626,48495,2427836
2023-08-14,35.0,50.163856506347656,455.2938232421875,155.54571533203125,43.33000183105469,110.25448608398438,11969.421875,448.1000061035156,89.09232330322266,8.831999778747559,55.57040023803711,33.34122085571289,31.667325973510742,310.934814453125,4.039999961853027,35.060001373291016,51.27629021624019,461.2304528331087,156.18866455676968,43.7599983215332,112.11656334438051,12114.725934180577,454.79998779296875,90.67456149743471,8.899999618530273,55.95154890872401,33.86811634472402,31.896742756040616,312.7014747755545,4.059999942779541,34.54499816894531,49.97265571921714,432.9172963225614,154.50709227456554,43.150001525878906,109.56846116141726,11924.01435650607,442.5,88.56490850830782,8.76200008392334,55.275872660314754,33.18574339026726,31.58030560649815,303.38627428035613,3.930999994277954,34.59000015258789,50.42458274268947,441.13724498691386,154.952212129647,43.150001525878906,111.67554091377805,12078.399919385432,448.70001220703125,90.3905708203367,8.899999618530273,55.916904436948926,33.444874696004256,31.659416402767924,304.51054162976834,3.9800000190734863,547776,73275,58402,80213,1179070,369195,733,9778,517309,1791119,1006257,1009126,494697,43124,2782192
2023-08-16,34.154998779296875,48.40829849243164,445.703857421875,148.4237518310547,43.22999954223633,106.92234802246094,11914.9326171875,427.79998779296875,86.94209289550781,8.815999984741211,55.31918716430664,32.07149124145508,30.805038452148438,302.26202392578125,4.126999855041504,34.849998474121094,50.14647794770521,498.67685686955684,157.7218680118586,43.470001220703125,109.17644270799941,12005.747652379478,442.0,88.24034034290621,8.904000282287598,55.71766469650428,33.2548445266904,31.46164449279313,310.61357348726096,4.150000095367432,34.125,48.06066127525124,441.59388332679623,148.02807799976543,42.68000030517578,105.94230815520262,11696.976532726754,424.1000061035156,86.0901147194324,8.697999954223633,55.08529731597088,31.916013782666056,30.670554622774,300.4953636472568,3.9860000610351562,34.599998474121094,50.14647794770521,454.8371331887167,155.29842428218865,43.20000076293945,108.78442526567392,11878.60660311071,439.79998779296875,87.9969162381612,8.800000190734863,55.336512705425115,32.89206598617687,31.437912762378435,310.61357348726096,4.020999908447266,1177349,292935,96482,301650,793210,870098,1606,22537,819798,2051004,2460390,3219860,1264371,52401,6509333
2023-08-17,34.334999084472656,46.51367950439453,451.183837890625,147.78079223632812,43.22999954223633,105.59929656982422,11760.5458984375,416.0,85.68441772460938,8.70199966430664,54.40095138549805,31.613697052001953,30.773393630981445,295.8377685546875,4.190000057220459,34.83000183105469,48.4082952489226,456.6638035330213,151.44070359896193,44.349998474121094,108.29440622705872,11933.094448298745,429.0,87.42894075030905,8.831999778747559,55.613709480260184,32.08876892579568,31.21640197614898,305.1529693628859,4.190000057220459,34.02000045776367,46.30509652499917,445.24720844469573,146.59380089136675,42.779998779296875,104.71725918657985,11642.486364321912,411.1000061035156,85.27871498330863,8.57800006866455,54.0197994079172,31.389120316656147,30.472778669783466,292.4650399130918,4.050000190734863,34.150001525878906,47.85207839095362,447.0738636588278,148.37429545551572,43.209999084472656,107.06935638286122,11914.931443050193,427.79998779296875,86.77981388801486,8.760000228881836,55.31052078269689,31.959203270217117,30.72592715781292,304.18931860434043,4.11899995803833,1083244,286155,76752,183961,1318740,659560,1745,32829,540961,2000726,1687370,1650508,1051497,70241,3663618
2023-08-18,34.47999954223633,47.79993438720703,441.13720703125,152.33094787597656,39.619998931884766,104.1782455444336,11760.5458984375,419.5,85.92784118652344,8.883999824523926,54.20170974731445,31.760540008544922,31.034452438354492,297.4438171386719,4.197999954223633,34.84000015258789,47.79993438720703,451.6404738653274,152.6771606130604,41.880001068115234,105.06027548276566,11815.034914183158,422.1000061035156,86.1712591151173,8.937999725341797,54.40094849577397,31.89010237590597,31.05027459645938,299.37109402161735,4.21999979019165,34.119998931884766,46.11390153142592,436.1139055019086,148.37429987919793,39.529998779296875,103.19820563329918,11624.32335907336,413.8999938964844,84.62959366242534,8.59000015258789,53.16220050380106,31.31138321937829,30.60726322282676,292.78622929599914,4.119999885559082,34.334999084472656,46.148662600432395,451.1838100899327,148.37429987919793,41.0,104.37425053581603,11715.13838531612,418.1000061035156,84.79187228148791,8.600000381469727,54.31432410235984,31.354570675165306,30.61517581076325,293.7498554841443,4.170000076293945,1079481,257653,50411,209938,6419270,487162,683,30104,475067,2358238,1966521,2070881,979116,38945,5634206
2023-08-21,33.51499938964844,47.86946105957031,432.9172668457031,153.91360473632812,38.470001220703125,105.69730377197266,11642.4873046875,420.20001220703125,86.6581039428711,8.850000381469727,55.47511291503906,32.01103210449219,31.050273895263672,302.26202392578125,4.267000198364258,34.400001525878906,48.70378635484431,436.57057711444327,155.9413746495978,40.16999816894531,106.38333620156044,11914.932405421216,425.70001220703125,86.73924324920907,9.050000190734863,55.804288277927846,32.192421397149175,31.31133497144677,305.7953689894855,4.309999942779541,33.41999816894531,47.27847981325606,426.52397387540793,152.33093958637699,38.060001373291016,103.73722393391249,11442.694230816107,415.6000061035156,85.60327438888051,8.807999610900879,54.20171374986231,31.613698941301855,30.781303249090794,297.44381942800584,4.197999954223633,34.32500076293945,47.27847981325606,435.65724954725823,152.87498167501104,39.90999984741211,104.57025636966581,11905.850902063426,422.5,85.60327438888051,8.880000114440918,54.20171374986231,31.76917641929118,31.08982778074862,297.44381942800584,4.199999809265137,1351738,144829,49037,239465,4569490,411044,1905,15211,443158,1123901,1433804,1143320,620140,40660,5873727
2023-08-22,33.404998779296875,46.896080017089844,444.7905578613281,155.3973388671875,38.439998626708984,107.5103759765625,11569.8349609375,415.79998779296875,85.1164321899414,8.819999694824219,55.7089958190918,31.708711624145508,30.87623405456543,301.29840087890625,4.46999979019165,34.08000183105469,48.56473398642958,451.18385130081333,156.93052772107757,38.9900016784668,108.34341588826325,11769.628029336734,426.0,87.26665785152129,8.899999618530273,56.45397750507056,32.244246595211834,31.200580753180944,305.7953721851675,4.5,33.404998779296875,46.77440798798141,429.26398807972123,152.42985319889044,38.15999984741211,106.4813385492852,11488.101432955995,411.70001220703125,84.91358082923637,8.715999603271484,55.397146017422635,31.622336716549786,30.67846160375675,299.37109945433076,4.267000198364258,33.779998779296875,47.88684175733181,429.26398807972123,154.80383569616305,38.70000076293945,107.1673635008034,11742.383520009567,420.20001220703125,86.65810376940617,8.836000442504883,55.67434473962562,32.14923221986163,31.050274776962866,302.2620270845384,4.269999980926514,1567244,161977,62314,205533,3477870,630445,2324,16803,454339,1247806,1596261,1480884,832405,52509,9057288
2023-08-23,33.32500076293945,46.51367950439453,439.3105773925781,158.06808471679688,37.29999923706055,110.00947570800781,11370.041015625,409.0,85.603271484375,9.163999557495117,55.579063415527344,31.976478576660156,31.23222541809082,304.0287170410156,4.584000110626221,33.599998474121094,47.29585821767066,445.7038706186656,158.06808471679688,38.66999816894531,110.00947570800781,11642.486087884385,417.0,86.09011349641669,9.22599983215332,56.012192002210625,32.209694777270926,31.390443984056926,305.4741686272899,4.5879998207092285,32.845001220703125,45.43600685559415,434.7439393739443,153.3695653922284,37.209999084472656,106.13832120177749,11251.9814843126,402.20001220703125,84.42673610606323,8.819999694824219,55.033317166535056,31.553233628516587,30.757572737960643,297.7650363182963,4.449999809265137,33.52000045776367,46.896077765419705,444.7905430149388,155.89193141673212,38.54999923706055,108.63741839083767,11624.323083067093,417.0,84.7918660674615,8.819999694824219,55.579063415527344,31.74326237604939,30.892056557482544,298.72868704691655,4.480999946594238,1897757,180644,58319,238256,5002510,577900,2382,18718,476736,2006888,1366324,1978827,1407268,54291,5877002
2023-08-24,32.779998779296875,46.35724639892578,437.9405822753906,153.27064514160156,37.4900016784668,107.65737915039062,11805.9541015625,412.1000061035156,86.86095428466797,8.95199966430664,55.145931243896484,32.304710388183594,31.18475914001465,303.5469055175781,4.400000095367432,34.189998626708984,47.79993522023297,443.87721164930105,161.57961479491607,38.0099983215332,110.64650377045417,11878.606126802884,423.29998779296875,87.67235971959049,9.378000259399414,55.665687527978584,32.64157714808047,31.61194836549193,308.0439016117626,4.599999904632568,32.61000061035156,46.21819217453403,435.65726328542513,153.07281576511133,37.040000915527344,106.92234924156624,11442.693975360577,412.1000061035156,86.37410607128871,8.95199966430664,54.05444866498913,32.27015910640146,31.113563953536595,301.6196284791154,4.390999794006348,33.880001068115234,47.13942848320074,440.2239012653562,158.71103600885914,37.5,110.254486323659,11479.01998798077,414.0,86.37410607128871,9.239999771118164,54.74745373925641,32.32198273408308,31.287601661207656,306.59842545292264,4.599999904632568,857874,170688,62494,225661,2398600,387155,1148,17361,329145,1693839,1812151,1546040,832398,45040,4001727
2023-08-25,32.564998626708984,45.55767822265625,433.8305969238281,154.40818786621094,37.72999954223633,108.24540710449219,11506.2646484375,413.79998779296875,86.33354187011719,8.824000358581543,54.193050384521484,32.07149124145508,31.517019271850586,302.26202392578125,4.309999942779541,33.15999984741211,47.03513130242663,438.85389857241984,155.39734982539636,38.0099983215332,109.56846698956468,11724.220727018796,418.0,88.56490687705356,8.920000076293945,55.09395534052909,32.65884979799333,31.841365984773574,306.5984030724481,4.420000076293945,32.09000015258789,45.55767822265625,431.5472779926501,150.45154002946921,37.0099983215332,106.28532724762779,11397.286609146853,405.0,85.31928504878248,8.67199993133545,54.14107376408476,31.87282633188939,31.066098305537366,296.31957661318927,3.990000009536743,32.5,46.061751815001294,438.85389857241984,151.83636073496334,37.119998931884766,106.82435219911001,11578.916674631266,406.0,85.68441502825003,8.850000381469727,54.57420235419744,32.07149124145508,31.168940829469506,299.5317129450396,4.353000164031982,620868,222813,91206,160789,3918750,520109,1680,17607,342119,2170966,1413646,1577612,1003381,40962,10006995
2023-08-28,32.93000030517578,47.539207458496094,429.72064208984375,153.17172241210938,38.959999084472656,111.13652801513672,11933.0947265625,426.8999938964844,88.8488998413086,8.918000221252441,55.440460205078125,32.76250457763672,32.07078552246094,308.6863098144531,4.257999897003174,32.9900016784668,47.539207458496094,436.5705991901069,156.2875762816249,39.11000061035156,111.28353549801889,11987.583743578767,427.6000061035156,89.33574189000379,8.920000076293945,55.51842017991294,32.822967675544966,32.14198373473156,309.3287518123404,4.359000205993652,32.2400016784668,45.71411709142079,429.72064208984375,151.93527006810916,37.939998626708984,108.58842572792,11415.449064907962,411.0,86.1712592876863,8.692000389099121,54.227698816288466,32.071495390834116,31.4616459325386,300.9771773864009,4.114999771118164,32.61000061035156,45.71411709142079,433.83061635000166,156.18865405673992,38.06999969482422,108.63742323747327,11706.057155661387,420.0,86.82038614630156,8.899999618530273,54.40095091533112,32.35653523883131,31.58822019682321,302.10144475603954,4.232999801635742,592261,177917,86487,128854,1720120,332408,965,9756,238606,1894044,1079066,1264857,1011466,36104,7094719
2023-08-29,33.09000015258789,48.39091491699219,432.46063232421875,154.2598114013672,39.5,113.6356201171875,11851.3623046875,432.0,88.32147979736328,8.631999969482422,55.024658203125,32.71931457519531,32.054962158203125,306.91961669921875,4.2210001945495605,33.279998779296875,48.77331319271003,433.83062376769567,154.55656302105047,39.75,114.0276375612359,12032.992378322559,436.3999938964844,89.57916068979091,8.937999725341797,55.57040116897549,33.151195695213765,32.371396298144965,313.18327234342576,4.517000198364258,32.68000030517578,47.539207406088295,428.35065799378793,150.94612774624449,38.41999816894531,110.69550050249069,11715.139749461207,426.70001220703125,87.91577708245529,8.600000381469727,54.73013062046859,32.56383710838936,31.904656168063383,305.6347573472483,4.040999889373779,33.0,47.799933653864734,429.26398562277257,153.32011051688207,39.04999923706055,111.43053040616489,11987.584859913793,428.5,89.01117317460043,8.930000305175781,55.44046126607952,32.85751640180156,32.19735857739589,310.29234492815567,4.257999897003174,889148,169414,94528,128467,2373340,605132,1256,17026,241412,2897307,971842,1438749,1559852,38572,11868752
2023-08-30,33.189998626708984,49.10356903076172,430.63397216796875,151.8858184814453,38.18000030517578,113.4886245727539,12396.2509765625,438.3999938964844,89.01117706298828,8.616000175476074,55.07663345336914,32.874794006347656,32.759029388427734,308.04388427734375,4.289999961853027,33.26499938964844,49.10356903076172,433.8306188330544,154.95221143083242,39.61000061035156,114.12564453258695,12568.799524954213,444.6000061035156,89.41687979561911,8.67199993133545,55.33650994817924,33.038907655563925,32.782761117387516,311.41661277819713,4.309999942779541,32.86000061035156,48.373533535567915,428.80731693077695,151.29231528173767,38.099998474121094,112.41057469002787,11796.871808464972,433.5,87.95635367246761,8.508000373840332,54.65216597838915,32.615662682859714,32.054959930117946,306.7590248217852,4.169000148773193,33.09000015258789,48.59949540334292,432.46062740516055,153.81468124037505,39.560001373291016,114.0276420370058,11851.360823746565,435.0,88.52433502193779,8.630000114440918,55.00733129234836,32.73659217148353,32.06286950051515,307.7226755401181,4.2129998207092285,465655,151836,105851,145445,1358550,343215,1210,15968,255743,1346706,850551,1240781,1359120,26763,1534960
2023-08-31,33.02000045776367,48.825462341308594,410.9974365234375,145.9508514404297,37.88999938964844,111.82254791259766,12605.125,429.0,87.55065155029297,8.486000061035156,54.617515563964844,32.26151657104492,32.695743560791016,298.407470703125,4.281000137329102,33.55500030517578,49.659787704284646,433.83062744140625,153.91360830387737,38.459999084472656,113.29260772076618,12723.184528097983,441.70001220703125,89.78201659532088,8.704000473022461,55.3538361635003,33.09936695214548,33.09919803934258,312.05905013969794,4.446000099182129,32.7400016784668,48.25186323984828,410.9974365234375,145.80246808913734,37.709999084472656,110.89151302493525,12305.435428674353,424.1000061035156,87.06380950584791,8.446000099182129,54.27101466816194,32.17514166979367,32.45841420165322,297.6044366186207,4.239999771118164,33.0,49.016663146900136,432.9172998046875,151.539610523924,38.18000030517578,112.80258778471001,12378.087445965419,440.0,89.25460180111689,8.60200023651123,55.0766341250544,32.84887512552905,32.79858306413136,311.57722478766425,4.269999980926514,2973731,274162,1285352,580779,2739240,757684,3775,79789,935919,4331602,3924671,3961301,4065008,187341,5703157
2023-09-01,32.650001525878906,48.26924133300781,407.3441162109375,148.8194122314453,37.77000045776367,115.54670715332031,12814.0009765625,428.0,88.52433013916016,8.458000183105469,55.05930709838867,32.7020378112793,33.41563415527344,304.8317565917969,4.107999801635742,33.29999923706055,49.10356662512214,418.30404758881025,149.8085741805987,38.33000183105469,116.28173708753087,12877.571498770818,429.79998779296875,88.6054694431044,8.534000396728516,55.60505004257063,32.857515272742695,33.51056408537638,305.95599945750104,4.380000114440918,32.540000915527344,47.991132902303036,394.5575296034193,143.42848262724203,37.150001525878906,111.92055499161492,12378.088824276887,422.0,86.25239867606102,8.342000007629395,54.57420189194816,32.11467924463786,32.52170184498056,299.0499011300949,4.090000152587891,32.7599983215332,49.10356662512214,410.99742667022844,146.19813910355424,37.540000915527344,112.16556496968511,12432.577843312589,429.0,86.90151929814702,8.486000061035156,54.57420189194816,32.201054147676935,32.75111860901673,299.5317265030128,4.260000228881836,1464510,128173,68866,232537,2118820,686008,1183,13173,218562,3408475,2130194,1069106,2031845,48878,8671171
2023-09-04,32.244998931884766,46.930843353271484,407.3441162109375,154.60601806640625,37.5,114.17464447021484,12423.49609375,418.29998779296875,86.73924255371094,8.210000038146973,54.16706085205078,32.399723052978516,32.893516540527344,296.6407775878906,3.990999937057495,33.150001525878906,48.80807695478978,411.4540904776398,159.45290565497706,37.9900016784668,116.42873915446255,12968.386273300439,433.8999938964844,88.60547134664971,8.454000473022461,55.44045997453371,32.87479496320615,33.51056564150238,308.3650797938849,4.1579999923706055,32.244998931884766,46.70488149216059,403.69080575164656,149.36345663599647,37.2400016784668,113.88062951936139,12296.355051854898,417.6000061035156,86.41467914042917,7.992000102996826,54.16706085205078,32.30471196592474,32.83022790567441,295.1953260790187,3.884999990463257,32.650001525878906,48.564732902006654,407.3441162109375,149.36345663599647,37.650001525878906,116.1347242036091,12723.18569250274,428.0,88.07806276441558,8.369999885559082,55.08529466000221,32.56384000196324,33.44727700664945,303.5468754221054,4.0329999923706055,1048881,98966,26727,454896,2479300,242352,1094,10962,297867,3445786,1901548,1839177,1685952,26415,8006922
2023-09-05,31.155000686645508,46.930843353271484,410.5407409667969,151.8858184814453,37.58000183105469,112.45957946777344,12714.10546875,422.79998779296875,85.31928253173828,7.889999866485596,53.52603530883789,32.106040954589844,32.73529815673828,293.42864990234375,3.940000057220459,32.275001525878906,47.27848055608801,411.4540685329076,158.26590995794217,39.20000076293945,114.9586842245684,12804.9205078125,428.5,87.14494475628103,8.210000038146973,54.487581367782504,32.68476337014425,33.257417326162006,299.3710972329426,4.014999866485596,31.155000686645508,46.235572262952495,403.690784220966,151.83635736590077,37.220001220703125,112.36157697237407,12269.11177734375,418.20001220703125,84.9947191203798,7.889999866485596,53.4567331439187,31.985114767904538,32.608723904083085,293.42864990234375,3.9079999923706055,32.220001220703125,46.96560773661595,406.88743070235375,154.65547492439197,37.59000015258789,113.19460939893536,12269.11177734375,418.3999938964844,86.4146786283575,8.210000038146973,54.18438935302469,32.39972024867907,32.830228091787625,296.6407862439275,3.9760000705718994,2084031,170653,93208,255934,6366020,330341,1786,16247,365495,1611014,1424624,1648007,1754444,45199,4342608
2023-09-06,31.700000762939453,44.67121124267578,391.3608703613281,149.3634490966797,38.27000045776367,110.7445068359375,12714.10546875,408.5,81.22168731689453,7.535999774932861,52.40856170654297,30.525360107421875,32.07185363769531,286.3619384765625,3.690999984741211,33.04999923706055,46.8613143366723,409.1707582774212,154.21033644059747,38.5,113.24361152971674,12904.81705078125,423.0,85.88726882729668,7.880000114440918,53.794571934003294,32.04558032024847,33.06281458142171,296.1589388864734,3.9189999103546143,30.940000534057617,41.71630498043594,389.99087898316714,148.96779036822588,36.95000076293945,109.61745947448587,12523.39388671875,385.8999938964844,76.84009648641035,7.388000011444092,52.23530960198316,29.36791848248882,31.70234402617288,276.8861222689592,3.5299999713897705,31.5,46.8613143366723,409.1707582774212,152.03418324727548,37.709999084472656,112.26357164621288,12714.10546875,422.79998779296875,85.35985402714472,7.880000114440918,53.534695429418115,32.03694414696174,32.81087606431223,291.6619679477096,3.878999948501587,3174853,753003,74202,224520,2041880,500068,3186,65869,1372642,3424408,2020062,4684858,3298281,146474,9535364
2023-09-07,31.575000762939453,42.62015914916992,398.66748046875,146.2476043701172,38.650001525878906,107.0693588256836,12169.2138671875,401.3999938964844,80.34536743164062,7.458000183105469,50.641395568847656,30.456254959106445,32.08025360107422,282.3467712402344,3.684000015258789,32.0099983215332,44.4278639785359,403.69078205541234,150.1547911614741,39.22999954223633,110.49949846769634,12714.104040345148,413.79998779296875,81.46511094937374,7.599999904632568,52.408561065630415,30.732661905724,32.6429161859628,294.7134904618249,3.7799999713897705,31.239999771118164,41.803212719614336,383.59757570876286,145.06059792271574,37.880001068115234,106.23632640804557,11905.850283494636,397.0,78.94975521432359,7.343999862670898,50.32954244535552,29.93799893605533,31.786322659660662,279.1346351044107,3.6410000324249268,31.600000381469727,44.32357414413177,388.16421351481955,149.3634585610111,38.380001068115234,109.66646605005832,12668.696525915344,407.0,81.14054752118251,7.535999774932861,52.261298926486354,30.49080623930757,32.07185383509471,294.7134904618249,3.6549999713897705,2199094,711499,44217,261125,4286870,632292,4254,54622,749521,2419147,2428298,3317554,1871013,96863,5019816
2023-09-08,31.795000076293945,43.20244598388672,381.3143005371094,152.4298553466797,38.380001068115234,108.09840393066406,12214.62109375,398.70001220703125,81.09186553955078,7.565999984741211,50.78866195678711,30.378517150878906,32.8780632019043,285.07708740234375,3.7890000343322754,31.934999465942383,43.6456835648153,398.6675261902952,152.9738823188029,38.88999938964844,108.58842388052726,12387.169644516729,406.20001220703125,81.46511131696852,7.565999984741211,51.187139486653955,30.749935186868452,33.00403086566316,286.0407380638303,3.802999973297119,31.135000228881836,42.58539312409055,379.0309813722165,147.58295296411907,37.77000045776367,106.43233161486259,12078.398553671004,392.20001220703125,80.03703594080271,7.380000114440918,50.48546994575089,30.03301422332478,32.16423362631513,280.4194997206855,3.7049999237060547,31.684999465942383,43.01993795188739,397.75419852433805,147.58295296411907,38.65999984741211,107.80438896990174,12350.843633828998,405.0,81.22168719709357,7.46999979019165,50.84929969809254,30.620372824657483,32.248215272393274,283.7922280225798,3.7109999656677246,1134786,287874,43495,270852,2063950,391746,2309,24559,352567,2244442,1590304,1950618,1491704,45957,3608801
2023-09-11,31.524999618530273,43.263282775878906,373.0943298339844,154.5565643310547,38.22999954223633,109.66646575927734,12205.541015625,399.70001220703125,80.9133529663086,7.624000072479248,50.65871810913086,30.352603912353516,32.32379913330078,288.1286315917969,3.8510000705718994,32.2599983215332,43.784738567840854,385.4242526069557,155.99084622936397,39.5,110.89151562817652,12323.60056413923,405.79998779296875,82.47936574214228,7.78000020980835,51.54230080518945,30.74993374313196,33.04602211240664,295.99838064825923,3.9649999141693115,31.299999237060547,42.68968372544055,370.81101080195265,152.7266085720092,38.16999816894531,108.93143583793783,12105.644474574498,395.0,80.55633258512403,7.46999979019165,50.4681404772823,30.266229008268247,32.2734101425654,286.3619712370733,3.7950000762939453,31.905000686645508,43.20244676411377,381.770942155705,153.5179412000671,38.400001525878906,110.05848321274728,12260.030038016183,399.79998779296875,81.54624823074863,7.570000171661377,51.10917222699458,30.559908295146094,32.93685077117196,295.99838064825923,3.809999942779541,1598621,182167,17714,245177,1453570,347119,2325,23617,341309,2371414,1506178,2081650,1153888,57866,3704133
2023-09-12,31.600000381469727,43.645687103271484,379.0309753417969,155.0016632080078,37.7400016784668,110.35249328613281,12032.9912109375,400.8999938964844,81.4245376586914,7.730000019073486,51.29108810424805,30.456254959106445,33.222381591796875,287.8074035644531,3.7699999809265137,31.940000534057617,43.71521255739233,379.9443029932229,156.78215760644807,38.38999938964844,110.84251324519833,12341.762306161556,405.6000061035156,81.95195245218324,7.797999858856201,51.36905138455811,30.473530599207006,33.24757448508534,293.1074332868616,3.869999885559082,31.274999618530273,42.79397956957746,367.15771587325867,152.8749712084399,37.54999923706055,109.27445087161091,11815.035143720519,397.5,80.75106963301003,7.584000110626221,50.68470740233745,29.97255021625645,32.33219532059318,285.2377092642872,3.760999917984009,31.524999618530273,43.10684908609253,373.5510094332408,155.64462748452337,38.29999923706055,110.10748330660005,12341.762306161556,404.0,80.92957982685641,7.619999885559082,50.70203294290735,30.318053133293386,32.33219532059318,293.1074332868616,3.8510000705718994,1498513,170201,39673,196776,1432900,601262,3222,16450,659709,2240731,1936706,3254686,1983887,90218,2395952
2023-09-13,31.575000762939453,44.32357406616211,382.22760009765625,154.21034240722656,37.20000076293945,109.12744140625,11833.19921875,407.1000061035156,81.4245376586914,7.829999923706055,51.204463958740234,30.5167236328125,34.05377960205078,287.0043640136719,3.8380000591278076,31.760000228881836,44.91455531893606,382.6842638970561,154.7543844999601,37.84000015258789,110.59750125674401,11996.666283936109,407.8999938964844,81.70852833502317,7.835999965667725,51.663579220328145,30.663561642179037,34.162954147178304,287.80739806211903,3.8510000705718994,31.229999542236328,43.37626617409628,367.6143585168617,152.0341891297059,36.939998626708984,108.49041397561372,11669.732153563891,396.20001220703125,80.60501640082049,7.630000114440918,50.97923523472839,30.257592306885243,33.02082931573715,282.6679850533883,3.7300000190734863,31.454999923706055,43.7673571965664,380.85760869945676,154.35872575619766,37.7400016784668,110.30349377291185,11933.095758585954,404.6000061035156,81.14054698235964,7.78000020980835,51.334400556892604,30.447621067234117,33.1719930848145,285.7195046348256,3.805000066757202,1899548,237948,33493,199607,2212050,594270,3215,27334,637610,2250321,1974131,2274003,3089431,69809,1898704
2023-09-14,31.895000457763672,45.01884460449219,387.70758056640625,153.96304321289062,37.5,113.97864532470703,11824.1171875,404.6000061035156,82.88507080078125,7.76800012588501,51.81950378417969,30.67219352722168,34.8179931640625,286.5225524902344,3.880000114440918,32.064998626708984,45.01884460449219,394.1008740033081,156.08975034724247,37.59000015258789,114.61566528899411,11914.932219662058,411.70001220703125,82.92563736035439,7.984000205993652,52.30460899030543,30.8190348110506,34.935564266315076,289.574096725374,3.9189999103546143,31.53499984741211,43.85426430472666,373.5510022418378,152.77605195531035,36.599998474121094,109.764470691252,11678.813136040706,401.0,81.22168709496978,7.697999954223633,51.351724118041524,30.37851425455506,34.16295233518543,283.95285811536763,3.8259999752044678,31.75,44.65382853151139,385.4242614817984,154.21033368711204,37.20000076293945,110.6465081118718,11796.872677851383,407.70001220703125,81.22168709496978,7.868000030517578,51.498989555681554,30.663557355227613,34.16295233518543,288.61044601813927,3.8399999141693115,1258056,151610,31836,210628,1674710,786205,2073,16864,754104,2025375,1935913,1995909,3140548,55629,1473507
2023-09-15,32.0,44.89717102050781,388.1642150878906,152.57823181152344,38.290000915527344,114.46866607666016,11805.9541015625,407.79998779296875,82.51992797851562,7.834000110626221,52.30461120605469,30.698110580444336,34.80119705200195,283.9528503417969,3.8359999656677246,32.209999084472656,45.41862348245566,390.90419778262867,155.8919304036286,38.47999954223633,115.3997010133116,12060.236189903846,412.8999938964844,84.10217224727653,7.947999954223633,53.0149418530926,31.034977324432035,35.16231012750284,289.89529752264764,3.880000114440918,31.84000015258789,44.549533835666644,382.68424969841453,152.52877069500877,37.5,113.73363613390022,11733.302076322116,401.3999938964844,81.95194666595448,7.72599983215332,51.75886823910785,30.55990875483422,34.49887273156678,283.9528503417969,3.7920000553131104,32.0,45.05360742215495,387.7075513054343,155.49625656492495,37.70000076293945,114.27265360565744,11842.280114182693,401.3999938964844,83.6558967941699,7.789999961853027,52.148684644069874,30.775849313286994,34.83478971101885,289.73468090695377,3.880000114440918,3595664,540998,59292,937817,5060770,1108825,6207,68204,1159043,5429184,4660339,4771090,4190623,327804,3743660
2023-09-18,31.045000076293945,43.34150314331055,390.90423583984375,151.63851928710938,38.869998931884766,110.25448608398438,11769.6279296875,397.6000061035156,80.16686248779297,7.679999828338623,51.72421646118164,29.963909149169922,34.146156311035156,277.84979248046875,3.75,31.979999542236328,44.68859153801747,394.1008826282537,154.7049120603647,39.099998474121094,114.41965555826823,11942.176487298659,407.1000061035156,82.56050613540754,7.949999809265137,52.997615598741206,30.87086208358135,34.78440081621434,287.48620146823066,3.8369998931884766,30.924999237060547,43.26328493637586,384.9676060899396,151.19339945960274,37.75,110.05848109956831,11742.383420591,397.6000061035156,79.98835229485285,7.593999862670898,51.46433996287595,29.86889807617589,34.07057442982965,276.8861417790304,3.6700000762939453,31.90999984741211,44.514776247330765,392.7308911475066,153.27063035243782,38.290000915527344,114.1746455891927,11842.27995394483,403.20001220703125,81.99252478562754,7.949999809265137,52.40856044017685,30.594455151719014,34.59964759826821,281.38313754131707,3.8359999656677246,2002332,172643,18459,208026,2958780,315389,1406,15486,358827,2182140,1499178,2011072,1280940,40402,2701606
2023-09-19,30.549999237060547,43.41971969604492,397.7541809082031,146.7916259765625,37.0,109.37245178222656,11733.30078125,394.20001220703125,82.19537353515625,7.5,50.94458770751953,30.352603912353516,34.11256408691406,281.2225646972656,3.7720000743865967,31.549999237060547,43.7673568948024,401.40749141023025,153.5179301926489,39.310001373291016,111.57754156605013,11978.501339372098,404.0,82.51993075867891,7.789999961853027,52.0274092199727,30.473530096069446,34.38129895605547,289.57411482421486,3.799999952316284,30.344999313354492,42.715759175766365,393.6442065934226,145.7035568977364,36.709999084472656,109.17644679228668,11597.078248959946,390.29998779296875,79.89097886684554,7.452000141143799,50.84063446307754,29.84298407027111,33.71786154987206,273.3528154473916,3.7039999961853027,31.229999542236328,43.7673568948024,395.0141980316828,153.5179301926489,39.20000076293945,110.25448919117821,11978.501339372098,404.0,80.16685993547847,7.789999961853027,51.87148265781872,29.920722801944407,34.095767757146184,289.57411482421486,3.799999952316284,1902733,105879,33311,384652,8579510,379674,1664,16865,441658,1777699,1624800,2365910,1381550,59483,1420360
2023-09-20,30.739999771118164,45.01884460449219,404.6041259765625,151.34178161621094,37.630001068115234,112.85159301757812,12051.1552734375,400.6000061035156,84.26445770263672,7.76800012588501,51.34306335449219,30.775848388671875,34.5744514465332,298.8893127441406,3.8389999866485596,31.100000381469727,45.01884460449219,407.8007725700568,152.77606345598247,37.849998474121094,112.9005905250251,12205.5408345893,401.8999938964844,84.54844838200022,7.789999961853027,51.360388894599296,30.92268638241234,34.66682965714381,301.1377985036384,3.8480000495910645,30.5,43.19375760896016,397.7541689905033,146.98947497964625,36.29999923706055,109.81347090276422,11687.895129550914,388.0,82.19537744681762,7.48199987411499,50.59808165243117,30.171214184171166,33.86062506129681,281.3831540204684,3.7320001125335693,30.559999465942383,43.41971946623675,398.2108327895739,148.17646632658082,36.84000015258789,110.05848087133165,11733.302647536737,394.20001220703125,82.19537744681762,7.48199987411499,51.0312102415821,30.292140366073042,34.10416703407527,283.63166428662294,3.7699999809265137,2274982,155632,34443,248489,3425200,425524,2232,33752,421960,1883659,1772117,2584907,2189838,128360,1874524
2023-09-21,29.895000457763672,43.906410217285156,402.32080078125,146.98947143554688,37.310001373291016,109.47045135498047,11887.6865234375,396.29998779296875,81.95195007324219,7.843999862670898,51.628929138183594,30.47353172302246,34.46528244018555,289.73468017578125,3.75,30.600000381469727,44.584299094214636,405.5174473254824,156.73270756235266,37.61000061035156,111.43053111050106,12196.457601968345,398.70001220703125,83.16905824264678,7.886000156402588,52.14868545437883,30.775850493444178,34.566057220586785,294.87411778515724,3.8289999961853027,29.700000762939453,43.280664598387816,399.1241542370176,146.0992166267507,36.72999954223633,108.58842144668492,11887.6865234375,390.3999938964844,81.26225668201938,7.631999969482422,50.65872197426516,30.22304316980528,33.969801898151715,286.52254392324863,3.7170000076293945,30.549999237060547,44.167136453387734,401.8641369892168,154.60601541259766,37.11000061035156,111.13652363343951,11905.84952805696,398.70001220703125,82.72278277098552,7.71999979019165,50.935924021099,30.490807363760123,34.272129442927955,294.7135011698687,3.7799999713897705,1748434,78140,30974,430891,1674960,528262,1883,15912,334993,1590316,1886161,1869218,1316994,83287,1956013
2023-09-22,29.825000762939453,43.29804611206055,396.3841552734375,147.08837890625,37.380001068115234,109.2254409790039,12523.392578125,390.20001220703125,80.45896911621094,7.714000225067139,52.66843795776367,29.87753677368164,34.641639709472656,284.2740783691406,3.6689999103546143,30.190000534057617,44.16713576234729,400.03746546028947,148.96779566678617,37.470001220703125,110.45049082164465,12568.80009291153,399.6000061035156,82.35765493840934,7.785999774932861,52.919653342941444,30.4130684535115,34.784403717227164,291.8225941928656,3.75,29.55500030517578,42.94171948805553,387.25087980630764,144.5165668929987,36.810001373291016,109.12743848701481,12014.828412515863,390.20001220703125,80.45896911621094,7.599999904632568,51.55096535846311,29.756610584203113,34.07057727130948,283.63166087605373,3.6050000190734863,29.860000610351562,43.5935367257706,400.03746546028947,147.2862082775134,37.29999923706055,109.568460916632,12260.028992363126,392.1000061035156,81.9519522047226,7.730000019073486,51.62892863991452,30.188491715193024,34.17135205346399,287.486214847888,3.740000009536743,1818053,98502,15795,220422,1206010,308096,3159,13449,395729,1974985,2683707,1889014,1861219,66623,3167173
2023-09-25,28.889999389648438,42.759212493896484,392.7308654785156,147.78079223632812,37.540000915527344,106.04031372070312,12677.7783203125,381.1000061035156,79.14448547363281,7.559999942779541,51.94944763183594,29.27290153503418,34.34770584106445,279.7770690917969,3.5989999771118164,29.8700008392334,43.62830216525489,396.38417585506,154.11143789847844,37.56999969482422,108.83343340505286,13131.853475051486,390.70001220703125,81.26225411678708,7.644000053405762,52.711751622198605,30.03301322230469,34.70041911789872,286.0407496314571,3.6640000343322754,28.799999237060547,42.359432040746974,389.0775551019713,147.33567236864434,36.849998474121094,106.04031372070312,12550.637276985584,379.0,79.06334616967365,7.349999904632568,51.69823223967798,29.27290153503418,34.062174672572525,277.36796684730956,3.562000036239624,29.81999969482422,43.15030350907056,392.7308654785156,149.01724469845743,37.04999923706055,108.78442841942491,12677.7783203125,390.1000061035156,80.50764682795588,7.400000095367432,52.66843942119082,29.765245744007093,34.47367349554584,283.4710307680085,3.619999885559082,2405647,108157,28165,394342,1700270,496208,3335,15227,629412,2033117,1779160,2715333,2222369,43091,2037070
2023-09-26,29.30500030517578,43.367576599121094,384.05426025390625,139.5707550048828,36.13999938964844,107.1673583984375,12586.9638671875,388.3999938964844,80.86466979980469,7.6519999504089355,51.34306335449219,30.033010482788086,34.93556594848633,284.2740783691406,3.6640000343322754,29.530000686645508,43.43710204994415,390.44755352804975,148.22592193235113,37.36000061035156,107.80438581000972,12804.919951467804,392.70001220703125,81.46510809708958,7.7179999351501465,51.6982286654156,30.231675382761583,35.06993338661234,288.12863234097483,3.6689999103546143,28.309999465942383,42.15084971423408,378.57429459035467,136.70217633858817,35.7599983215332,104.42325124590376,12332.68176886048,376.70001220703125,78.41422188376269,7.473999977111816,50.89260922523416,29.013770877712833,34.14615764994259,275.9225284257288,3.5490000247955322,28.815000534057617,42.646230569361805,389.99088972275376,147.38512825060315,37.09000015258789,105.84430606800954,12632.371384745897,380.29998779296875,79.27430967640315,7.559999942779541,51.54230210896055,29.221075244419293,34.26372875785629,278.17101415818934,3.559999942779541,1701350,85007,34568,715132,2305270,563791,2399,26053,400762,2069867,1628982,1923115,2235795,43545,1282467
2023-09-27,30.149999618530273,42.194305419921875,391.3608703613281,133.536865234375,36.02000045776367,106.38333129882812,11914.9326171875,381.6000061035156,79.3716812133789,7.5980000495910645,50.485469818115234,29.376554489135742,34.30571365356445,280.5801086425781,3.627000093460083,30.399999618530273,43.69783024399073,397.75416345941284,140.4609989872685,36.790000915527344,108.44141353852126,12777.67545151129,390.5,80.9133528131282,7.739999771118164,51.81084561424804,30.171217521667486,34.85997966635414,287.0043814197712,3.687999963760376,29.34000015258789,42.194305419921875,382.2275945069214,132.94336201819004,35.599998474121094,105.94230886932262,11896.769610149106,381.6000061035156,79.29054190613576,7.539999961853027,50.433496499704304,29.3247308597259,34.2637244351173,278.8134483328435,3.5789999961853027,29.469999313354492,43.367578536031694,382.2275945069214,138.48267505787035,36.13999938964844,107.5593761566211,12487.06733889696,387.29998779296875,80.815981930117,7.688000202178955,51.542304685925004,30.171217521667486,34.85158310409352,287.0043814197712,3.6500000953674316,2034270,112382,16517,548711,2016670,270333,4147,14239,404752,1679425,1462972,1363674,2311061,32010,1230975
2023-09-28,31.854999542236328,43.10684585571289,394.5575256347656,122.35932922363281,34.779998779296875,109.17644500732422,11606.1611328125,382.6000061035156,79.56641387939453,7.366000175476074,50.41617202758789,29.333364486694336,34.17974853515625,280.9013366699219,3.5320000648498535,32.900001525878906,43.11553860889794,397.2975084516737,133.53686218846073,36.0,109.61745996603419,11960.339758931192,385.70001220703125,79.97211659130747,7.550000190734863,51.031213874889666,29.445654498987867,34.41489073877096,282.5074049745107,3.6029999256134033,30.219999313354492,41.94226557746195,383.1409305643152,120.23263708540418,34.459999084472656,106.4323303303638,11578.916623111063,377.29998779296875,78.64141219147561,7.271999835968018,50.069667809793266,28.961946464870003,34.06217743334889,277.20739917469353,3.492000102996826,32.099998474121094,42.19430237480531,391.36087901503953,133.53686218846073,36.0,106.4323303303638,11924.01374599594,381.70001220703125,79.35545292638291,7.48199987411499,50.45082311026918,29.290177034271103,34.263726978283714,277.8498166938661,3.5999999046325684,5785402,135399,22203,1150766,3213580,337400,3677,14331,455173,2593022,1816079,2370806,1530729,50190,2899524
2023-09-29,32.23500061035156,45.01884460449219,396.8408508300781,123.84307098388672,35.5,109.71546173095703,11805.9541015625,395.29998779296875,81.911376953125,7.498000144958496,50.849300384521484,29.98982810974121,34.74241256713867,289.0922546386719,3.5929999351501465,33.07500076293945,45.12313443744184,401.86415273931965,125.92031708040055,35.90999984741211,110.84250908997967,11960.339655198319,397.0,82.56050378340893,7.590000152587891,51.43835556901954,30.214404857939957,34.93556555705739,292.94680823119256,3.632999897003174,32.11000061035156,43.40233727485947,394.55753178042295,121.76583243407951,34.79999923706055,109.37244926789211,11624.324038461538,382.6000061035156,79.48527641313356,7.366000175476074,50.58942387477448,29.342006384755386,34.104168044084325,281.7043316619109,3.505000114440918,32.20000076293945,43.593538064695515,394.55753178042295,122.85390905095885,34.91999816894531,110.25448665656683,11715.13907001202,382.6000061035156,79.61510425540325,7.366000175476074,50.60674611151639,29.67023368635419,34.17974992740664,284.75587572042264,3.5199999809265137,3443549,196025,14915,529601,4216390,327013,4120,22320,623594,2103111,1577073,3399302,2470481,54939,2035989
2023-10-02,32.70000076293945,43.74997329711914,396.3841552734375,119.49076843261719,34.4900016784668,106.62834167480469,11351.87890625,385.1000061035156,80.28045654296875,7.420000076293945,50.01769256591797,29.160612106323242,33.65907287597656,281.54376220703125,3.5160000324249268,33.21500015258789,44.8797891837953,407.80074960734987,125.17844973336324,35.630001068115234,110.49949620051954,11951.2581125,395.5,82.31707974851663,7.723999977111816,51.16981293241694,29.946635621918983,34.81799069033287,287.1650009438821,3.61899995803833,32.18000030517578,43.593536894237864,395.92749150008103,119.14455570738018,34.310001373291016,106.53033170535498,11351.87890625,385.1000061035156,80.18308566117884,7.400000095367432,50.01769256591797,29.091512839728015,33.65907287597656,280.58011147805155,3.506999969482422,32.20000076293945,44.705970590003446,397.2974828201505,124.93115924202645,35.529998779296875,109.27444635350714,11951.2581125,394.0,82.31707974851663,7.495999813079834,50.86662423189326,29.877536355323755,34.73401225285385,286.36196683861766,3.549999952316284,2204009,105207,24359,366472,1432190,444142,3433,15345,381877,2624298,1653008,1839867,1327386,49898,1696398
2023-10-03,31.584999084472656,43.01993942260742,390.4475402832031,127.7008056640625,34.369998931884766,105.1092758178711,11279.2265625,378.20001220703125,79.68001556396484,7.004000186920166,50.10431671142578,29.264266967773438,33.827030181884766,280.2589111328125,3.3429999351501465,32.92499923706055,43.836882533281255,395.9275057608621,129.2339945143625,35.2400016784668,107.2163630289895,11460.85661986715,385.1000061035156,80.73484516290934,7.415999889373779,50.43349537355056,29.60113372976069,34.09576502952772,281.3831540125297,3.5160000324249268,31.329999923706055,42.550630196867246,382.22759206671464,118.69942645394032,33.90999984741211,104.37424591704682,10952.29245923913,378.1000061035156,78.62519215555288,6.986000061035156,49.49793600893561,28.901485096792978,33.46591712969478,275.601322985417,3.2720000743865967,32.92499923706055,43.76735708242014,395.9275057608621,119.14454628446008,34.63999938964844,106.38333063681083,11233.819048158213,385.0,80.32914242339723,7.414000034332275,49.983041231829546,29.16061312178382,33.67586642963909,281.0619452621329,3.502000093460083,2087191,185105,20042,719961,1908930,506678,3045,23358,411881,3013232,1798722,2096839,1842358,61111,4072068
2023-10-04,31.71500015258789,45.6272087097168,404.1474609375,125.1784439086914,34.58000183105469,104.61925506591797,11143.00390625,395.70001220703125,81.95195007324219,6.895999908447266,49.593223571777344,29.860261917114258,34.06217575073242,289.5740966796875,3.3340001106262207,32.59000015258789,45.731498544193926,409.17076271186437,129.33292095115488,35.40999984741211,107.02034973232425,11442.693497860635,396.20001220703125,83.04734618759987,7.078000068664551,50.19960425888426,30.896777317705187,34.40649247626195,290.37713076670457,3.4000000953674316,31.049999237060547,42.550630412471946,385.8809090307203,124.09035976007362,33.97999954223633,103.88422517084126,11043.107375713122,371.79998779296875,78.38176487154895,6.869999885559082,49.35067261873813,28.86693397175803,33.440724410142195,274.1558324062975,3.2780001163482666,31.299999237060547,42.828738847953666,392.7308659957627,126.6127256730235,34.25,104.3742451008924,11279.226447891198,377.0,78.91729543754246,7.050000190734863,49.983039963810995,29.09151401096507,33.591888163162196,274.6376577598389,3.3359999656677246,3178430,392860,52508,449997,2417090,458863,2276,32613,1215614,1933703,1767070,3523985,1912593,106569,3086413
2023-10-05,31.024999618530273,45.922698974609375,372.1809997558594,117.46298217773438,34.88999938964844,102.90419006347656,10897.8046875,396.5,83.25019836425781,6.739999771118164,48.571041107177734,30.0502872467041,34.095767974853516,290.5377502441406,3.302999973297119,32.0099983215332,46.40939039052058,404.60412979594037,127.10731124074836,35.41999816894531,105.64830478934705,11233.82033203125,401.70001220703125,83.69647384028849,6.992000102996826,50.32954217180055,30.231676514996177,34.381299175585966,292.9468527320909,3.38700008392334,31.0,45.262192274378634,372.1809997558594,116.91894008370215,34.16999816894531,102.90419006347656,10861.478671875,394.0,81.26225747764626,6.702000141143799,48.519064485375225,29.678869243063417,33.827033103996186,286.04077853862634,3.2899999618530273,32.0,45.714115991986276,404.60412979594037,125.27736313300503,35.400001525878906,105.64830478934705,11143.00529296875,395.0,82.3576536027288,6.9019999504089355,49.80978917181133,30.231676514996177,33.85222920059506,288.93168191884047,3.3299999237060547,1579305,293169,18400,613004,1711500,464145,2000,24525,1033012,2285968,2384296,1830926,1297319,84714,1341040
2023-10-06,28.75,48.44306182861328,370.3543395996094,106.43382263183594,35.08000183105469,105.25628662109375,11079.43359375,418.0,85.88726806640625,6.435999870300293,47.29764175415039,31.354568481445312,34.55765914916992,299.0498962402344,3.234999895095825,29.299999237060547,48.582116049412626,379.03095174805895,117.36406502561162,35.5099983215332,105.50129659578107,11197.493132044057,418.79998779296875,87.063809716404,6.75,48.666329715040106,32.03694143810966,34.84319035082514,300.8165810764936,3.2909998893737793,28.31999969482422,45.62720971328383,361.67772745115985,105.09845552974056,34.369998931884766,102.16915944461134,10770.662493596312,398.29998779296875,83.08792166117787,6.377999782562256,47.150379616451836,30.13666386150873,34.01178963896742,290.53772981339137,3.138000011444092,29.299999237060547,45.62720971328383,372.18099478875666,117.26515034151319,34.900001525878906,103.1491993433606,11015.863073130122,398.29998779296875,83.16906097035952,6.739999771118164,48.57104089440741,30.13666386150873,34.01178963896742,292.62562339079153,3.2909998893737793,15533486,417969,30625,1251997,1923600,483227,3172,39360,1160492,2365343,3179207,3519008,1616600,81285,4035931
2023-10-09,28.2450008392334,50.68531036376953,410.5407409667969,108.3626937866211,35.90999984741211,105.74630737304688,11397.2861328125,434.3999938964844,88.19976806640625,6.53000020980835,50.32954025268555,31.700075149536133,34.76760482788086,302.9044494628906,3.312999963760376,28.799999237060547,50.68531036376953,410.5407409667969,109.89589026900606,36.209999084472656,107.21636723232803,11587.997693600599,435.8999938964844,88.9706069418616,6.6020002365112305,50.39884241244634,32.14059244606616,34.94396146831717,305.63476029550674,3.3480000495910645,27.81999969482422,47.88684050613785,367.61434535959006,103.07067135848922,34.77000045776367,104.37425000896224,10979.53699965762,409.3999938964844,84.38616500857763,6.392000198364258,47.3842678575378,30.672195965980276,34.330909906153785,294.3922837439606,3.200000047683716,28.7549991607666,47.88684050613785,368.98433670875625,106.1865329857585,34.900001525878906,106.82434977443083,11034.026017025648,417.8999938964844,85.19757044135243,6.46999979019165,47.47089225272993,31.09544091714883,34.39809201526532,300.655939448589,3.200000047683716,5659742,316401,38748,504617,1968150,308033,1621,29768,1149254,1689522,4059546,2732108,1381277,39653,1422969
2023-10-10,28.854999542236328,50.737457275390625,413.7373962402344,111.0828857421875,36.59000015258789,107.8533935546875,11633.4052734375,440.0,90.02543640136719,6.886000156402588,52.56448745727539,33.16847229003906,35.15391540527344,311.09539794921875,3.5290000438690186,29.014999389648438,51.36319960079744,422.4140083026675,113.9514492497748,36.59000015258789,108.68642597093515,11778.709320568647,440.1000061035156,91.0396932611867,6.9039998054504395,52.8330283804155,33.37577338841906,35.271486514416566,312.54087399841325,3.5350000858306885,28.315000534057617,49.34691177549021,398.6674910791662,109.15401548566108,35.59000015258789,105.40329381448207,11324.634173283812,427.29998779296875,88.8894736707954,6.552000045776367,49.86176590327137,32.00239125543327,34.72561698931209,304.9923340348155,3.313999891281128,28.399999618530273,50.75483946711221,410.99741348367655,109.59914287410862,36.25,106.97135615279134,11424.530705686475,434.29998779296875,89.41688228547548,6.624000072479248,50.66738536818269,32.00239125543327,34.893577089619036,305.1529506536111,3.313999891281128,4422308,554172,51652,482899,2227190,565624,3876,31777,1125371,2081095,3774238,3415190,2281451,60845,2285085
2023-10-11,28.610000610351562,52.7189826965332,421.5007019042969,108.51106262207031,35.959999084472656,108.58842468261719,11469.939453125,447.29998779296875,90.9991226196289,6.9120001792907715,52.53849792480469,33.937217712402344,35.98530960083008,315.1105651855469,3.5999999046325684,29.0049991607666,52.7189826965332,424.69734861429697,112.76446201500313,37.11000061035156,109.71546459393858,11833.199609993566,453.6000061035156,91.52653740118602,7.044000148773193,53.664631568666344,34.20498188626755,36.00210592966119,316.5560412202136,3.6389999389648438,28.2450008392334,50.73745918027495,408.25745124858224,107.07678081687797,35.439998626708984,107.06935983597629,11370.042909986143,436.29998779296875,88.84889693514675,6.78000020980835,52.10536934604952,33.082091682499566,35.07833026895505,308.36508387706704,3.5299999713897705,28.860000610351562,50.89389559632842,413.2807532214395,112.76446201500313,36.689998626708984,108.2944097196831,11769.629082541567,437.70001220703125,90.02543236355449,6.920000076293945,52.58181012177844,33.21165733081527,35.10352316041564,312.8620795849386,3.5480000972747803,3471865,899420,62931,410227,3868320,684114,2863,88640,818844,4459020,2577905,4292809,3215079,155039,7733235
2023-10-12,28.424999237060547,52.00632858276367,422.8706970214844,104.40604400634766,34.5,107.5103759765625,11451.775390625,445.6000061035156,91.4859619140625,6.880000114440918,52.443214416503906,33.574440002441406,35.716575622558594,310.4529724121094,3.640000104904175,29.049999237060547,53.18829112344464,433.3739648740698,110.39046911333436,35.959999084472656,110.1564882405138,11687.894470844072,455.0,92.09451598444429,7.038000106811523,53.2574950373533,34.42956613749088,36.06929212951738,314.7893514335881,3.6519999504089355,28.295000076293945,51.6239303023786,420.1307141034186,104.25766820853501,34.5,106.8243510250443,11043.107751784299,443.1000061035156,90.3905658254817,6.872000217437744,52.079384655182,33.34122378379155,35.61580085067276,303.54687459667423,3.5220000743865967,28.700000762939453,52.910182680380196,423.78402466083963,109.79697346879033,35.959999084472656,109.27445081919669,11469.938396795698,448.20001220703125,90.83683509610907,7.03000020980835,52.876343039095765,34.04087243974112,35.783760939530644,314.7893514335881,3.625,4733856,332311,31316,496068,3685400,401705,3851,35465,1968051,2833077,1576337,5911943,1695750,199327,4266196
2023-10-13,28.395000457763672,52.666831970214844,441.5939025878906,104.75225067138672,35.86000061035156,106.97135925292969,10970.45703125,451.3999938964844,90.71512603759766,7.122000217437744,53.8465461730957,33.38441467285156,35.640995025634766,314.6287536621094,3.7090001106262207,28.81999969482422,52.805886182939155,449.3571873283189,106.9778650303537,36.0,108.39241415258805,11606.162322795943,455.0,91.8510886431859,7.257999897003174,54.14107374645678,33.747193262252665,35.92652622589908,316.87726386814836,3.7660000324249268,28.295000076293945,50.85912720479875,425.1540054905131,103.41688356534787,33.95000076293945,106.53033680064482,10934.131014590232,415.0,88.97060319254157,6.835999965667725,52.44321046685003,32.61566344746936,34.09576791895242,306.59841258337605,3.5869998931884766,28.424999237060547,51.67607029013986,428.3506521483365,104.35658438711792,34.400001525878906,107.26536674400836,11578.917810301116,441.0,91.03968324460463,6.869999885559082,52.54716040318074,33.30667593298108,35.506627590426405,309.97116563910646,3.6410000324249268,2644454,263127,44758,397778,5561770,344012,6087,36282,614364,3532317,2515773,2752924,1383016,79322,5972180
2023-10-16,27.8700008392334,54.31810760498047,454.837158203125,100.54830932617188,36.599998474121094,110.25448608398438,11215.65625,490.0,102.7645034790039,6.98199987411499,58.43770980834961,37.14177703857422,37.79087448120117,339.0409851074219,3.622999906539917,28.940000534057617,55.256726095745336,466.7104173530058,107.07677640110094,37.540000915527344,112.01856085217247,11379.12330465587,499.6000061035156,103.45419688680948,7.440000057220459,59.42524248575969,37.73777180950788,37.942038235411744,343.69857278644565,3.8399999141693115,27.270000457763672,52.92756537641864,444.79055430707206,100.39993353082444,35.68000030517578,107.85339137788861,11006.781680161943,465.0,94.08246128085025,6.789999961853027,56.34136897448034,34.75779465984805,36.111280059814455,315.27117236852376,3.493000030517578,28.940000534057617,54.23119995893817,444.79055430707206,106.82948592442403,36.970001220703125,108.2944063313802,11360.960298582997,465.0,94.12303403035216,7.395999908447266,57.0083841092504,34.86144520805575,36.111280059814455,317.1984491837524,3.760999917984009,5690081,1523438,48110,563294,6189280,824343,7246,92196,3497011,5306118,11274321,13661758,4575815,166187,4708824
2023-10-17,28.875,54.92646789550781,463.0570983886719,104.20821380615234,38.349998474121094,109.66646575927734,11624.32421875,505.0,103.7381820678711,7.349999904632568,57.606101989746094,37.228153228759766,39.47886657714844,345.46527099609375,3.7990000247955322,29.204999923706055,55.62173896956457,478.58366776265103,104.80170948892575,38.59000015258789,112.21456799116544,11742.38376159668,507.0,106.1724045268266,7.638000011444092,59.91034924166445,38.80883979459158,40.058328719135076,347.5531399986331,3.9539999961853027,27.8700008392334,53.48377917359729,455.75047750679937,99.95482179068703,36.36000061035156,108.09840342250858,11088.515524291992,471.0,100.89826308804379,7.001999855041504,56.566596026019425,36.70126100180746,37.85806086214238,326.1924530773528,3.5889999866485596,27.8700008392334,53.953088391828345,455.75047750679937,100.64723216280484,36.83000183105469,109.96047324154654,11097.59702758789,490.0,102.15594396960873,7.001999855041504,58.437708082530975,37.055403407459536,37.8748539876858,333.259143178229,3.622999906539917,4155439,507631,41973,451954,4572130,739415,4426,77804,1829610,5732285,4840157,5679473,5506013,108210,5484542
2023-10-18,28.899999618530273,54.144287109375,444.3338623046875,103.26850891113281,38.630001068115234,111.03852081298828,11660.650390625,500.6000061035156,100.49256134033203,7.4679999351501465,57.56278991699219,36.122535705566406,38.69786071777344,337.2743225097656,3.818000078201294,29.610000610351562,54.97861241741616,465.7970601755203,106.63166104467044,39.13999938964844,112.01856068785274,11878.606472692758,506.6000061035156,103.45419240008803,7.564000129699707,58.195160598763586,37.21951411820211,39.52925824209445,345.465280144808,3.877000093460083,28.5,53.60545242901267,440.2238882443152,102.27934696283978,38.060001373291016,110.10747844560052,11488.101825654692,489.1000061035156,99.76229521469557,7.289999961853027,56.878452525661416,35.94114643052204,38.46271529779869,335.8288709302433,3.736999988555908,29.075000762939453,54.37025228570744,463.0570774686054,104.30712442881642,38.36000061035156,110.59749838303276,11587.998363269082,496.3999938964844,102.48050835959418,7.349999904632568,57.34622561089512,36.8912835526518,39.42008369723376,345.3046635219029,3.753999948501587,3286973,473322,154904,486756,3566550,672170,5998,56131,1040033,3363549,4668094,4783981,3652585,134601,2502397
2023-10-19,28.530000686645508,53.88356018066406,436.1139221191406,104.0103759765625,37.5,108.00039672851562,11778.7099609375,491.29998779296875,96.51667785644531,7.010000228881836,57.164310455322266,35.02555847167969,37.547332763671875,330.6894226074219,3.5769999027252197,28.979999542236328,53.88356018066406,444.33387038944903,104.75224740642857,38.5,111.03852647726465,11815.03597469521,498.1000061035156,99.60002110831277,7.400000095367432,57.458841338351746,35.91523582706054,38.63067194131833,337.2743118315572,3.799999952316284,28.420000076293945,53.11876033368284,432.0039479839864,102.57608668413093,37.369998931884766,107.51037676608658,11615.242899027804,485.5,96.39497198877964,7.00600004196167,56.01219340866872,34.930544097270825,37.396169008485295,327.63790292208415,3.555000066757202,28.670000076293945,53.69235939009025,444.33387038944903,103.26850454669645,38.5,110.45049654066082,11624.324402467231,492.8999938964844,99.51888179969151,7.400000095367432,57.17297487779846,35.74248271858911,38.49630451488272,332.6167239946406,3.799999952316284,1395052,167755,16324,201897,2684570,560112,6548,27748,1027967,3703562,2672950,2346545,1712902,66735,3577171
2023-10-20,28.700000762939453,53.77927017211914,424.24066162109375,103.46633911132812,37.79999923706055,105.79530334472656,11624.32421875,479.3999938964844,94.52873229980469,6.980000019073486,56.66188430786133,34.5332145690918,37.2869987487793,326.513671875,3.640000104904175,28.899999618530273,53.88356000513147,435.2005925994643,105.19737253471409,38.16999816894531,107.60838312651546,11851.361801147461,489.0,96.31382176401733,7.084000110626221,57.623423680254895,35.19831190102549,37.63131548914122,332.9379447126521,3.75,28.2450008392334,52.545161106102846,416.47737717808127,102.42772358532063,37.099998474121094,105.50129586340935,11424.531146240235,475.20001220703125,94.16360233365778,6.9079999923706055,56.31538012022362,34.343185818541734,36.98467122971571,323.62274419672536,3.5230000019073486,28.5,53.18828892619258,433.830601227168,103.86200540315771,37.20000076293945,107.02035320965906,11651.568728637696,484.20001220703125,95.86755249323024,7.0,56.653219885690525,34.63686511712296,37.2869987487793,327.3167059797065,3.5769999027252197,1837860,167910,38034,232999,1834960,541900,6889,30537,1017144,1599223,1920339,2003995,1738377,35246,4591762
2023-10-23,28.229999542236328,53.65760040283203,421.95733642578125,102.32880401611328,37.400001525878906,103.4922103881836,11124.841796875,480.20001220703125,96.47610473632812,6.831999778747559,56.35868835449219,34.79233932495117,37.589324951171875,325.2287902832031,3.693000078201294,28.844999313354492,55.18719684078323,432.00393967401413,104.05983748456077,37.95000076293945,105.55029265181038,11787.791552933673,485.29998779296875,97.7337794107578,7.019999980926514,56.82646801098444,35.41424914481834,38.21077634972832,330.850028633777,3.7190001010894775,28.110000610351562,53.39687083637228,415.56404344963306,101.7353083362727,37.11000061035156,103.4922103881836,11124.841796875,475.1000061035156,93.6361857939919,6.809999942779541,55.89957312006949,34.26544387145162,37.37097906731671,324.265139620443,3.5840001106262207,28.700000762939453,53.39687083637228,424.69731912984474,103.61471761135708,37.79999923706055,105.15828267939457,11787.791552933673,479.29998779296875,94.52873050919116,6.980000019073486,56.47996382739563,34.53321133167025,37.37097906731671,330.850028633777,3.628999948501587,1498802,274840,17699,258683,1706730,713752,4389,23148,536962,2353600,1479503,2205784,1103691,44523,1801829
2023-10-24,29.149999618530273,55.62173843383789,426.98065185546875,102.5266342163086,37.38999938964844,105.25628662109375,11506.2646484375,500.0,100.20857238769531,6.863999843597412,56.83513641357422,35.51790237426758,38.95819091796875,328.6015625,3.7209999561309814,29.434999465942383,56.03890438956796,433.83060883710726,104.3071211390569,38.5,106.38333400007761,11642.48719755081,506.0,101.79081052813024,6.980000019073486,57.53680264294588,36.200275334436235,39.08416177720702,331.65308226784083,3.756999969482422,28.469999313354492,54.07475989454724,416.9340482823989,101.98259214322336,37.31999969482422,103.98223176187528,11143.004517468677,480.1000061035156,97.3686533321736,6.829999923706055,56.35003448798572,34.89599580227074,37.95883342063293,325.5500182255034,3.6600000858306885,28.565000534057617,54.14428534362628,421.5006862701579,102.32879730486555,37.5099983215332,104.96227166062455,11143.004517468677,480.20001220703125,97.53093194484764,6.9019999504089355,56.35003448798572,34.89599580227074,38.042811857743764,325.5500182255034,3.6989998817443848,3269657,349733,19457,236356,1906700,665346,4044,33482,932021,1785052,2488231,3450320,4112845,90699,1813791
2023-10-25,28.770000457763672,56.317012786865234,433.37396240234375,104.45550537109375,38.0099983215332,108.58842468261719,11515.345703125,519.7999877929688,102.60221099853516,7.0879998207092285,57.06036376953125,36.303924560546875,39.604835510253906,345.14404296875,3.874000072479248,29.264999389648438,56.942751774189055,438.39726439014754,105.04900105993661,38.33000183105469,108.93143715463287,11533.50870896589,520.0,103.25133779882701,7.0879998207092285,57.69272782033955,37.21951368754415,39.90716301243152,346.5895190384682,3.874000072479248,28.520000457763672,54.370250483967595,421.957366975517,102.37826668679016,36.97999954223633,105.35428999878673,11188.41159798896,495.20001220703125,100.00571617843165,6.822000026702881,56.74851065085229,35.68201801116335,38.781834645199325,326.1924580012375,3.7119998931884766,29.024999618530273,55.79555368482018,433.83062621941684,103.26851399340802,37.43000030517578,105.84430995226946,11397.286165159207,500.0,100.61427023225578,6.863999843597412,56.87845055180484,36.027520917489454,38.849016754809874,329.24397774843885,3.7119998931884766,2045037,299917,31618,406034,2006240,882432,3371,43270,1000400,1643494,1654028,5119478,4323322,130941,3133308
2023-10-26,29.0,57.359920501708984,422.4140319824219,105.39521026611328,39.83000183105469,109.66646575927734,11560.75390625,519.0,103.53533172607422,7.131999969482422,57.25960159301758,36.83946228027344,39.781192779541016,352.371337890625,3.7720000743865967,29.075000762939453,57.67279332580493,434.2872912597656,106.68111629108456,39.93000030517578,109.66646575927734,11751.465478937549,519.0,104.26559785185904,7.208000183105469,57.389541499348034,37.133141585043184,39.94915286157501,354.4592313607858,3.880000114440918,28.520000457763672,55.30886826847034,421.0440405273437,102.77392955258898,37.439998626708984,105.94231116697941,11306.471809333269,498.0,99.15374116189744,6.923999786376953,56.41067320849249,35.388341397292514,38.75664236592064,335.0258216933623,3.752000093460083,28.520000457763672,56.31701550847466,433.37396362304685,104.10929669443513,37.689998626708984,106.72634607391929,11360.96083010114,506.79998779296875,100.77655202340497,6.949999809265137,56.79182189563882,35.86340998868698,39.268915970944775,343.85919640764246,3.7799999713897705,2382691,319842,15057,336988,2498840,620124,5891,34751,1166497,2137419,1725591,3775738,2665893,125702,2540362
2023-10-27,28.959999084472656,56.57773971557617,418.76068115234375,105.54357147216797,39.540000915527344,109.12744140625,11633.4052734375,505.20001220703125,101.95309448242188,7.150000095367432,57.06902313232422,36.295291900634766,39.310909271240234,353.17437744140625,3.750999927520752,29.125,58.36806905613782,426.06730154322435,107.81864685569546,40.369998931884766,110.94051372643708,11751.464811731557,527.0,104.5901559643451,7.265999794006348,57.83133371379862,37.133142378165815,39.873571874500364,358.15319852399836,3.8289999961853027,28.795000076293945,56.23010249979334,410.99739698703314,105.04899052328864,39.43000030517578,108.29440898639227,11488.101226306353,505.20001220703125,101.66910381734081,7.085999965667725,57.05170089593529,36.22618933568754,39.17654184332944,346.10768736287736,3.75,29.06999969482422,57.359921793430445,422.8706551222141,105.44465679173338,39.97999954223633,110.6465062426049,11569.834752817622,520.0,104.22502599360261,7.150000095367432,57.432856186672495,36.70989740534318,39.722408117654204,346.10768736287736,3.7980000972747803,1164774,290535,23705,255269,3386560,541347,2479,32568,585027,2247871,1621479,2268246,2186225,86331,980054
2023-10-30,29.71500015258789,57.2556266784668,426.98065185546875,103.86200714111328,39.02000045776367,109.37245178222656,12114.724609375,521.7999877929688,103.85989379882812,7.328000068664551,56.82646942138672,36.90856170654297,39.42848205566406,364.57745361328125,3.7239999771118164,29.764999389648438,58.263773906644516,428.8073070505724,107.71974034426745,39.70000076293945,111.23452909509979,12205.539636431784,522.4000244140625,104.2655965089798,7.363999843597412,57.8659819979533,37.28861592228502,39.77279880462722,367.46838105427685,3.8259999752044678,29.0,56.577737777754,420.13069487383024,103.86200714111328,38.84000015258789,109.2254443012161,11597.07895515133,500.3999938964844,102.0748043503736,7.199999809265137,56.566596234008394,36.321203094492425,39.15134742174204,352.53194303134467,3.7039999961853027,29.100000381469727,57.359919828818065,427.89397945302056,106.23599738510869,39.599998474121094,110.25448919117821,11724.219993030827,500.3999938964844,102.23708295822144,7.248000144958496,57.17297361357558,36.321203094492425,39.21853274035549,352.53194303134467,3.759999990463257,2001388,237945,18809,226759,2074620,372574,3830,23751,373727,1536962,2149790,1831249,1450229,122863,1488310
2023-10-31,30.149999618530273,57.516357421875,429.26397705078125,103.86200714111328,39.849998474121094,110.00947570800781,12314.5185546875,519.7999877929688,103.61647033691406,7.297999858856201,57.606101989746094,37.59093475341797,39.98274612426758,366.5047607421875,3.6989998817443848,30.549999237060547,58.28115398162808,431.0906322722739,105.54357947614376,40.560001373291016,110.94051059620675,12477.985615147954,526.0,105.15814807365707,7.368000030517578,58.87083666892004,38.04009153360946,40.67137958782198,375.8199612646073,3.7769999504089355,29.610000610351562,57.08181256575042,421.9573561648105,103.86200714111328,38.72999954223633,108.7844258671614,12096.562474073562,517.5999755859375,102.96734971097882,7.251999855041504,56.99972461240849,36.77899939787464,39.260520003083165,360.2411045237731,3.678999900817871,29.799999237060547,57.25562785594893,426.9806580239154,104.35658812749953,39.04999923706055,109.42145327982371,12232.785024457273,517.7999877929688,103.04848901540421,7.360000133514404,57.40685993203932,36.90856176264675,39.3025092233346,362.8107989566315,3.75,2284222,151859,33557,214824,4000860,771626,4343,24609,715114,2423851,3633720,4110416,3203336,97239,1874338
2023-11-02,30.790000915527344,57.49897766113281,434.7439270019531,107.17568969726562,39.599998474121094,110.94051361083984,12487.0673828125,523.5999755859375,104.67130279541016,7.453999996185303,57.06902313232422,37.349082946777344,39.604835510253906,371.3229675292969,3.809999942779541,31.155000686645508,58.33330297638993,444.7905303570403,107.17568969726562,40.61000061035156,112.16556348497504,12605.126928977274,530.7999877929688,105.40156274620811,7.53000020980835,58.5503221817555,38.15237884674932,40.04992699758647,377.2654150414316,3.8350000381469727,30.18000030517578,56.80370324977112,430.17728911327714,104.15875044882287,38.970001220703125,110.25448867216855,12350.844829545455,515.5999755859375,102.9673525926611,7.329999923706055,57.06902313232422,36.97766489770849,39.277315117418844,363.77445179730654,3.7019999027252197,31.059999465942383,58.28115308562947,430.17728911327714,105.34574170284849,39.0,111.03852358245949,12350.844829545455,528.0,105.32042963004422,7.375999927520752,58.47236220447821,37.87597517697599,39.93235590308897,371.80479289658484,3.7019999027252197,2362478,205666,24166,494546,3751280,594906,5434,23310,635609,3204465,2776246,2602052,2837400,92818,4051594
2023-11-03,31.295000076293945,58.07257080078125,435.65728759765625,108.80781555175781,42.349998474121094,111.5285415649414,12623.2890625,528.4000244140625,104.06275177001953,7.599999904632568,56.79181671142578,37.599571228027344,39.5208625793457,369.0744934082031,3.950000047683716,31.329999923706055,58.663552034651744,438.8539343619996,109.40131121815331,43.5,112.01856150595238,12659.615074190648,529.7999877929688,105.44213859602124,7.697999954223633,57.389536260572456,38.005540556551466,39.78959746237862,374.0532903420301,3.9839999675750732,30.4950008392334,57.42944630912532,432.4606408333128,105.7908685564127,40.060001373291016,110.64650417569948,12323.599466052157,516.4000244140625,102.7239315032929,7.4019999504089355,56.237412663441276,37.236792649765334,39.033778601615715,361.36536080960025,3.7809998989105225,30.799999237060547,57.516353948977006,434.74395995070097,107.81865359219638,40.279998779296875,111.92055153606145,12487.066518660073,519.7999877929688,104.50902725577257,7.449999809265137,57.17297197279672,37.599571228027344,39.47047358743734,369.8775275433356,3.809999942779541,1806590,380074,16026,339613,5430090,333470,4510,27920,446579,3542786,2297599,2172653,2787354,94999,3353082
2023-11-06,31.200000762939453,59.18500518798828,434.7439270019531,108.41214752197266,43.38999938964844,111.23452758789062,12677.7783203125,527.7999877929688,103.98160552978516,7.5320000648498535,57.302913665771484,37.6600341796875,39.579647064208984,369.0744934082031,3.9189999103546143,31.44499969482422,59.46311361710261,436.57058215742353,110.63776189533449,44.33000183105469,112.55757994483541,12777.674854355078,538.0,105.19871372895265,7.800000190734863,57.89196881137027,38.16101788487652,39.83158560979118,373.2502562068977,4.02400016784668,31.0,58.14210023646653,432.00394426874755,107.6208224950236,42.79999923706055,110.45049268453248,12623.289301743822,522.4000244140625,103.12963350468735,7.504000186920166,57.12965826470256,37.36635487198846,39.25212663459488,363.93507984468687,3.9000000953674316,31.329999923706055,58.22900787732202,434.28726321308557,109.69806106748663,42.97999954223633,112.21456747853284,12695.94132650206,532.2000122070312,104.75245062744312,7.696000099182129,57.606102356369874,37.59957108354284,39.47047251981348,368.59266802579225,3.9600000381469727,1881095,335361,28628,243416,3929750,411589,3405,31579,502624,2523618,1981523,2381236,1719038,88046,1489532
2023-11-07,31.155000686645508,59.53264617919922,431.5472717285156,108.313232421875,43.349998474121094,106.82434844970703,12305.4375,532.0,103.4542007446289,7.48799991607666,56.393341064453125,37.2972526550293,39.462074279785156,369.0744934082031,3.8299999237060547,31.864999771118164,59.88028339542242,435.6572457449777,108.8078133918379,43.970001220703125,110.45049306678847,12714.10516605166,533.2000122070312,105.84784448172294,7.593999862670898,57.172973847817836,37.67730684289978,39.63003116732194,371.16238706087887,3.953000068664551,30.860000610351562,58.90690051612315,423.32732369559153,105.64249820275802,42.88999938964844,106.57933847619853,12123.807426199262,519.4000244140625,102.27766525158933,7.4039998054504395,56.324038903927864,37.03812464989072,39.008582994862365,363.1320457095544,3.7890000343322754,31.149999618530273,59.237158855317965,435.6572457449777,108.313232421875,43.29999923706055,110.35249057280727,12714.10516605166,521.5999755859375,103.85990349264706,7.5,57.08634945167015,37.40090319808645,39.34449997350821,365.2199148555732,3.9000000953674316,3031673,195751,30077,210184,2577350,728419,4222,20777,513045,2444126,1458627,1976267,1282453,48926,2040308
2023-11-08,30.860000610351562,59.810752868652344,432.9172668457031,107.07677459716797,43.439998626708984,105.35428619384766,12214.62109375,522.7999877929688,101.99365997314453,7.320000171661377,55.2672119140625,36.58897018432617,39.33610534667969,367.6289978027344,3.7829999923706055,31.219999313354492,60.29744097868758,434.7439219800732,109.302388849765,43.970001220703125,108.34341079298255,12350.843633828998,533.0,104.71187311336139,7.590000152587891,56.58392333119836,37.27134316655783,39.596443660891175,370.3593333229963,3.859999895095825,30.860000610351562,57.95090144172833,429.26395657696304,106.43381785929868,43.099998474121094,105.35428619384766,12132.887569702603,517.4000244140625,98.99146236134926,7.288000106811523,55.2672119140625,36.001611578733296,39.00858491486124,360.4016909690765,3.7100000381469727,31.155000686645508,59.65431645747985,431.5472754949256,107.81864601470032,43.11000061035156,106.87335098562653,12187.376585734202,531.7999877929688,104.54959450373597,7.501999855041504,56.20276802614033,37.098590054032,39.35290167697453,369.07447387345934,3.8480000495910645,1365263,363923,26069,125942,1988800,443720,2255,22397,906615,2471133,2028348,3232735,1398018,68454,2134198
2023-11-09,30.969999313354492,60.50602722167969,435.2005920410156,108.80781555175781,43.0,107.31436920166016,12841.2451171875,534.7999877929688,106.17240905761719,7.2179999351501465,54.790767669677734,37.901885986328125,39.781192779541016,380.9593811035156,3.7739999294281006,30.969999313354492,60.836278920220444,436.57058341155397,109.79697751131926,43.439998626708984,107.755384166439,12841.2451171875,534.7999877929688,106.17240905761719,7.355999946594238,55.74364926386855,37.901885986328125,39.781192779541016,380.9593811035156,3.8399999141693115,29.889999389648438,59.080720645999065,430.17729034904164,105.64250029984396,42.220001220703125,104.96227194291389,12214.621416278067,518.2000122070312,102.7645024220765,7.105999946594238,54.18438697132496,36.74444451484299,39.050570106801054,365.2199074717986,3.746999979019165,30.799999237060547,59.810752810340176,433.8306006704773,107.0767821225253,43.25,105.40329438480379,12287.273439571914,523.0,103.0484930940718,7.320000171661377,55.29319842972999,37.66866979860448,39.47046871009999,371.00176293052124,3.7880001068115234,3276518,122218,34254,190796,2536270,367774,4150,18637,558166,3329212,2089108,2434324,1315132,60122,2723636
2023-11-10,30.885000228881836,59.393585205078125,433.8305969238281,108.0164794921875,43.439998626708984,103.78622436523438,12668.6962890625,523.4000244140625,105.0770034790039,7.0,53.8465461730957,37.832786560058594,38.42072296142578,374.05328369140625,3.6619999408721924,30.975000381469727,60.9753347789352,436.11391585500616,108.80781205307431,43.58000183105469,107.11836143910189,12850.326343385976,532.5999755859375,107.71407113388238,7.276000022888184,54.91204210788491,38.56698646253751,39.898764664687015,379.8351391642219,3.812999963760376,30.434999465942383,59.32406307035743,430.63395042017885,107.02731756443228,42.7400016784668,103.14919695040354,12550.63675375224,521.0,104.79300662528357,6.97599983215332,53.742596236764996,37.63412163444427,38.04281357027109,370.6805550878109,3.6549999713897705,30.8799991607666,60.57554769349413,435.65725206877056,108.80781205307431,43.0,106.53033153180519,12850.326343385976,523.7999877929688,105.48270619513906,7.2179999351501465,54.77344109127433,37.70322419726224,39.47886605308673,376.62300268080355,3.75,938246,123878,17392,204035,1537550,977572,2940,8156,454774,2420114,1689196,2306888,1518594,44254,1875374
2023-11-13,30.375,60.17576599121094,435.65728759765625,106.5327377319336,43.939998626708984,103.98223114013672,12468.904296875,528.7999877929688,105.27985382080078,6.7220001220703125,53.578006744384766,37.78096389770508,38.26116180419922,376.62298583984375,3.5759999752044678,31.270000457763672,61.010091266215476,437.48394289156676,108.90672789309924,44.5099983215332,105.55029347333746,12723.186394699107,539.5999755859375,108.52547551855187,7.099999904632568,54.53955276952446,38.64472618503724,38.96659158437826,381.44119034952195,3.680999994277954,30.350000381469727,59.48049824402109,432.4606408333128,106.23599367847956,43.459999084472656,103.98223114013672,12450.741289887563,520.4000244140625,104.75244524734192,6.685999870300293,53.41341906525172,37.59093514009468,38.08480195647539,375.65933513524595,3.509999990463257,30.959999084472656,59.48049824402109,436.11395142113383,108.3132322394845,43.59000015258789,104.86426853915933,12541.556324824744,520.4000244140625,105.03642971725661,7.099999904632568,54.20171298869354,37.85870263536464,38.96659158437826,378.71087936203537,3.6619999408721924,1396020,189263,21979,194102,1703790,432995,1346,18158,865113,6097462,1568499,2058723,1857620,64664,2864532
2023-11-14,31.774999618530273,62.522315979003906,474.01702880859375,112.86337280273438,44.77000045776367,110.15648651123047,13431.5439453125,553.0,111.77110290527344,7.001999855041504,55.674346923828125,40.28586959838867,39.85677719116211,395.7351989746094,3.677999973297119,31.950000762939453,62.574459239902765,474.93035641708815,113.11066328106934,44.95000076293945,110.15648651123047,13531.440485811781,556.7999877929688,112.21737838764176,7.019999980926514,55.82161566959141,40.424071422422934,39.890369850419816,399.75036951820994,3.7130000591278076,30.0,59.96719010490682,434.74394164333455,102.180428666688,43.369998931884766,104.86426954351853,12550.638088182472,530.0,105.52328329531142,6.5980000495910645,53.71660712030687,37.772321658458935,38.42072464540435,376.7836136141396,3.5199999809265137,30.450000762939453,60.81890093981528,437.940588273065,105.88978584171241,44.0,104.91327452947675,12568.801095545978,530.0,105.56385604481123,6.76200008392334,53.75992262359334,37.798233470780545,38.56348864189114,376.7836136141396,3.5980000495910645,2556902,262343,35998,555080,1484340,771845,5214,31097,1001256,4598612,2072087,4592761,2352188,89540,1938520
2023-11-15,32.53499984741211,62.087772369384766,483.1502990722656,112.76446533203125,43.849998474121094,112.21456909179688,13522.3583984375,538.4000244140625,110.3105697631836,7.015999794006348,54.773441314697266,39.733062744140625,39.34450149536133,383.85028076171875,3.5910000801086426,32.849998474121094,63.860716212443585,488.6302646572063,115.18790915601053,45.349998474121094,113.19460899652873,13531.43990172725,564.7999877929688,114.36759706143283,7.234000205993652,56.47996571908051,40.7523024433505,40.52861553830219,401.1958213627424,3.796999931335449,31.639999389648438,61.79227841356075,468.5370575124239,110.39047507885762,43.52000045776367,108.9314369063674,13086.446240529507,535.2000122070312,110.10771839827113,6.96999979019165,54.539551478617454,39.57758527849902,39.33610493208862,379.032076400693,3.5910000801086426,31.950000762939453,62.574460495885,474.93035069485467,113.06121694369307,44.939998626708984,109.96047432006918,13349.809835932252,555.0,112.33908341230821,7.099999904632568,56.306716925992276,40.28587004642569,39.89037101168706,400.5533794106128,3.700000047683716,3975782,224462,27454,424386,1795570,1216921,3964,32141,623438,4147543,2376026,3446091,2088096,124342,3955948
2023-11-16,29.514999389648438,62.41801834106445,493.1968994140625,111.379638671875,44.08000183105469,112.65558624267578,13812.9658203125,552.2000122070312,111.24369812011719,7.084000110626221,54.227699279785156,40.53636169433594,39.0589714050293,387.865478515625,3.700000047683716,32.0,63.443544392357815,501.41684773763023,113.70416784127121,44.650001525878906,113.04760370759267,13940.106860078691,558.4000244140625,113.15049360135457,7.1479997634887695,55.12860755890009,41.10644463401052,39.67202625931949,393.00489196315505,3.7330000400543213,29.4950008392334,61.94870913481551,477.6703303584346,110.291561991169,43.77000045776367,109.51946147756321,13467.868712375699,538.0,110.02658987977046,6.958000183105469,54.20171262128477,39.59486073237427,38.807032853217876,385.2957595385318,3.549999952316284,32.0,62.139909918542244,483.15029590747974,112.96229634805708,43.849998474121094,109.96047645240019,13467.868712375699,538.0,110.02658987977046,7.1020002365112305,54.83407997936286,39.733062557295646,39.30251339332841,385.6169927906608,3.6010000705718994,10862234,224816,40945,309444,1311370,761122,5104,31008,934858,3786384,2193694,3808435,2622299,80550,2913738
2023-11-17,29.200000762939453,63.165443420410156,496.8501892089844,111.92367553710938,44.15999984741211,113.43962097167969,13849.2919921875,559.0,112.58250427246094,7.107999801635742,53.933170318603516,41.184181213378906,39.462074279785156,392.5230712890625,3.678999900817871,30.100000381469727,63.20020780615449,501.4168269774493,112.41825650939292,44.290000915527344,113.58662845540216,13921.944015753073,559.0,113.23163109763216,7.23199987411499,54.34897667101145,41.201456852464844,39.462074279785156,392.5230712890625,3.8239998817443848,29.100000381469727,62.018245213361716,487.71691367205455,110.78613779151586,43.310001373291016,111.3325336439541,13631.335921490778,542.5999755859375,110.10771521584442,7.035999774932861,53.56068277310741,40.17357774429466,38.756644459984905,384.33213790153525,3.6700000762939453,29.514999389648438,62.57446212401378,490.4568963331335,111.37963344891477,43.83000183105469,111.87155859189944,13812.965980404713,553.5999755859375,111.1625447591146,7.090000152587891,54.22769789059562,40.432709035592474,39.159746756503296,387.5442744080142,3.700000047683716,3837062,117026,13934,164063,1696980,514373,3213,12191,495145,3432499,2171296,1918932,1391496,67508,3149679
2023-11-20,29.549999237060547,65.28601837158203,489.5435791015625,112.61608123779297,44.209999084472656,116.62474822998047,13513.27734375,567.0,113.10991668701172,7.199999809265137,55.35383605957031,41.46058654785156,39.462074279785156,395.0927734375,3.765000104904175,30.104999542236328,65.40769039488363,502.330165122872,116.67164353401384,45.16999816894531,116.96776069994054,13912.863501764114,567.0,116.80181402304851,7.317999839782715,55.78696465689243,41.89246765772502,39.680420155726345,400.7140120839685,3.7780001163482666,29.25,62.97423666759574,485.8902688097598,112.26987608080577,43.810001373291016,113.29261107084453,13458.788322202621,551.0,111.68995712554101,7.090000152587891,53.96782256543416,40.83867669523655,39.18493964891936,389.15032605542154,3.6649999618530273,29.309999465942383,63.182816331737335,496.8501996851679,112.61608123779297,44.15999984741211,113.6356235408046,13831.129969443045,559.0,112.78535945395862,7.099999904632568,53.96782256543416,41.18418290113186,39.428481620848885,390.595777618994,3.6700000762939453,1881558,241712,19639,342438,1582150,624688,1541,21033,726137,3521714,1509847,2957678,2032810,34927,2658816
2023-11-21,29.799999237060547,63.878089904785156,504.1568603515625,111.97312927246094,44.29999923706055,116.28173828125,13231.7509765625,564.2000122070312,112.74478149414062,7.23199987411499,55.4837760925293,40.97687911987305,39.29411315917969,397.1806335449219,3.755000114440918,30.350000381469727,65.80747000770769,505.9835156426913,114.44603413754803,44.70000076293945,117.60479068098888,13604.092630673043,573.4000244140625,114.57044370308842,7.368000030517578,55.85626695147294,41.60742515414168,39.48726613764425,400.5533617448987,3.8299999237060547,29.610000610351562,63.70427462532261,492.283600959225,111.92367570318324,43.7599983215332,115.20369586209651,12941.1428562811,560.0,111.93337606794161,7.124000072479248,54.83407989049197,40.71775110914492,38.857418215166334,391.3987787640278,3.6689999103546143,29.6299991607666,65.18172439263792,493.1969286047894,113.4074186222355,44.27000045776367,117.5557856940273,13486.033081808724,568.0,112.94763285069038,7.211999893188477,55.544413831937895,41.2014591454978,39.21853128033945,396.5381916211261,3.7669999599456787,2115499,218737,31273,186647,1184080,568498,3660,30030,499512,2596144,1677911,1992463,2559671,57676,3280452
2023-11-22,30.125,64.46907043457031,514.2034301757812,112.61608123779297,44.65999984741211,115.00768280029297,13722.150390625,569.0,113.0287857055664,7.234000205993652,54.582862854003906,40.69184112548828,39.260520935058594,393.80792236328125,3.7109999656677246,30.280000686645508,64.71241447541449,516.0300853451446,113.7041578226269,44.970001220703125,116.62475015926809,13740.313395774734,569.0,113.39391569491842,7.26200008392334,55.60504988396577,41.02870788407466,39.462073682051,399.10795238685233,3.7769999504089355,29.825000762939453,63.00899955887742,495.0235508974661,110.39046695425277,44.099998474121094,113.97864537338967,13131.852723258604,554.4000244140625,111.64939886742262,7.1539998054504395,54.080435413506535,40.277235630690306,38.73144777732924,388.82912558880713,3.691999912261963,29.989999771118164,63.4435443834214,504.15682674428285,111.77529512890796,44.099998474121094,115.64471024196331,13159.097230983207,564.0,112.25795297669768,7.23199987411499,55.44045890670083,40.93369350703921,39.29411359348603,396.6988500585615,3.7699999809265137,1901101,154862,15680,211039,912300,418467,2879,25889,617153,1814003,1687650,2163108,1416870,47943,1039209
2023-11-23,29.940000534057617,64.64289093017578,515.1167602539062,109.20347595214844,44.189998626708984,113.68463134765625,13486.03125,565.2000122070312,111.97395324707031,7.228000164031982,54.63484191894531,40.372249603271484,39.646827697753906,392.5230712890625,3.7290000915527344,30.25,65.3555442347289,524.250036144933,112.7644573050726,44.630001068115234,116.5267486267699,13885.61736111111,572.5999755859375,114.24589100655716,7.322000026702881,55.119947145712224,40.916417456309524,39.91556256346168,398.9473443020204,3.7950000762939453,29.81999969482422,64.06929516340297,511.46344989749554,109.20347595214844,44.189998626708984,113.3906163791885,13458.786742424241,557.2000122070312,111.32482640420768,7.1539998054504395,54.33165321753412,40.156309037623885,39.30251095084256,391.0776196638097,3.690999984741211,30.125,64.31263922389012,512.3767774865983,112.61608150980358,44.4900016784668,115.74271369559675,13667.66130050505,564.4000244140625,112.78535870538242,7.309999942779541,54.8514062212416,40.6918407178323,39.30251095084256,391.0776196638097,3.7200000286102295,822169,226744,8405,221118,407740,197222,2189,23779,201681,1258297,1376689,1068274,1236536,35006,1920769
2023-11-24,29.639999389648438,64.6255111694336,512.3767700195312,110.7366714477539,44.209999084472656,113.97864532470703,13622.2548828125,555.2000122070312,111.73052978515625,7.688000202178955,55.61370849609375,40.182220458984375,39.15974807739258,393.4866943359375,3.940000057220459,30.200000762939453,65.3903077248806,534.2966318385486,111.18179882981879,44.45000076293945,115.30169771708114,13676.74390234375,562.7999877929688,112.90706523035931,7.739999771118164,55.71766173728353,40.484535929944236,39.79799260084878,397.82307341300253,4.019999980926514,29.639999389648438,64.34740272830484,508.7234597163617,108.26376670308136,43.95000076293945,112.70459044191053,13395.21730143229,549.0,111.28425430426826,7.223999977111816,54.574202520267214,40.069930443345775,39.05897009718445,389.63214060224743,3.696000099182129,29.924999237060547,64.66027555340322,520.5967182016627,109.30238971452637,44.130001068115234,113.68463035879671,13613.17337955729,561.0,111.64939666749059,7.26800012588501,54.574202520267214,40.2513197259217,39.655228600912515,389.7927327122691,3.740000009536743,1109116,231511,15018,132684,783910,226474,3734,20292,333522,5336986,1200671,1133250,1521809,26774,7247605
2023-11-27,29.25,63.66951370239258,506.8968505859375,108.41214752197266,44.040000915527344,112.65558624267578,13567.765625,542.5999755859375,110.71627044677734,8.149999618530273,55.32784652709961,39.72442626953125,38.01762008666992,389.15032958984375,4.146999835968018,30.100000381469727,65.19910681052203,523.3367484427787,112.91283738456482,44.25,114.56666858022886,13749.395686914324,551.7999877929688,112.78535680685705,8.149999618530273,55.61370968521148,40.34633283237717,39.075763161852414,391.7200240047178,4.164000034332275,28.774999618530273,63.513077290126134,496.8502463400901,108.41214752197266,43.65999984741211,112.50858623580429,13431.543078564257,535.0,109.62088052513363,7.6620001792907715,55.00733228785024,39.25799387615325,37.438161164971426,383.85029963084816,3.9179999828338623,29.8799991607666,64.92099836989593,516.943454831785,111.18180398306119,44.0,113.92964113437783,13622.254643574297,551.5999755859375,111.68995450414882,7.690000057220459,55.61370968521148,40.09584099574921,38.97498839363792,385.61698445273197,3.9179999828338623,1758634,272779,15155,199037,851940,281234,2855,31178,319973,3904979,1498548,1675360,2085194,60340,5625114
2023-11-28,29.059999465942383,66.27677917480469,506.8968505859375,106.780029296875,44.400001525878906,115.05668640136719,13595.0107421875,560.4000244140625,112.66365051269531,8.454000473022461,56.055503845214844,40.51908493041992,38.76504135131836,397.0200500488281,4.230000019073486,29.55500030517578,66.36368681447799,517.8567824904983,108.41214802085896,45.13999938964844,115.05668640136719,13622.255252692887,561.4000244140625,113.27220459386349,8.46399974822998,56.44532355915349,40.80412803984634,38.83222666976004,398.9473269676434,4.230000019073486,28.920000076293945,63.72165345851658,502.3302122923705,105.69195266312128,43.810001373291016,111.62654673210989,13431.543679155186,538.5999755859375,110.43228554841197,8.100000381469727,55.189246626264186,39.43074600122662,37.84966221077051,385.77757276464075,4.079999923706055,29.239999771118164,64.03452626584279,509.6368335620777,108.26377221927739,43.939998626708984,112.31257167511691,13513.277210671342,543.5999755859375,110.51341866392904,8.197999954223633,55.26720990815011,39.43074600122662,37.95883675145208,385.77757276464075,4.150000095367432,1800408,572089,31397,384126,1948990,358463,2917,24159,436919,3958243,1961930,1361617,2262427,42368,4883974
2023-11-29,28.989999771118164,67.26754760742188,504.1568603515625,103.07067108154297,45.0,114.90967559814453,13258.994140625,563.2000122070312,113.71846771240234,8.331999778747559,51.628929138183594,41.24464416503906,38.41232681274414,405.1307067871094,4.179999828338623,29.524999618530273,67.26754760742188,514.2034644527712,114.3965798173173,45.33000183105469,116.86975535248389,13604.091248394692,568.4000244140625,114.3675945420356,8.498000144958496,54.48758061598476,41.34829470421753,38.91620387066601,406.73677500033875,4.26200008392334,28.924999237060547,65.18173089272885,498.67689447817594,103.0212175125899,44.20000076293945,113.29260830539239,13186.342117936643,557.2000122070312,111.28425138707603,8.055999755859375,50.58942311481123,40.1476657991773,37.45495527697706,391.23822654533774,4.089000225067139,29.290000915527344,66.05082063796523,499.5902221237404,113.75362304727398,44.5,115.10568058273412,13476.950208690068,560.0,112.37965368589866,8.399999618530273,54.374966251799435,40.44134507267565,38.63906924630844,396.8594652916405,4.230000019073486,1464753,357504,31398,1146698,1689730,468073,4826,25322,820755,3530023,12357254,1735505,2748570,62643,3891898
2023-11-30,28.940000534057617,67.07633972167969,506.8968505859375,107.67027282714844,44.58000183105469,112.99860382080078,13513.27734375,564.2000122070312,114.04303741455078,8.407999992370605,51.14382553100586,41.054622650146484,38.29475402832031,398.94732666015625,4.119999885559082,29.3799991607666,67.84113622972596,507.8101782446509,108.80781053756428,45.2400016784668,115.00768113593405,13831.129969443045,568.4000244140625,114.81387010867883,8.447999954223633,53.01494093801784,41.30511451761858,38.84902009545011,409.54738646545377,4.291999816894531,28.940000534057617,66.20725006818844,496.8502463400901,103.71362517123701,44.060001373291016,112.70458885901978,13295.321257560485,556.7999877929688,112.78535650251843,8.25,51.126499990583376,40.64001712553328,37.975633373977814,395.57459818149295,4.086999893188477,29.0,66.91990331882614,502.3302122923705,103.86200096767499,44.95000076293945,114.90967864104408,13295.321257560485,563.2000122070312,113.59676194498259,8.371999740600586,51.89746836458471,41.106449576345064,38.25276480575655,405.53221600991014,4.151000022888184,9574560,257973,144400,693059,5880950,1190127,6211,54456,981334,3772909,6381366,3445627,3963829,236498,5026323
2023-12-01,29.5,68.65808868408203,508.72344970703125,109.7969741821289,45.650001525878906,118.97684478759766,14158.0634765625,573.7999877929688,119.92573547363281,8.736000061035156,52.49518585205078,42.79941940307617,39.25212478637695,409.1458740234375,4.309999942779541,29.55500030517578,68.65808868408203,509.63677726485355,110.24209403175219,45.810001373291016,118.97684478759766,14185.307986138952,579.0,120.65599547179988,8.800000190734863,52.581813556165194,43.01535996847513,39.56284887117856,415.16862977451854,4.329999923706055,28.610000610351562,67.02420237837315,496.85019145534113,105.49412129784625,44.130001068115234,113.29261040388161,13567.765769072723,557.2000122070312,113.92132734011601,8.4399995803833,50.77133584653672,40.93369304982879,38.21077478914494,399.4291565103623,4.120999813079834,28.959999084472656,67.68470579925615,505.9834670335643,106.13707806140725,44.599998474121094,113.34161538949215,13567.765769072723,565.7999877929688,114.0430455938541,8.449999809265137,51.19580003091577,40.93369304982879,38.21077478914494,401.51705007206823,4.120999813079834,1989557,273214,17201,414055,1448120,938782,4814,24967,868322,2591169,2382569,3027998,1290628,61749,2705105
2023-12-04,29.420000076293945,67.35444641113281,510.55010986328125,105.54357147216797,46.47999954223633,117.80078887939453,14167.14453125,571.2000122070312,118.4651870727539,8.699999809265137,51.93212127685547,42.58348083496094,39.537654876708984,409.5473937988281,4.367000102996826,30.0,68.6580808577999,516.0300752643183,109.79697065121282,46.7400016784668,119.66286611985373,14303.367074819711,577.4000244140625,120.89940324548172,8.850000381469727,52.66843859597863,43.13628818111184,39.71401152503919,412.35801316803577,4.440000057220459,29.235000610351562,67.14586675624183,504.15681689540475,104.90062227598993,45.400001525878906,116.52674154010933,14067.24799929888,563.5999755859375,118.4651870727539,8.62600040435791,51.71555697070053,42.48846645453031,39.05057094866688,405.9337403241326,4.289999961853027,29.5049991607666,68.6580808577999,508.7234547296022,109.252928588763,45.650001525878906,117.65378888121181,14158.063028345352,563.5999755859375,119.27659246366318,8.736000061035156,52.46053871259497,42.626668291068036,39.252123692167245,408.74435969334024,4.309999942779541,1035742,182648,18628,668543,1299300,471382,1618,14010,517016,1805433,1506962,1348739,886095,30565,2025352
2023-12-05,30.299999237060547,66.74609375,512.3767700195312,106.58219909667969,46.599998474121094,116.42874145507812,14802.849609375,570.0,119.15489196777344,8.82800006866455,52.26129913330078,42.58348083496094,40.23468780517578,411.9565124511719,4.360000133514404,30.420000076293945,68.39735892838428,525.1633560806247,107.91756620711114,47.150001525878906,119.36886111326585,14875.501631997698,583.5999755859375,121.46739000725705,8.923999786376953,52.72907551588112,43.22266638831773,40.36905524266284,416.7747172751622,4.429999828338623,29.389999389648438,66.5722718260559,509.63678729215405,105.24683198624825,46.09000015258789,116.23272899159905,14158.062908598542,565.0,117.89721107907309,8.527999877929688,51.71555616502987,42.17751479356419,39.18494119869178,403.9261710778547,4.290999889373779,29.584999084472656,67.1284887214202,514.203425171116,105.59303715610726,46.16999816894531,117.11476638447755,14158.062908598542,570.0,118.30291379277874,8.628000259399414,51.802180564338705,42.28116534721956,39.21853385895665,406.7367905585157,4.300000190734863,2609282,337958,22156,486950,1597850,672322,5064,30907,590392,2144958,1777221,2117325,2041465,57882,2483384
2023-12-06,30.315000534057617,66.83299255371094,520.5967407226562,107.32406616210938,46.849998474121094,117.01676177978516,14811.9306640625,560.2000122070312,118.830322265625,8.906000137329102,53.1102294921875,42.69576644897461,41.06608581542969,407.539794921875,4.244999885559082,30.549999237060547,67.68469666114513,523.3367235685649,108.7088943316069,47.29999923706055,118.58482407376819,14929.990197252453,574.7999877929688,120.89940857995111,8.949999809265137,53.42207930470408,43.20538628640589,41.469188101273424,414.7671016298491,4.385000228881836,29.895000457763672,66.31154011213097,515.1167750308389,106.58219473702566,46.61000061035156,116.23272689423823,14657.545120660256,558.0,118.18119544804328,8.696000099182129,52.235307880031606,42.25524587518262,40.058328499034246,407.539794921875,4.215000152587891,30.40999984741211,66.76346379333293,518.7700854920505,106.68110941769555,46.619998931884766,117.60478420538995,14802.849161509428,570.0,119.15489186494798,8.82800006866455,52.47786214022308,42.66985463698379,40.22628858569552,411.55496531519395,4.349999904632568,1338614,199859,17487,238782,948990,346628,2543,21182,619415,1583775,3489026,3071865,4576873,42944,2177456
2023-12-07,30.03499984741211,66.572265625,511.4634704589844,107.07677459716797,45.599998474121094,114.90967559814453,14639.3837890625,555.7999877929688,119.52002716064453,8.859999656677246,52.54716110229492,42.55756759643555,40.25988006591797,408.34283447265625,4.138999938964844,30.34000015258789,66.93728168533957,520.5967467171805,108.31322695972187,46.84000015258789,116.62474538319147,14821.013860887098,557.4000244140625,119.8040116440189,8.913999557495117,53.09290405818253,42.69576942834942,40.94011700951597,411.5549708303566,4.249000072479248,29.760000228881836,65.56412508254387,506.89683232988625,106.48327897248336,45.40999984741211,114.17464569026728,14466.835220829134,540.0,116.55838979243896,8.581999778747559,52.20065690390397,41.68516585529858,39.97434886529845,402.3200788019681,4.080999851226807,30.315000534057617,66.81560966522638,520.5967467171805,107.32406506967875,46.70000076293945,116.52674289089668,14811.932357295867,554.4000244140625,118.4651975826681,8.814000129699707,53.09290405818253,42.32435138726997,40.80574957414046,407.9413174279437,4.249000072479248,1311906,229528,26658,261477,1779780,398315,2638,30244,474986,1965713,1408645,2456321,1535689,44829,3196011
2023-12-08,30.225000381469727,67.09371948242188,526.0767211914062,110.93450927734375,45.43000030517578,115.595703125,14766.525390625,560.0,119.7634506225586,8.880000114440918,53.71660614013672,42.7907829284668,40.44463348388672,409.94891357421875,4.179999828338623,30.549999237060547,67.44135667453023,534.296669960022,110.98396284462439,46.2400016784668,117.01676546517061,14857.340429927737,562.2000122070312,120.33143196727447,8.965999603271484,54.68681655849641,42.963536038565906,40.61259356651156,411.95649885127176,4.192999839782715,30.03499984741211,66.31154408846301,507.81016837226025,107.07677633425115,45.2599983215332,114.81167569187133,14593.9768159498,555.0,118.42462418744469,8.814000129699707,52.84168784456311,42.324350519696665,40.23468418149869,407.53981124175516,4.119999885559082,30.03499984741211,66.6765601563942,509.6368236541748,107.07677633425115,45.900001525878906,116.03672556592649,14666.62884739199,555.7999877929688,119.52002650880473,8.859999656677246,52.84168784456311,42.324350519696665,40.251480510118384,407.53981124175516,4.139999866485596,1219928,116099,33122,381749,888250,602576,2181,19899,252977,993941,3561097,1760859,1246909,36015,1558389
2023-12-11,30.139999389648438,66.6070327758789,529.72998046875,112.61608123779297,46.11000061035156,116.08572387695312,14857.3388671875,554.0,119.11431884765625,8.9399995803833,54.894718170166016,42.76486587524414,39.806392669677734,412.759521484375,4.072000026702881,30.510000228881836,67.49350796570673,534.2966182314116,113.50632846055034,46.22999954223633,116.57574382996198,14984.479908838248,565.0,121.22396552368906,9.010000228881836,55.0419836133998,43.16219899889867,40.88972873476947,416.77469192683003,4.199999809265137,29.940000534057617,66.05081590919906,526.989997811153,110.43992806812511,45.099998474121094,114.81167648539676,14748.360831486858,549.4000244140625,118.2217679278696,8.869999885559082,53.75125892362307,42.3070729550449,39.78959633951561,406.7367658206925,4.063000202178955,30.209999084472656,67.0763420003828,526.989997811153,110.93450902002294,45.43000030517578,115.44870391973049,14775.605340412018,559.7999877929688,120.2502814900536,8.899999618530273,53.75125892362307,42.79941715469086,40.60419752915813,412.759521484375,4.150000095367432,1749387,155109,20063,415342,878790,533455,2070,22226,633604,1198329,2112806,2460083,1174190,49491,2089810
2023-12-12,29.920000076293945,65.85961151123047,537.0366821289062,112.07205200195312,45.720001220703125,113.34161376953125,14884.5830078125,544.2000122070312,118.50577545166016,8.770000457763672,54.27101516723633,42.52301788330078,39.67202377319336,408.74432373046875,3.946000099182129,30.40999984741211,67.51088314465409,543.4299759637742,113.35795800948291,46.25,117.1147658171728,15029.88705181799,558.7999877929688,120.2502923198243,9.0,55.544414314907236,43.127652155849596,40.12551185660618,418.38073214847583,4.099999904632568,29.6200008392334,65.35553793133619,530.6433882940383,111.13234362102432,45.33000183105469,112.85159382887363,14721.115958306322,540.2000122070312,116.92353720687272,8.522000312805176,53.993813126241285,42.09113673076473,39.26052170828339,404.32763653888213,3.9119999408721924,30.200000762939453,66.60702912814192,531.5567159847337,113.1106675218764,45.86000061035156,116.13472593585755,14966.316532565588,550.2000122070312,119.68231094747308,8.960000038146973,55.33651113190646,42.79942155732452,39.63843111410432,412.3579768872214,4.078999996185303,2817749,221642,29299,173024,1041710,558459,4061,35992,1199085,1555857,2686987,2483153,2530171,55008,3081076
2023-12-13,30.93000030517578,65.96390533447266,531.556640625,111.62692260742188,45.09000015258789,113.29261016845703,15193.3564453125,542.0,119.7228775024414,8.682000160217285,54.05445098876953,42.66985321044922,39.27731704711914,412.3580017089844,3.9100000858306885,31.174999237060547,66.20724937399827,542.5165713595361,112.46770874096268,46.540000915527344,114.27265006174318,15374.986528340743,545.0,119.84458336840885,8.8100004196167,54.85140603231048,42.76486428290293,39.59644089327101,415.9716550832598,3.9630000591278076,29.985000610351562,64.92099378284149,527.9033303801547,111.1818027563434,44.810001373291016,112.31257027517087,14766.52575019613,536.5999755859375,117.65379111354204,8.600000381469727,53.907185545370616,42.393449575150036,39.06736773846674,406.73676312677816,3.867000102996826,30.0,66.05081297278498,537.9499335534794,112.07205000520699,45.54999923706055,113.14560268904191,14775.607254347542,545.0,118.22177245649792,8.770000457763672,54.14107538758607,42.49710011463942,39.436877368408965,409.54738241788124,3.950000047683716,3524778,288138,20530,230773,1389950,591271,3844,22873,995015,1083459,1848265,2672840,1845921,46959,1610247
2023-12-14,32.20000076293945,65.4598388671875,540.68994140625,112.76446533203125,45.70000076293945,119.07484436035156,14439.58984375,538.0,120.8182601928711,8.842000007629395,53.872535705566406,42.75623321533203,39.47886657714844,415.16864013671875,4.085999965667725,32.25,67.00681754149265,542.5165966137035,113.55579793199145,46.529998779296875,119.66286678769657,14975.398523486636,551.0,121.30510838966994,8.902000427246094,54.868732837459575,43.093099980132955,40.133910598369326,420.38836191793473,4.090000152587891,31.15999984741211,65.4598388671875,534.2966481801626,111.87421804375276,45.70000076293945,115.54670231917072,14366.93781937893,533.2000122070312,119.19544937829357,8.70199966430664,53.872535705566406,42.45391773281624,39.3528989141395,409.5474012954092,3.927999973297119,31.420000076293945,66.6591803198151,535.2099757838894,112.71500421451861,46.20000076293945,115.54670231917072,14821.012971698114,551.0,120.8182601928711,8.75,54.57420524838317,43.08446380705749,39.77279753131372,413.5625718963446,3.950000047683716,5422169,207523,37796,281546,3575320,1152537,12140,24513,840049,1398689,1961958,3725102,1824623,63777,4299549
2023-12-15,34.27000045776367,65.25125122070312,545.256591796875,113.1601333618164,45.84000015258789,120.83892059326172,14512.2421875,530.4000244140625,118.58689880371094,8.673999786376953,53.91584777832031,42.41936111450195,40.10871505737305,403.9261474609375,3.8980000019073486,34.77000045776367,67.25015339772756,557.1298509147299,114.19874892509546,46.79999923706055,122.79900035972429,15211.517937460889,542.0,120.73713062478033,9.0,55.14593137500563,43.127645837292164,41.51117812398016,419.98682926852945,4.085999965667725,32.095001220703125,64.34739720693342,537.0366431768216,111.82476618233927,45.310001373291016,119.07484581260103,14421.427155037547,522.2000122070312,117.49150890035648,8.550000190734863,53.89852223835883,42.091130564065374,39.638430649922924,401.0352198342398,3.8980000019073486,32.25,65.45983087599531,541.6032812990735,112.86338174561834,46.08000183105469,119.27085079840292,14630.30172970119,538.5999755859375,120.574852014772,8.802000045776367,54.357637481557035,42.842602736783526,39.638430649922924,415.5701417714416,4.079999923706055,12817382,695860,66076,755118,3908760,2030034,14958,149455,2100968,7131230,11322359,6364738,6333438,294429,6463597
2023-12-18,33.84000015258789,65.44245147705078,557.1298217773438,114.05037689208984,45.9900016784668,121.72095489501953,14630.30078125,538.5999755859375,121.75138092041016,8.593999862670898,54.5655403137207,43.53361511230469,39.24372482299805,409.94891357421875,3.8889999389648438,33.97999954223633,66.74608591579181,563.5231148141329,114.09983046201604,46.20000076293945,122.40698732428227,14757.441818455152,547.7999877929688,122.76563765520021,8.829999923706055,54.704141328032776,43.58543873421782,40.310267707179165,413.56256707291413,3.990000009536743,32.75,64.62550510697223,547.0832184338179,111.08289101507145,45.099998474121094,120.05489002430227,14548.567257332403,526.0,118.302908022124,8.59000015258789,53.92450855720935,42.125681838819794,39.08416449994314,404.729191853881,3.869999885559082,33.97999954223633,64.83408476059505,547.0832184338179,113.16012961964296,45.599998474121094,120.1528925207366,14548.567257332403,530.0,118.46518662347768,8.65999984741211,54.00247183429169,42.281159294541624,40.083522066897615,405.5322259647022,3.9600000381469727,2974852,202960,30291,450394,1115370,482148,2879,21427,662141,1336162,1759439,2227220,1416180,40929,2634704
2023-12-19,33.665000915527344,67.96280670166016,561.6964721679688,115.23736572265625,46.369998931884766,123.5830307006836,15011.724609375,550.7999877929688,122.4005126953125,8.670000076293945,54.69548034667969,43.86184310913086,39.56284713745117,403.9261474609375,3.927999973297119,34.15999984741211,68.17139298779571,570.8297481381796,117.51244119766604,47.709999084472656,124.46506811185915,15229.680683558303,563.7999877929688,123.6987539401153,8.84000015258789,55.16326003860121,44.27644856640015,39.74760354908276,417.97924404258043,3.993000030517578,33.220001220703125,65.11219376408451,556.2165065858422,113.25904184758919,45.4900016784668,120.93692594426804,14575.812461008394,538.0,120.65598361173727,8.510000228881836,54.10642517266941,43.14492220228748,39.142948531795476,402.3200792801783,3.875,33.224998474121094,65.4424520684853,557.1298341828633,114.05037441629868,46.06999969482422,121.08393342564915,14784.687032100725,544.4000244140625,121.30511042467074,8.699999809265137,54.56554374637419,43.360862750552194,39.24372330015265,409.9489031387845,3.9600000381469727,2533300,281365,32556,424431,1647180,474447,3903,34988,576101,2253685,1998153,2891937,2259801,71309,1833484
2023-12-20,33.560001373291016,66.6591796875,563.5231323242188,114.74278259277344,45.900001525878906,121.47594451904297,15120.703125,546.0,121.30510711669922,8.734000205993652,54.3316535949707,43.58544158935547,40.03313446044922,410.3504333496094,3.9800000190734863,33.880001068115234,68.1366362079576,572.6564083748543,117.46297786975728,47.099998474121094,125.83711915158696,15311.414695945945,562.7999877929688,123.73932331302095,8.890000343322754,55.44046177298757,44.27645071838974,40.6881785117244,417.1762233368338,4.0229997634887695,33.10499954223633,65.91176198870309,556.2165114837102,114.74278259277344,45.720001220703125,121.32894451342668,14984.480574324325,540.4000244140625,120.08799901853835,8.642000198364258,54.3316535949707,43.1881117520347,39.638431920625074,406.73677982696114,3.940000057220459,33.68000030517578,67.30231086222282,562.6098047191551,115.73194451167666,46.380001068115234,124.46506925176043,14984.480574324325,562.7999877929688,122.52221521486008,8.670000076293945,55.137273069470154,43.79274597556147,39.680421143554575,409.1458821753933,3.940000057220459,2186372,223170,31761,260047,985100,500296,5005,37463,612242,2136210,1545273,1436545,2208061,43363,1836551
2023-12-21,33.040000915527344,66.3115463256836,570.8297729492188,114.74278259277344,46.060001373291016,121.42694091796875,15138.8671875,549.4000244140625,122.80622100830078,8.869999885559082,55.61370849609375,43.44723892211914,40.25148010253906,410.56072998046875,3.930000066757202,33.400001525878906,67.40659456642194,575.3964111328124,115.83085919422567,46.41999816894531,122.06396832642284,15275.089747675465,556.0,123.73933233248047,8.925999641418457,55.61370849609375,43.86184439151016,40.37745096412517,417.12296088645235,3.9570000171661377,32.70000076293945,65.99867350529317,552.5632202148437,113.16012503186958,45.599998474121094,120.44690105176579,14966.318611277746,540.7999877929688,120.61541636707065,8.649999618530273,54.10642284843993,43.188110915623675,39.84837783046444,408.03679106665436,3.9000000953674316,33.400001525878906,66.91990645942712,563.5231518554688,114.00091115359602,45.70000076293945,121.47593842501243,14984.481619301141,545.0,120.73713461439718,8.699999809265137,54.29700048611228,43.23993783491932,39.84837783046444,412.2433559230116,3.9570000171661377,2266858,260412,27526,320409,1416090,354356,4256,30674,514828,1665277,3004614,2729777,1980433,51050,1265924
2023-12-22,33.0,66.91990661621094,568.0897827148438,115.23736572265625,45.70000076293945,121.32894134521484,15038.96875,548.0,122.8467788696289,8.79800033569336,55.83893966674805,43.44723892211914,40.07512283325195,414.7673034667969,3.9100000858306885,33.084999084472656,67.09372190322256,579.963041839109,115.53411732259897,46.18000030517578,123.14201364587977,15211.517304498793,549.4000244140625,123.17134847481199,8.949999809265137,56.00353065360665,43.74091820814504,40.29346869254255,416.95472237258264,3.9749999046325684,32.349998474121094,65.92914489286275,558.0431788404655,113.45687121641322,45.29999923706055,121.32894134521484,14984.479732789856,544.4000244140625,120.8994107627883,8.760000228881836,55.44046213821182,43.23993783491932,39.90716275495117,409.04638541305087,3.8959999084472656,32.849998474121094,66.36368974101995,569.0031103397872,114.74278475388948,46.04999923706055,121.965961291881,15038.96875,549.4000244140625,121.7108162041493,8.800000190734863,55.65702644343921,43.34358837851923,40.25147947386036,409.04638541305087,3.9489998817443848,1451586,107274,17804,303527,881670,188580,2784,9724,193958,751444,1320539,1044221,775981,30861,1111363
2023-12-27,33.400001525878906,67.4065933227539,575.3964233398438,113.75361633300781,46.20000076293945,123.09300994873047,15075.2958984375,554.0,124.3478775024414,8.89799976348877,56.696533203125,44.31100082397461,40.167503356933594,417.45953369140625,3.890000104904175,33.56999969482422,67.94543131029089,583.6163722446987,115.63302541654657,46.47999954223633,123.92604236833637,15184.273941076808,556.0,124.71300745608899,8.949999809265137,56.791822027387184,44.48375392540162,40.5202166585263,419.81519989382195,3.946000099182129,33.165000915527344,66.9199052247386,568.0898020910838,113.35795007120393,45.2400016784668,122.2109725432785,14929.991841585092,548.0,122.48164260694242,8.819999694824219,55.65702716810617,43.412687332547215,39.940757718664464,413.0846956871074,3.871000051498413,33.20000076293945,66.9199052247386,579.9630616203187,115.23735915474269,45.709999084472656,122.50498750413284,15020.806877117848,549.0,122.68449395686483,8.87600040435791,55.847604816630536,43.44723861183089,40.09192147751055,414.767321738786,3.9000000953674316,1258839,130880,35048,357764,1340780,539071,1856,34806,414730,1261562,2824504,1542098,1112717,74049,1510682
2023-12-28,33.47999954223633,66.74609375,579.9630126953125,114.44603729248047,46.130001068115234,122.21097564697266,14721.1162109375,546.0,123.98275756835938,8.793999671936035,57.26826477050781,43.68909454345703,39.814788818359375,411.2337951660156,3.816999912261963,33.875,67.94543518738644,581.789667853408,116.27599298045668,46.900001525878906,124.17105549681736,15120.702338809955,556.0,124.9564416504617,8.937999725341797,57.72738003507592,44.449202922475614,40.22629089411527,421.918480822686,3.924999952316284,33.345001220703125,66.64180059563354,572.6563920629306,113.95145630582894,46.0,122.11297314990267,14666.627193500346,540.7999877929688,123.4553365872997,8.760000228881836,56.73984734286805,43.585440704961556,39.806392255151955,411.2337951660156,3.812000036239624,33.5,67.80637764823115,577.2230299581693,114.4954984098284,46.5099983215332,123.24002055898563,15075.294824278993,556.0,124.79416303362211,8.89799976348877,56.80048508330124,44.39737929821925,40.14230924417918,419.646925391792,3.890000104904175,1391893,70448,19152,268861,615510,420054,4507,15287,237868,1386405,2781493,1208271,557210,31228,2097117
2023-12-29,33.32500076293945,66.34629821777344,571.7430419921875,113.75361633300781,46.06999969482422,120.25089263916016,14702.9541015625,535.0,123.37419891357422,8.678000450134277,56.739845275878906,43.464515686035156,39.69721603393555,412.0751037597656,3.7339999675750732,33.630001068115234,67.28491659603148,579.0496623371356,115.13844447596829,46.619998931884766,122.74999737292643,14830.095150000965,548.0,124.63187981450207,8.838000297546387,58.1864931799546,43.896396806361416,39.898765578117484,415.6086286865491,3.815000057220459,33.040000915527344,65.6336449966429,564.4364216472394,113.6547016542334,45.5,120.25089263916016,14575.813053124035,526.5999755859375,122.52222073029638,8.61400032043457,56.739845275878906,43.07582201874323,39.47047039405169,408.37333163517644,3.6659998893737793,33.5,66.57226337490094,579.0496623371356,114.44602663113493,46.279998779296875,122.50498739813017,14784.687632701512,546.0,124.3884557076992,8.800000190734863,57.30291376454233,43.53361824688326,39.764398147472114,413.7577297868367,3.8010001182556152,1212698,99585,12555,164252,1693410,474559,1745,30360,214336,1178147,3142868,615213,812203,23131,3456460
2024-01-02,31.309999465942383,63.443546295166016,580.8763427734375,110.68722534179688,45.77000045776367,117.75179290771484,14267.041015625,525.0,120.8994140625,8.571999549865723,56.739845275878906,42.8685188293457,39.764400482177734,407.7002868652344,3.7119998931884766,33.349998474121094,66.34630262788724,580.8763427734375,114.59441208306228,46.58000183105469,121.37793746764439,14721.116159343173,535.0,124.06389041775024,8.8100004196167,57.848653408560104,43.60271537999186,40.04153512616473,411.90685188515045,3.7939999103546143,31.309999465942383,62.80042179203744,559.8698083649641,108.75835498291225,45.47999954223633,116.624745551917,14185.307489755729,517.5999755859375,119.27660313548657,8.539999961853027,56.19410563186113,42.2293333527312,39.411687157364206,398.2775709506882,3.681999921798706,33.32500076293945,66.13772296239678,576.309704858552,113.80308703945134,46.13999938964844,120.64290755870373,14702.953153594446,533.0,123.33363045302013,8.569999694824219,57.10367170522409,43.36086301883619,39.697218364696674,409.21464000247005,3.7339999675750732,2842748,178064,19005,399398,1059640,470629,3177,35566,451051,917884,1788865,1565924,858794,42220,1909145
2024-01-03,30.334999084472656,64.90361785888672,564.4364624023438,110.43993377685547,45.630001068115234,114.86067199707031,14103.5751953125,527.7999877929688,121.91366577148438,8.319999694824219,56.0035285949707,43.22266387939453,39.8903694152832,407.0272216796875,3.627000093460083,31.5,65.07743314341552,582.7030145836493,110.78613895173828,46.20000076293945,117.75179415581427,14248.879253989255,530.4000244140625,122.03537163347278,8.609999656677246,56.72252364806042,43.22266387939453,40.10031872799522,411.7385796441665,3.7980000972747803,29.834999084472656,63.39140366547636,558.9564967479521,107.22515742334521,45.0,113.48862213419356,13794.804070624397,518.2000122070312,119.11431951617229,8.128000259399414,55.128606983488254,42.358901627424174,39.42848156803122,398.27757155984665,3.562999963760376,31.329999923706055,63.44354692470938,580.8763593655187,110.63776314915799,45.77000045776367,117.50678418357043,14194.390231985471,521.7999877929688,120.04743080758823,8.607999801635742,56.71385922564475,42.77350711297097,39.72240932439914,411.7385796441665,3.7739999294281006,4282703,225115,21440,390528,1662350,643158,4230,34393,370401,1980724,1947154,2916849,1580559,69217,2407222
2024-01-04,30.0,64.46907043457031,580.8763427734375,111.03343200683594,45.34000015258789,113.92963409423828,14003.677734375,527.0,121.54854583740234,8.39799976348877,55.743648529052734,42.96353530883789,39.680419921875,407.0272216796875,3.694999933242798,30.844999313354492,64.52121369171469,583.6163255223688,111.28072250128322,45.70000076293945,116.13472378638482,14484.99739709995,528.0,122.1570999597047,8.482000350952148,56.705194533056996,43.17947586904618,40.15070753349435,407.86853468495747,3.696000099182129,29.834999084472656,63.04376394051627,562.6097911138954,108.80781755681026,44.970001220703125,112.90058924705892,13903.781200601896,506.0,118.62748109792494,8.220000267028809,55.743648529052734,42.2034236143071,39.41168505911316,394.91231953876667,3.6089999675750732,30.5,64.1388187549429,564.4364462798496,110.43993632950382,45.560001373291016,115.6447038547967,14212.552304991488,518.2000122070312,121.71082446046991,8.279999732971191,56.02085056387266,43.10173713557154,39.82318391615436,402.4841365861966,3.614000082015991,4493008,232088,15045,211875,1620760,708352,4157,34140,516808,1404538,1944386,2707829,1653906,67316,1151190
2024-01-05,29.93000030517578,64.74718475341797,582.7030029296875,109.89588928222656,45.150001525878906,113.5376205444336,13703.98828125,525.5999755859375,119.68231201171875,8.395999908447266,55.7089958190918,42.96353530883789,39.74760437011719,407.8685302734375,3.688999891281128,30.114999771118164,65.09482197083717,582.7030029296875,110.83559764690212,45.47999954223633,114.37065296125893,13794.803312934891,528.7999877929688,120.2908661405919,8.430000305175781,56.003526690045504,43.09309766796799,39.89036836127446,407.8685302734375,3.7209999561309814,29.530000686645508,62.40064513943808,570.829744249302,106.48328363096404,44.630001068115234,111.38153576240201,13549.602727385685,511.3999938964844,116.76124724070148,8.25,54.97267855523398,41.47786320020758,38.96659269117909,394.2392751403794,3.61299991607666,30.0,64.13882459590567,576.3097097940953,110.83559764690212,45.099998474121094,113.68462802437007,13794.803312934891,519.0,119.72288476319005,8.39799976348877,55.46644487184618,42.50573908060212,39.51245896766374,406.1859042810969,3.700000047683716,2208320,162104,11825,509914,2067080,496019,3986,22462,671999,1258400,1659655,3504411,1437988,37540,1228292
2024-01-08,29.895000457763672,65.51197814941406,592.7495727539062,109.05509948730469,45.06999969482422,112.65558624267578,13622.2548828125,537.0,122.15708923339844,8.586000442504883,54.66082763671875,43.378143310546875,39.91556167602539,410.56072998046875,3.6989998817443848,29.969999313354492,65.51197814941406,592.7495727539062,109.79697091238839,45.2400016784668,113.68463115344369,13722.151418619791,539.0,122.15708923339844,8.628000259399414,55.596386992696104,43.499069504094145,40.00793988472841,410.8972500340104,3.7200000286102295,29.520000457763672,63.46092595982348,575.3963495145778,108.06593758719308,44.0,111.0385263501994,13531.439850260416,511.20001220703125,117.85663800386055,8.239999771118164,54.14973575991829,42.32435226107781,39.32770617259203,397.43624249366724,3.5999999046325684,29.6299991607666,64.67765284645608,579.9629872091379,109.59914155104862,45.119998931884766,113.68463115344369,13640.417889322916,528.4000244140625,119.07374614159406,8.302000045776367,55.466447091751824,42.764869579713114,39.62163392430871,402.3158731319422,3.7200000286102295,2388508,185661,24764,133249,1503900,416631,4298,20724,439962,1608718,2119961,2660283,1523245,28568,1173754
2024-01-09,30.4950008392334,65.21649169921875,611.0161743164062,110.2420883178711,45.099998474121094,112.21456909179688,13985.5146484375,531.2000122070312,122.6033706665039,8.723999977111816,54.69548034667969,43.70636749267578,39.554447174072266,407.0272216796875,3.7090001106262207,30.549999237060547,66.25939668401774,611.0161743164062,110.29154943046859,45.650001525878906,114.27265139631155,14049.085169566762,542.0,124.22618159587621,8.772000312805176,55.3278477207918,43.723643132663945,39.932356557992115,414.2625186599765,3.7260000705718994,29.915000915527344,64.69503920681926,587.2696563310153,108.46160146495453,44.88999938964844,111.92055412953289,13703.988054865058,531.2000122070312,120.29086013972244,8.61400032043457,54.686819228462944,42.38481233599934,39.184937556224035,404.50328266387754,3.6640000343322754,30.190000534057617,66.05081701318359,592.7496220199516,109.05509708259339,45.08000183105469,113.58662645384368,13758.477072975853,538.2000122070312,124.22618159587621,8.67199993133545,55.30186106163251,43.51634204278876,39.92395999549261,411.0655395098847,3.7179999351501465,2677187,113855,20936,225119,2003070,299818,13283,17372,640726,1520108,1181502,4793299,1038067,65967,757629
2024-01-10,31.450000762939453,63.721656799316406,575.3964233398438,109.99480438232422,45.9900016784668,110.20548248291016,14403.263671875,531.2000122070312,119.68231201171875,8.697999954223633,54.193050384521484,42.77350997924805,38.84062194824219,402.3158874511719,3.7079999446868896,31.53499984741211,65.00791247805199,611.9295295836433,111.92367468761408,46.0099983215332,112.50858220282323,14484.99719838627,543.4000244140625,122.19767403015393,8.803999900817871,54.94669320605505,43.61999664750357,39.78119395031292,411.40205759436486,3.744999885559082,30.405000686645508,63.4956916198166,572.6564403715588,109.25293292952966,45.099998474121094,109.86247001732022,13994.596039318647,531.0,119.19546375619406,8.649999618530273,54.193050384521484,42.62666867317759,38.80702929013233,398.95063544631,3.680999994277954,30.5049991607666,64.92099820319406,611.0162019275484,110.14318018222447,45.099998474121094,112.16556226012233,14167.144595286885,533.0,122.03538302426874,8.723999977111816,54.5655412363791,43.56816972271545,39.478866434468564,407.53201265380665,3.700000047683716,3872696,170065,29251,199370,1675990,483197,7146,29962,543683,1193760,1181504,1951791,1646962,53914,934595
2024-01-11,31.405000686645508,61.2012939453125,557.1298217773438,106.43382263183594,46.380001068115234,108.63742065429688,14530.404296875,514.4000244140625,117.57264709472656,8.465999603271484,53.53469467163086,41.84927749633789,38.67266082763672,394.74407958984375,3.5989999771118164,32.439998626708984,64.3126366048435,579.963011194448,110.58830728432967,46.790000915527344,111.96955778624631,14839.175388183594,537.7999877929688,120.89941445842459,8.75,54.49624069904342,43.17083255259355,39.1093557606765,406.69070907910833,3.7009999752044678,31.270000457763672,60.74937022718725,542.5165805503971,106.43382263183594,45.900001525878906,108.39241068102281,14366.937248535156,514.4000244140625,116.11212716048338,8.460000038146973,53.53469467163086,41.77153876979396,38.38712964847886,390.7057616855059,3.571000099182129,31.475000381469727,64.29525772864288,553.4765114706071,109.99480408632581,45.939998626708984,111.82255030685968,14466.833778076172,533.5999755859375,120.6965630918836,8.75,54.40961630024422,43.101733292882926,38.8826101298536,402.8206640488479,3.7009999752044678,5725913,275514,52876,385541,1189620,728012,5504,35751,849172,1356799,1590747,2265597,2079580,55515,2199416
2024-01-12,32.400001525878906,62.139915466308594,557.1298217773438,106.82948303222656,40.91999816894531,108.83343505859375,14584.89453125,526.5999755859375,119.96630096435547,8.529999732971191,53.404754638671875,42.66985321044922,39.12615203857422,397.4362487792969,3.617000102996826,32.88999938964844,62.95686193130311,572.6563905809746,108.65943100075216,46.150001525878906,110.59750241133607,14939.073165570517,527.7999877929688,120.08800682966239,8.67199993133545,54.20170963079669,42.808055028098806,39.40328345128385,400.29670779189235,3.6510000228881836,31.3799991607666,60.94057403034872,551.6498563172387,105.988696943629,40.91999816894531,108.49041510820865,14457.753483032378,514.2000122070312,116.92353052103633,8.449999809265137,53.27481474432124,41.85791464864054,38.6642642150101,392.5566437386831,3.5880000591278076,31.389999389648438,61.20129697001213,558.9564769307121,106.82948303222656,46.150001525878906,109.76446998278182,14648.46505535881,515.4000244140625,117.2886604980217,8.468000411987305,53.62131892625042,41.85791464864054,38.672660777516164,394.57578976670135,3.5899999141693115,3976776,214453,40733,230382,9535460,407524,7195,15925,462461,1123622,1067024,1705773,2088071,40563,876981
2024-01-15,31.100000381469727,61.288204193115234,565.3497924804688,105.49412536621094,41.4900016784668,106.97135925292969,14076.330078125,512.7999877929688,117.53207397460938,8.34000015258789,52.703086853027344,42.237972259521484,38.731449127197266,391.54705810546875,3.5829999446868896,32.69499969482422,62.730896312339574,566.2631200935228,106.82949251328562,42.060001373291016,109.96047653634135,14712.035307459677,530.7999877929688,119.88514461876204,8.539999961853027,53.72527058764774,42.84260315438876,39.27731863316498,396.7632088826882,3.63100004196167,30.915000915527344,60.9405736092992,553.4765335107659,104.35658759399661,40.849998474121094,106.62834677478229,14030.922561743952,507.79998779296875,116.35552627146953,8.248000144958496,52.54716029659312,41.81472733812314,38.46271425755627,389.1913920172737,3.5399999618530273,32.400001525878906,61.827042207035475,557.1298439629821,106.78003139621708,41.29999923706055,109.66646904526267,14584.89426159274,527.0,119.76343876446789,8.489999771118164,53.491380752996406,42.756228253690935,39.05057298623558,393.06143688345253,3.5999999046325684,2013173,104321,22364,259067,3154620,650482,2193,12658,338253,743332,1147652,1978939,450382,30425,989430
2024-01-16,30.885000228881836,61.27082061767578,561.6964721679688,103.86200714111328,41.9900016784668,108.09840393066406,13967.3515625,510.20001220703125,116.84239196777344,8.206000328063965,52.46053695678711,42.06521987915039,38.89101028442383,388.5183410644531,3.565000057220459,31.40999984741211,61.70536544475149,565.349782556053,105.79086996933688,42.36000061035156,108.83343385545885,14167.14462776333,512.0,117.41037334140371,8.326000213623047,53.049592114174104,42.160234248530045,38.966592162119774,391.0422801159974,3.5799999237060547,30.545000076293945,59.60217007305572,553.4765237947789,103.71363133585601,41.11000061035156,106.187321639931,13713.069479437581,497.8999938964844,114.9761568420751,8.081999778747559,52.105371638760445,41.39148312127255,38.05121306716756,383.6387358347351,3.502000093460083,31.100000381469727,61.70536544475149,560.7831445709477,105.4446647882079,41.36000061035156,106.82434907017536,13940.107053600455,504.3999938964844,116.88296471897533,8.300000190734863,52.45187253430583,41.92701805868671,38.75664285780571,391.0422801159974,3.5799999237060547,1241545,173386,25155,315846,2044070,510318,2573,21283,362448,1284389,1036337,2052419,970142,38667,1362218
2024-01-17,30.19499969482422,59.86289596557617,560.7831420898438,98.91619873046875,40.810001373291016,103.78622436523438,13767.5595703125,493.20001220703125,116.1526870727539,7.863999843597412,50.76266860961914,41.978843688964844,38.66426467895508,384.9848327636719,3.4079999923706055,30.795000076293945,60.80151443005136,565.3497800547448,103.96092335638124,42.029998779296875,106.82434648545353,13885.619118079032,510.0,116.96409253573107,8.175999641418457,52.399897429269856,42.26388681073147,38.86581421724015,386.83570595313955,3.563999891281128,30.1200008392334,59.41097224043711,552.5631937530219,98.91619873046875,40.52000045776367,103.68822187305521,13622.255511522922,490.20001220703125,114.24589166339648,7.820000171661377,50.67604421481615,41.26192274071888,38.12679497209868,382.96568670478206,3.3940000534057617,30.600000381469727,59.984567992753156,564.4364524617645,103.76309397760313,41.7599983215332,106.72634399327438,13831.130096032939,510.0,115.78755709062715,8.140000343322754,52.2786186502333,41.8060938763697,38.70625389913346,386.49918588913044,3.563999891281128,1823353,126153,27185,651055,1740420,1077959,5694,29288,536153,2100520,2844316,2751434,1964602,87912,3331439
2024-01-18,30.59000015258789,61.722747802734375,571.7430419921875,98.8172836303711,41.13999938964844,103.88423156738281,13722.150390625,493.70001220703125,118.66804504394531,8.130000114440918,51.10917282104492,42.75623321533203,38.87421798706055,389.19140625,3.5,31.024999618530273,62.035620626331294,579.0496623371356,100.89452228573602,41.599998474121094,105.84431140827684,14221.63303224272,497.1000061035156,119.03317501402151,8.210000038146973,51.60293914156549,42.7648693884075,38.941400105550585,390.20096646407404,3.5320000648498535,30.020000457763672,59.88028187558388,556.2164737591728,96.04762705874651,40.5099983215332,103.6882265741379,13622.253862301455,488.79998779296875,115.86869876527538,7.771999835968018,50.50279214362228,42.02203658922702,38.46271589835883,384.31177535338395,3.4200000762939453,30.450000762939453,59.88028187558388,556.2164737591728,99.70753092458664,40.810001373291016,105.84431140827684,13912.86194469722,490.0,115.86869876527538,7.791999816894531,51.10917282104492,42.02203658922702,38.471115665402884,384.31177535338395,3.4200000762939453,2118796,164430,48093,594224,2072840,543082,3594,18694,415518,2341185,2907307,2119613,1578933,71252,1706126
2024-01-19,31.510000228881836,60.67984390258789,586.3563232421875,98.12486267089844,41.41999816894531,104.96227264404297,13812.9658203125,499.29998779296875,116.76123809814453,8.42199993133545,51.92345428466797,42.998085021972656,39.00018310546875,391.88360595703125,3.5959999561309814,31.510000228881836,61.87918532752935,590.0096336673724,100.3504770640593,41.939998626708984,106.13832501982746,14085.410905525765,502.0,119.39830578344232,8.456000328063965,52.209320740810824,43.37814253200478,39.29411406487663,395.5854038936344,3.6080000400543213,30.25,60.645079518159804,576.3097195729289,96.70047459103611,40.720001220703125,104.37425019470628,13794.802814631617,492.29998779296875,116.76123809814453,8.199999809265137,51.542302314319734,42.592118993063245,38.70625534963314,386.66748048471726,3.4809999465942383,30.93000030517578,61.47940485254886,576.3097195729289,99.41077622785188,41.08000183105469,105.3542901026378,13885.617843036038,497.5,118.70861858669544,8.199999809265137,51.68956444905351,42.747596466259736,39.0505720937144,388.8548995359364,3.4809999465942383,2721973,302952,21280,506057,1644770,402361,3970,20105,811620,1718539,1842601,4388583,1312328,58044,1882928
2024-01-22,30.225000381469727,61.61846160888672,596.4029541015625,100.44940185546875,41.0,103.63922119140625,13858.3740234375,502.0,120.08800506591797,8.206000328063965,51.984092712402344,43.144927978515625,39.30250930786133,390.03271484375,3.5969998836517334,31.524999618530273,62.13991410743887,605.5362305809126,100.44940185546875,41.970001220703125,106.33433096234117,14030.922585983577,511.3999938964844,120.29085642582662,8.592000007629395,52.48652347064636,43.5681696645828,39.562847599695566,397.94105196776167,3.6600000858306885,30.1200008392334,60.85365842242384,587.2696776222124,98.56009885561699,40.619998931884766,103.29620871598223,13822.048010269906,501.20001220703125,118.54633968303804,8.175999641418457,51.82816945776722,42.84260919347593,39.008581561896996,386.16266987992094,3.5460000038146973,31.299999237060547,60.8710439297316,587.2696776222124,98.9656588888988,41.709999084472656,105.89331599066902,13949.189056356487,505.3999938964844,119.43887823799741,8.5,52.31327137109639,43.170839793379244,39.008581561896996,389.5279219050183,3.630000114440918,2506248,67534,24209,248633,2069570,524180,4647,19503,536016,1388235,1233116,4631355,1451059,81199,955919
2024-01-23,30.0,61.25344467163086,593.6629638671875,102.62554931640625,41.59000015258789,105.94231414794922,13685.82421875,494.5,118.34349060058594,8.052000045776367,52.01874542236328,42.85988235473633,38.87421798706055,386.4991760253906,3.5369999408721924,30.604999542236328,61.61846075248136,600.9695849609375,107.42298312450659,41.72999954223633,106.5303366061442,13976.432297714831,507.3999938964844,120.16915287489763,8.279999732971191,52.38257517326372,43.27448784351954,39.42008431274233,399.1188706649321,3.5969998836517334,29.7549991607666,60.15838979845119,584.5296874999999,99.70752466777901,40.849998474121094,103.59021683805804,13640.416706411746,488.1000061035156,117.65379101119787,8.026000022888184,51.53364349384144,42.54892741440104,38.58868677543981,382.797404066092,3.509999990463257,30.53499984741211,61.531553109035265,600.0562573242187,102.67501043114497,41.0,104.96227422525384,13940.106287844228,507.3999938964844,120.16915287489763,8.25,52.295947468521206,43.18811293564486,39.36969852476793,395.5853715707612,3.5899999141693115,1541835,193284,19149,466631,1547710,566389,6253,15555,423101,1084970,1800508,3041197,1284627,108236,968020
2024-01-24,30.520000457763672,62.19205093383789,593.6629638671875,104.35658264160156,41.900001525878906,110.7445068359375,13740.3154296875,498.1000061035156,119.27660369873047,8.279999732971191,52.59047317504883,43.19680404663086,39.06736755371094,388.35009765625,3.6530001163482666,30.6299991607666,63.53044974105154,595.489619140625,104.5049584390589,42.20000076293945,112.11656416826511,14049.086562938905,507.0,119.96630329839398,8.279999732971191,53.05825285040392,43.39186120180113,39.21013154520475,390.8740367324282,3.6540000438690186,30.020000457763672,61.01008852306811,589.0963256835937,102.92230087516265,41.38999938964844,108.00039217128229,13613.174374819275,492.20001220703125,118.10006824730291,8.092000007629395,52.02740798464786,42.89534838983333,38.731447380026836,384.14353252928635,3.5510001182556152,30.299999237060547,61.70536286962478,595.489619140625,103.07066912591343,41.63999938964844,108.09840214132142,13758.478437525817,498.29998779296875,119.56060056472482,8.145999908447266,52.47786211967399,43.24999991520463,38.87421457509285,386.8357188056415,3.575000047683716,1271488,225084,27527,304587,1753660,1015636,8559,34306,338506,1681015,1397204,3538040,1709274,68166,1361166
2024-01-25,30.200000762939453,62.574459075927734,593.6629638671875,105.1973648071289,42.310001373291016,109.61746215820312,13622.2548828125,498.20001220703125,118.830322265625,8.222000122070312,52.38257598876953,43.22340393066406,39.05057144165039,387.6770324707031,3.640000104904175,31.100000381469727,63.09591157543481,596.4029467773437,105.84032154078334,42.380001068115234,111.33253199632422,13840.2109609375,499.70001220703125,120.08800315324004,8.347999572753906,52.98895340886207,43.33866728817304,39.24372442134172,388.51834549748406,3.7009999752044678,29.934999465942383,60.74937201233883,588.182998046875,101.53746885664414,41.5099983215332,108.8824322275798,13567.765863281249,489.5,117.81606548223616,8.149999618530273,52.243974963532786,42.68255669416812,38.773436816285304,383.97526028783443,3.622999906539917,30.59000015258789,62.452787047063694,592.7496362304687,104.35657871544524,41.63999938964844,110.74450954724777,13740.314425130207,498.1000061035156,119.23602497898055,8.279999732971191,52.755066863688725,43.170204677450684,38.98338612511138,388.0135782212843,3.6530001163482666,1608795,262976,34156,478910,1298410,547101,7905,22323,411123,1072168,1009831,3124437,1905434,68611,1156989
2024-01-26,30.219999313354492,63.18281936645508,592.7495727539062,104.0103759765625,42.540000915527344,111.08751678466797,13613.173828125,506.79998779296875,120.16915893554688,8.27400016784668,52.85901641845703,43.67558670043945,39.05057144165039,393.56622314453125,3.634000062942505,30.299999237060547,63.252348134717785,593.6629002928182,105.44465772228764,42.72999954223633,111.92054917136383,13785.722395659606,508.20001220703125,120.73714030665444,8.333999633789062,52.92831527831214,43.74651903960877,39.10935699183592,394.4075361702142,3.6730000972747803,29.850000381469727,61.740133893459465,589.0962625982581,102.52663311683038,41.93000030517578,108.2944046753415,13476.951274808205,490.70001220703125,117.61322419396487,8.10200023651123,51.88014482612198,42.79782098777976,38.63067282399824,381.95611366004147,3.569999933242798,30.059999465942383,62.74827451075558,589.0962625982581,105.19736724566562,42.5,109.02943457132797,13540.521799689377,495.3999938964844,118.18120556507243,8.170000076293945,52.29594789877983,43.081543579976845,38.83222557004304,386.835718939068,3.630000114440918,1052361,107450,22400,232329,1272300,416980,9325,11472,284830,779395,1286582,4339511,1429811,66056,866063
2024-01-29,30.135000228881836,62.45278549194336,593.6629638671875,103.86200714111328,42.560001373291016,111.28353118896484,13440.6259765625,503.3999938964844,118.78975677490234,8.14799976348877,53.96782302856445,43.17906951904297,38.76504135131836,387.6770324707031,3.5989999771118164,30.364999771118164,63.7737988998423,593.6629638671875,104.5049639327568,42.689998626708984,111.67554115865656,13785.723130014781,508.20001220703125,120.57485872756939,8.168000221252441,54.028460768349206,43.74651464645259,38.933001443850245,395.08060251127665,3.628999948501587,29.850000381469727,62.31372795920236,587.2696704101562,102.62555467514764,42.290000915527344,110.15648383332392,13258.995895798142,495.20001220703125,118.54634503687048,7.935999870300293,52.84168932676471,43.108137186996885,38.51310281430669,386.16267929243196,3.5829999446868896,30.200000762939453,63.39140394606077,592.7496362304687,104.20821232224226,42.5,111.08751872700809,13613.174553288642,507.0,119.64173500120889,7.980000019073486,52.85901486734735,43.67558231440651,38.63067391800732,392.8931835066791,3.6010000705718994,877959,147343,6932,185957,613960,303176,4721,13729,158422,1153185,2747095,2481309,960854,28865,591222
2024-01-30,30.145000457763672,63.59998321533203,610.1028442382812,102.67501068115234,42.65999984741211,108.83343505859375,14049.0859375,523.5999755859375,121.06168365478516,8.305999755859375,53.70794677734375,44.260765075683594,38.96659469604492,399.7919616699219,3.5989999771118164,30.485000610351562,64.06929243944492,617.4094651273625,104.90062500909605,42.869998931884766,111.52854481263526,14058.167441014866,526.5999755859375,121.46738635629653,8.4399995803833,54.13241426230994,44.260765075683594,39.12615502441355,399.7919616699219,3.6730000972747803,29.959999084472656,62.557078248833214,593.6629472378486,102.57608845143403,41.95000076293945,108.83343505859375,13440.625202003877,501.79998779296875,119.03317014722822,8.09000015258789,53.413419195094086,43.223404979647306,38.26116485953398,388.35009934000556,3.5409998893737793,30.135000228881836,62.574457125002695,593.6629472378486,103.86200197070636,42.599998474121094,111.4305348398903,13449.706705518745,507.0,119.03317014722822,8.184000015258789,53.98514881893061,43.436198615425056,38.76504194122507,388.35009934000556,3.5999999046325684,1008612,186590,98364,316217,678190,502294,5547,88591,528235,1767332,2755482,2828944,1792834,46074,1472516
2024-01-31,30.385000228881836,65.56412506103516,626.5427856445312,103.61471557617188,43.38999938964844,110.20548248291016,14139.8994140625,534.2000122070312,125.36214447021484,8.472000122070312,54.2796745300293,45.218326568603516,40.61259460449219,409.7194519042969,3.6700000762939453,30.399999618530273,65.77270471964252,632.0227516997312,104.05983544063258,43.619998931884766,110.54850242561105,14239.795941714836,538.0,125.52442308716721,8.539999961853027,54.452926626175916,45.218326568603516,40.63778749627955,412.07511815455126,3.6700000762939453,30.020000457763672,62.62659781193746,611.9295428306647,101.43856227726438,42.400001525878906,108.29440769097266,13822.046826077793,519.0,121.02112027561643,8.3100004196167,53.58666944995169,44.154365267011954,39.07576413401875,392.2201508813991,3.5969998836517334,30.020000457763672,63.53045184007307,612.8428705065313,102.82338298745631,42.619998931884766,108.98043262215255,13921.943353730128,521.2000122070312,121.02112027561643,8.38599967956543,53.707944925901664,44.26076038249919,39.09256046306773,394.07102417093137,3.5989999771118164,1345668,225011,98094,274878,1698710,412514,9238,37848,916222,1884893,1467211,4052460,3870770,74523,1426702
2024-02-01,30.969999313354492,65.8074722290039,628.369384765625,103.66416931152344,44.709999084472656,109.61746215820312,14330.6123046875,543.0,125.40271759033203,8.892000198364258,56.78316116333008,45.39565658569336,40.31866455078125,407.36376953125,3.869999885559082,31.290000915527344,67.07634237766861,629.2827123597611,104.45549429718545,44.900001525878906,110.450494584154,14503.160868558894,553.7999877929688,127.35008576164523,8.895999908447266,56.99972545974397,45.838973537932084,40.83094138569847,413.25296059863786,3.880000114440918,30.125,64.31263690490825,621.9760916066724,102.52663162625882,43.20000076293945,108.29440977850335,13876.537136604878,525.4000244140625,123.0090739352823,8.449999809265137,53.75125770902665,44.54448884913259,39.77279826058907,395.9219074653579,3.6519999504089355,30.389999389648438,64.46907331395612,626.5427295773528,102.52663162625882,43.38999938964844,108.29440977850335,13994.59668030636,534.0,124.6318848717316,8.5,54.09776190509245,45.041001671006406,40.1087152383445,399.79195244460846,3.700000047683716,1861114,179147,24344,202703,2391040,555726,6246,23406,632359,3444542,4654372,3364620,2170679,83990,3471644
2024-02-02,30.40999984741211,68.24092102050781,619.2361450195312,103.07067108154297,46.400001525878906,108.83343505859375,14539.4873046875,559.2000122070312,129.8248748779297,8.986000061035156,56.999725341796875,47.47037887573242,41.2844352722168,416.7864685058594,3.878000020980835,31.56999969482422,68.39735743332385,628.3694214947456,105.39520767683088,46.5,110.9895198709825,14757.443391703428,561.0,130.23057761192322,9.197999954223633,57.56278722409361,47.488111959249316,41.33482426366444,420.4882406902697,3.9800000190734863,30.40999984741211,66.2941619292859,619.2361450195312,102.5760901117722,44.720001220703125,108.58842508095361,14267.04219591759,545.0,125.88955340576649,8.84000015258789,56.47996574426478,45.96310059919496,40.22629208039623,406.5224649797596,3.8399999141693115,31.05500030517578,66.2941619292859,627.4560938472241,103.91146476751861,44.720001220703125,109.71546499640934,14303.368210420243,550.0,125.88955340576649,8.890000343322754,56.965074261360215,46.01629984974564,40.45303453297941,407.36377800689087,3.882999897003174,2228696,272555,20198,225095,3249290,573026,6115,24474,698071,2673025,2752572,4779663,1605623,65653,2449667
2024-02-05,30.375,67.47611999511719,621.062744140625,107.7691879272461,45.900001525878906,107.0693588256836,14112.65625,555.0,128.60775756835938,8.706000328063965,56.6705436706543,47.168922424316406,41.15006637573242,414.0942687988281,3.8320000171661377,31.280000686645508,69.09262727695273,623.802726835363,108.51105936560724,47.220001220703125,109.81347353013821,14639.383445945945,572.0,131.28539789930772,9.100000381469727,57.72737849779019,48.02009012532235,41.821903553397256,426.12503442682817,3.950000047683716,30.25,67.44135561339056,617.4094338809742,103.31795929707923,45.619998931884766,107.02035383995329,13976.433699324325,555.0,128.44547896246698,8.706000328063965,56.306717237743925,47.04479422403301,40.982106280423125,410.729016799406,3.8299999237060547,30.600000381469727,68.2409165012197,620.1494165757123,103.31795929707923,46.400001525878906,109.76446854440789,14539.486908783783,558.7999877929688,129.82486568414825,9.020000457763672,56.999725631969454,47.47037807453599,41.28443381126539,419.3103939930313,3.8980000019073486,1994259,233092,21695,491632,2619800,607400,5257,34884,697117,1610119,3073800,4654242,1996124,61453,2166289
2024-02-06,30.649999618530273,67.56303405761719,624.716064453125,107.17568969726562,45.0,108.98043060302734,14312.4501953125,554.7999877929688,128.60775756835938,8.696000099182129,57.03437042236328,46.93839645385742,41.527976989746094,404.1667785644531,3.822999954223633,30.834999084472656,68.5711813316549,630.196029930784,108.26376627124016,46.189998626708984,109.61745801424102,14466.83576214011,568.5999755859375,131.16367965909043,8.815999984741211,57.458841205482514,47.96689162077595,42.14102863231018,418.9738931771677,3.884000062942505,30.329999923706055,66.36369261184711,616.4961162366366,105.9392373298613,44.45000076293945,107.06935584649713,13849.293494829672,546.0,128.08034900394313,8.649999618530273,56.5492685091046,46.70787313292734,41.183660226016336,403.15721832314495,3.7809998989105225,30.780000686645508,67.51089079538367,621.0627541346857,108.26376627124016,46.0,108.04939571694561,14076.331093105568,558.4000244140625,129.01346027362234,8.751999855041504,56.74851057148892,47.293051359238916,41.267638674312394,418.9738931771677,3.8499999046325684,1461796,202057,24755,240257,2010940,305863,6434,24318,602024,876792,1636451,4273440,2029732,65473,999732
2024-02-07,31.0,67.9454345703125,627.4560546875,107.1262435913086,45.25,108.63742065429688,14739.2802734375,563.0,129.6220245361328,8.720000267028809,57.06036376953125,46.99159622192383,41.544769287109375,416.28167724609375,3.802000045776367,31.200000762939453,68.57118022957148,629.2827098685408,108.1648591242379,45.47999954223633,109.71546304128054,14875.50282679644,568.0,129.66259728606605,8.82800006866455,57.562787919387,47.34625113121166,42.073839226444825,416.44995012213815,3.868000030517578,30.399999618530273,67.19801688071188,623.8027443254185,106.18653519861232,44.54999923706055,108.09840319936053,14348.775620475199,552.2000122070312,127.14723536298582,8.656000137329102,56.73984622838401,46.370951821790065,41.21724888554777,404.33504761718865,3.7660000324249268,30.530000686645508,67.78899815549775,627.4560546875,107.1756971614251,44.630001068115234,109.27444808023164,14394.183138261513,554.5999755859375,128.89176456159467,8.751999855041504,57.08635042791818,47.22211954539301,41.5279729583662,404.33504761718865,3.822999954223633,1007039,119606,27291,278601,1427060,300607,10858,28087,589225,698293,1442710,2966527,1400023,58510,908641
2024-02-08,31.479999542236328,66.78085327148438,628.369384765625,108.80781555175781,44.060001373291016,107.55937957763672,14630.30078125,551.5999755859375,128.20205688476562,8.600000381469727,56.887107849121094,46.459617614746094,39.96595001220703,400.12847900390625,3.680000066757202,31.700000762939453,68.06710902019724,630.1960399538972,109.94535331459484,45.599998474121094,109.12744193027116,14957.23487692039,569.5999755859375,130.63627315472954,8.800000190734863,57.17297430681947,47.204390224462294,41.653941022617815,416.6182193950366,3.8499999046325684,30.8700008392334,66.22463636140006,622.8894192008086,106.82949163263496,43.79999923706055,107.21636710629654,14475.915236072315,529.5999755859375,126.94437600240477,8.531999588012695,56.44532144251579,46.016300665682635,39.96595001220703,397.9410600084276,3.680000066757202,30.899999618530273,67.82376495086392,626.5427295773528,107.81865359219638,45.25,108.78442945893099,14802.849331742706,560.0,130.23057044306887,8.720000267028809,57.06036325182519,46.991596600726275,41.56996258165949,416.4499465204475,3.8489999771118164,1191858,133342,19556,493498,2160390,408178,10542,60505,553609,1205522,1793512,1974649,1380473,45744,1141940
2024-02-09,31.665000915527344,66.64179229736328,628.369384765625,109.99480438232422,43.7400016784668,106.04031372070312,14584.89453125,546.4000244140625,128.20205688476562,8.46399974822998,57.21628952026367,46.246826171875,39.4704704284668,400.96978759765625,3.690000057220459,31.795000076293945,67.180630248551,629.2827123597611,110.24209486658907,44.34000015258789,107.65738104398164,14821.013620797012,554.0,129.7437222366504,8.600000381469727,57.42418939343887,46.60148110074621,40.14230758227944,407.53201883676303,3.700000047683716,31.315000534057617,65.98128232987956,616.496126041856,107.81865113947617,43.560001373291016,105.84430873241344,14448.671979588264,538.7999877929688,127.39065146144432,8.428000450134277,56.73984542651028,46.051765622771825,39.38649198557981,398.7823686263421,3.634999990463257,31.479999542236328,67.180630248551,623.8027467949446,107.81865113947617,44.0,106.92235112222878,14702.954076023507,554.0,127.79635417310497,8.59000015258789,56.930423064011634,46.35322129764034,39.98274725936527,405.3445998654489,3.700000047683716,2185877,74327,17829,212739,1902260,439207,1941,20595,499612,818797,1996658,1045256,854835,24750,788000
2024-02-12,32.19499969482422,67.52826690673828,621.9761352539062,112.12149810791016,44.79999923706055,108.93143463134766,14848.2587890625,564.7999877929688,128.81060791015625,8.618000030517578,57.99591827392578,46.37095260620117,40.167503356933594,408.03680419921875,3.75,32.19499969482422,67.82376085209167,628.3694288615088,113.06120642628584,45.04999923706055,109.37244958842201,14957.236835220758,569.5999755859375,129.98714326997325,8.704000473022461,58.342422483959616,46.67240826952329,40.37745266604512,411.5703290622182,3.753000020980835,31.5,65.7205653735228,613.7561863298458,109.79696918848616,43.61000061035156,106.38333242768387,14484.998635201644,544.7999877929688,125.767837644562,8.383999824523926,57.01704999392192,45.590713821913354,39.28571369580737,396.4266950919379,3.6730000972747803,31.700000762939453,66.57226956471864,628.3694288615088,109.895883867603,43.95000076293945,106.82434738475823,14666.628712132073,554.0,128.97288651477515,8.505999565124512,57.34622535849412,46.28229056849935,39.57964465070685,397.099735220683,3.680000066757202,1595681,136982,11486,304140,1131580,356015,2151,25995,396464,1140052,4029834,1781957,830959,29617,932463
2024-02-13,31.290000915527344,67.35444641113281,608.2761840820312,108.11540222167969,43.13999938964844,107.11836242675781,14530.404296875,570.5999755859375,128.20205688476562,8.232000350952148,57.25960159301758,46.12269592285156,39.579647064208984,400.12847900390625,3.680000066757202,32.73500061035156,67.84113448275434,616.4961325155722,112.0720499509751,45.20000076293945,109.61745964736754,14857.338393554688,578.2000122070312,129.37859227236868,8.6899995803833,58.71491400407875,46.81426928311931,40.343862467832686,409.7194423342585,3.7760000228881836,30.78499984741211,66.50273565516747,599.1429080447635,107.57136014021891,42.869998931884766,107.02035245656411,14285.203724365234,562.0,126.98494874978367,8.223999977111816,57.112339450051536,45.73257822412821,39.53765784054069,397.6045399340853,3.6449999809265137,32.15999984741211,67.78899122668851,616.4961325155722,111.9731277203774,44.79999923706055,109.56846213938164,14848.256890869141,562.0,128.52661410166846,8.522000312805176,58.039234421982165,46.104962838967786,40.21789159325538,402.31589799938484,3.747999906539917,3373732,123701,33079,320700,1361610,598979,7321,39929,345753,2328585,2213795,1708445,992259,22458,1527546
2024-02-14,32.04499816894531,70.34412384033203,624.716064453125,109.10456085205078,43.95000076293945,107.90238952636719,14276.123046875,595.7999877929688,132.25909423828125,8.420000076293945,57.952606201171875,47.417179107666016,40.59579849243164,416.7864685058594,3.7179999351501465,32.10499954223633,70.57008239277849,624.716064453125,109.59914180324465,44.11000061035156,108.14739949689805,14612.13866566277,596.4000244140625,132.25909423828125,8.420000076293945,58.0392305966768,47.57677347533638,40.671380371769935,419.31040758725317,3.7179999351501465,31.040000915527344,67.11110903106314,603.7095301220988,107.7691862464622,43.0,106.08931723986103,14103.574485875874,565.2000122070312,127.06610407951099,8.204000473022461,57.06902018357552,45.90990084757914,39.58804116911176,397.77278895772565,3.6059999465942383,31.040000915527344,67.35445309100753,605.5361852813186,108.06593783586108,43.04999923706055,107.118362106935,14494.079123926525,565.2000122070312,127.99921543612803,8.25,57.55412869463503,46.12269446521956,39.63843015652803,397.77278895772565,3.680000066757202,943220,303437,74408,203121,1075600,340641,3802,45334,311378,1371160,1042642,1627473,1129280,36710,1629709
2024-02-15,32.0,70.62223052978516,614.6694946289062,112.51717376708984,44.9900016784668,108.19640350341797,14403.263671875,615.0,130.595703125,7.980000019073486,58.03923034667969,46.90293502807617,40.19269561767578,413.5894775390625,3.5920000076293945,32.255001068115234,70.72651704966806,626.5427538119312,113.80308734311078,45.29999923706055,108.58842094814447,14430.50818071209,622.4000244140625,133.47619491394545,8.4399995803833,58.42904342928165,48.09102459861608,40.8057472062251,419.8151886282417,3.7079999446868896,31.8799991607666,69.33597486266135,611.0161841110524,107.8186544229696,43.540000915527344,107.02035116923847,14257.959624743853,589.4000244140625,129.98714904484524,7.771999835968018,57.60610176200298,46.58374628043262,40.02473553230985,408.03680658255956,3.5510001182556152,32.04499816894531,70.2572078183105,624.7160985530043,109.10456799899053,44.02000045776367,108.34341097982927,14394.182168929303,596.2000122070312,133.23277080567064,8.430000305175781,58.03923034667969,47.789568934979386,40.511819459513845,419.31039569131684,3.690000057220459,1024173,145637,25982,524823,1224340,358467,2279,46298,403706,4896133,1891710,1609280,1265772,61716,1947297
2024-02-16,31.799999237060547,71.9953842163086,621.9761352539062,113.25904083251953,44.540000915527344,111.1855239868164,14693.8720703125,629.4000244140625,132.46194458007812,7.955999851226807,58.75822830200195,47.73637008666992,40.44463348388672,424.8630676269531,3.5950000286102295,32.29999923706055,72.60375095638628,628.3694288615088,113.75362179685368,45.400001525878906,111.43053396252742,14784.687101649413,634.4000244140625,133.88190416975738,8.050000190734863,59.03543034560332,48.2860821665717,40.94851052818913,429.91094565816445,3.631999969482422,31.614999771118164,70.74389961535074,614.6695139880748,111.57746857246609,44.439998626708984,109.22544418112824,14439.589982569143,615.0,130.271152260786,7.868000030517578,58.12585762899552,46.99159746328301,40.217887852878995,413.75772568835407,3.5490000247955322,32.0,70.76127849106592,616.4961693045326,112.51716938601831,45.119998931884766,109.22544418112824,14439.589982569143,615.0,130.271152260786,7.980000019073486,58.12585762899552,46.99159746328301,40.217887852878995,413.75772568835407,3.5950000286102295,564699,240776,31767,334885,1180780,1038332,2347,24997,375644,2470057,1870487,1844377,1445422,55492,1809242
2024-02-19,32.255001068115234,71.78681182861328,627.4560546875,112.86337280273438,45.2599983215332,109.76446533203125,15393.1484375,640.0,132.54307556152344,7.9039998054504395,58.61962127685547,47.82503128051758,40.67137908935547,434.11749267578125,3.700000047683716,32.314998626708984,72.56899392761144,635.6760030021834,114.05037162676608,45.65999984741211,111.23452513558523,15420.39294800885,642.4000244140625,133.4356140629128,8.053999900817871,59.65913384926513,47.949162867422935,40.931717377439114,437.9034010421398,3.7200000286102295,31.670000076293945,70.91772208097721,617.4094511917758,111.28071525073193,44.61000061035156,109.76446533203125,14648.465150258113,624.4000244140625,131.73167017058927,7.895999908447266,58.31643258828431,47.00932971715043,40.31026603318905,424.02173703215846,3.5889999866485596,31.799999237060547,72.13444905379342,621.9760891443777,112.0720478000864,44.869998931884766,110.94051018403012,14702.954171275811,630.0,132.62420867197864,7.98199987411499,58.76688341001608,47.00932971715043,40.46142978709928,425.7043629727622,3.5980000495910645,1221853,120565,41339,329348,525560,338606,10407,25678,182905,1763737,1756624,1213390,514670,53799,2423310
2024-02-20,31.860000610351562,73.73356628417969,631.109375,113.50633239746094,45.70000076293945,109.51945495605469,15556.615234375,652.7999877929688,135.99156188964844,8.0,58.81019973754883,49.01312255859375,41.452392578125,450.52313232421875,3.736999988555908,32.400001525878906,73.76833066753393,641.1559786541245,113.60524708193002,45.970001220703125,110.98951475412254,15683.756281240878,659.4000244140625,136.8435277293316,8.064000129699707,58.94880405942229,49.15498385207668,41.46918890747488,452.6264149214373,3.8299999237060547,31.790000915527344,71.33488350838999,624.7160817655572,109.4507699605749,44.91999816894531,108.44141259956042,15120.703073691988,626.5999755859375,132.66479450618064,7.854000091552734,58.12585576858875,47.576776539299054,40.57060611047577,434.11752806591386,3.7200000286102295,31.979999542236328,71.7868072307389,628.3693921852388,112.26987997483064,45.16999816894531,109.56845994016794,15256.925623905428,639.7999877929688,132.66479450618064,7.875999927520752,58.593635441384926,48.05555967314396,40.69657377524151,437.9034367409073,3.75,1267788,203744,61800,468422,1137870,623702,5041,38463,939540,2444980,2421278,4492971,1347771,146543,2614669
2024-02-21,31.18000030517578,74.02906036376953,651.2025756835938,112.26988220214844,45.400001525878906,109.17644500732422,15402.228515625,658.7999877929688,136.27554321289062,7.935999870300293,58.567649841308594,49.13724899291992,41.22564697265625,447.1578674316406,3.611999988555908,32.15999984741211,74.98505770057416,656.6825412573687,115.08899227233238,46.2400016784668,111.08751979788207,15874.466654075768,671.0,138.10120548023497,8.057999610900879,59.16536942440444,49.72243061242203,42.006658668449006,462.30150170025684,3.740000009536743,31.139999389648438,73.64665877679643,627.4560581972355,112.17096751571698,45.20000076293945,108.2944076127933,15311.413488999853,649.5999755859375,135.95098598445526,7.909999847412109,58.2817833790438,48.83579671461627,41.0073010980648,445.8958979092559,3.5999999046325684,31.860000610351562,73.87262395370128,634.7626789622689,113.7536251387407,45.79999923706055,111.03852228975371,15665.59209283793,652.7999877929688,136.7623914366083,8.050000190734863,58.94880512432832,49.0131207883855,41.41040339209135,449.68180647641,3.740000009536743,1636748,204211,63753,494349,1751850,711240,4263,48255,744760,2394975,1877853,3193670,1701775,78253,4185325
2024-02-22,33.125,76.04534912109375,648.4625854492188,114.19874572753906,46.04999923706055,109.27444458007812,16455.68359375,665.0,137.9389190673828,7.952000141143799,57.26826477050781,49.74016189575195,41.80510711669922,455.57098388671875,3.5820000171661377,33.15999984741211,76.06272799770215,670.3824474925726,114.29766796130666,46.36000061035156,110.94050935413188,16546.498624620584,672.7999877929688,142.2393701968728,8.034000396728516,59.30396789535672,50.236678111918835,42.19141629599531,458.5155793504371,3.6570000648498535,31.395000457763672,74.23764094492155,642.0692923532406,112.96229327251284,45.2400016784668,108.93143212390362,15711.000340611203,658.4000244140625,137.6143618572969,7.920000076293945,56.54060527629158,49.35004418591798,41.58676123585565,450.52310594891577,3.559999942779541,31.704999923706055,74.74171456473215,653.0292233749175,112.96229327251284,45.86000061035156,110.59749689795737,15738.244849872379,669.7999877929688,141.50909790258362,7.998000144958496,58.905490371221795,49.38551035469562,41.58676123585565,453.88835790745105,3.640000104904175,3124292,238526,70145,264746,2132150,531980,10757,22525,847855,2548772,4861228,3513935,1689610,73944,3014377
2024-02-23,32.869998931884766,76.7406234741211,642.982666015625,113.6052474975586,47.9900016784668,109.12744140625,16528.3359375,683.0,141.06283569335938,7.96999979019165,57.27692794799805,50.09481430053711,42.762474060058594,467.349365234375,3.5999999046325684,33.939998626708984,77.64447093084146,651.2026148709384,114.9900757253123,48.209999084472656,109.96047382610773,16800.781035370877,692.0,141.8742411045813,8.020000457763672,58.013245239827846,50.43173612250593,43.03121212500585,473.23855615542027,3.628999948501587,32.529998779296875,75.05458732746811,635.676044810902,112.86337604126626,45.869998931884766,107.8043890362276,16428.43940161401,662.0,136.7623845376703,7.894000053405762,56.791819426060364,49.59829810933252,41.67913805170344,455.1503268979242,3.568000078201294,33.130001068115234,76.1322567032718,649.3759595697577,114.19874315325113,46.20000076293945,109.47045387594306,16492.009924450547,662.0,139.35887937736769,7.98799991607666,57.26826352554794,49.882020680809475,41.80510571596359,456.4122963810053,3.5799999237060547,2288669,309946,45819,222237,3063630,656444,5955,31471,1007888,1910904,2185340,4408878,1689772,98515,2118469
2024-02-26,33.375,77.34898376464844,651.2025756835938,112.6655502319336,47.20000076293945,107.80438995361328,17164.04296875,674.4000244140625,140.9005584716797,7.900000095367432,56.705196380615234,49.491905212402344,42.19141387939453,463.984130859375,3.549999952316284,33.45000076293945,78.56571067808316,672.2091103830645,113.75362689287185,48.119998931884766,108.7844298622825,17236.69500248016,696.5999755859375,142.15823945815686,8.010000228881836,57.6320913343397,50.325339880750846,42.99761844435548,472.3972610653473,3.621000051498413,32.834999084472656,76.9839676798065,642.9826273229313,111.42909776570673,46.880001068115234,107.41237249472337,16392.115110367064,670.7999877929688,140.53542847717088,7.831999778747559,56.653223062711184,49.438705959522224,41.98986113636821,460.61887877698604,3.5280001163482666,32.869998931884766,77.17516847585559,642.9826273229313,113.55579751695832,48.0,108.68642736683779,16482.930152529763,685.0,141.5902580910248,7.986000061035156,57.328902631536,50.094816549417004,42.71208726048529,464.4047873696736,3.609999895095825,1155282,168106,48578,160782,1056050,460387,10606,25958,565033,1446667,2261172,2991815,845341,89400,1801189
2024-02-27,33.540000915527344,76.2017822265625,648.4625854492188,114.05037689208984,46.560001373291016,109.07844543457031,17082.306640625,669.0,139.3183135986328,8.027999877929688,57.1556510925293,49.030853271484375,41.56996536254883,460.1982116699219,3.609999895095825,33.959999084472656,78.91334437316169,656.6825337154764,114.49549675495987,47.540000915527344,109.86247287961521,17209.4476788859,693.0,141.91480856819453,8.055999755859375,57.75336404682628,49.61603150157697,42.37616998254089,472.3972501876803,3.6110000610351562,33.119998931884766,75.76723739329758,643.89594752352,111.87421605425224,46.2599983215332,108.24540552586282,16818.943061370283,661.0,138.58805364443455,7.849999904632568,56.56659595145592,48.64073557883593,41.48598691597263,456.4123031644106,3.5399999618530273,33.375,77.73138189623087,654.855878545197,112.66554864013989,47.29999923706055,108.3434154989657,17209.4476788859,677.5999755859375,141.1439758651931,7.900000095367432,56.70519366222851,49.456437131348096,42.241802545875544,462.72215067359605,3.5850000381469727,2049051,254409,28465,211441,1510420,426195,4763,28857,482384,2535103,2297423,3056011,1289562,74386,931551
2024-02-28,32.349998474121094,77.87043762207031,643.8959350585938,109.89588928222656,46.0,105.893310546875,16555.580078125,664.7999877929688,139.07489013671875,7.860000133514404,55.33651351928711,48.28608322143555,41.37681198120117,459.3569030761719,3.5360000133514404,33.540000915527344,79.17407220267627,658.5091761379377,114.05037393018381,46.61000061035156,108.73542017751852,17073.225752537026,674.7999877929688,140.29199832011267,8.039999961853027,57.32890451408748,49.208183324295085,41.754721394364346,465.24609414125104,3.619999885559082,32.30500030517578,75.8715352435182,643.8959350585938,109.69805991424573,45.65999984741211,105.84430556271461,16237.727471029897,659.2000122070312,138.66918740892078,7.860000133514404,55.31052355497261,48.26835013689132,41.250841108955996,453.4677120110928,3.5360000133514404,33.540000915527344,77.0187334092263,648.4625728958888,114.05037393018381,46.61000061035156,108.58842017925893,17073.225752537026,669.0,139.27774150061774,8.039999961853027,57.17297794623702,49.048588945637086,41.61195419224833,458.5155900668749,3.609999895095825,1517247,585139,18189,278646,1129910,712298,6669,20482,349429,1482903,2219026,1763180,1129053,71029,1416265
2024-02-29,32.244998931884766,83.345703125,666.7291870117188,108.51106262207031,46.470001220703125,105.64830017089844,16292.216796875,695.0,140.37313842773438,7.9720001220703125,53.69062042236328,49.261383056640625,41.2424430847168,462.301513671875,3.61899995803833,32.709999084472656,83.38046750849556,670.3824976254816,110.88505280541173,47.40999984741211,107.06935498071348,16846.188493981674,695.0,141.83367066793522,8.013999938964844,55.786964547641595,49.74016281502727,42.07384056064963,470.2939875206153,3.6640000343322754,31.905000686645508,77.78352774764605,643.895995675701,108.36269436731071,45.90999984741211,105.30528023732653,16128.749738712375,665.2000122070312,139.115457543643,7.831999778747559,53.629982683217655,48.25061752123752,41.17525776761357,453.46772678642515,3.5299999713897705,32.150001525878906,78.21807259539825,647.5493062894639,109.6980614870944,46.220001220703125,106.43232757465093,16782.617971362877,665.2000122070312,139.115457543643,7.886000156402588,55.579064671859136,48.25061752123752,41.31802496467181,462.72217019022975,3.5360000133514404,1925505,705055,124073,363039,2329770,1437596,4930,74298,904085,2870428,5261753,4304469,2636255,220512,2920366
2024-03-01,31.350000381469727,82.40708923339844,674.0357666015625,109.15402221679688,46.16999816894531,106.92234802246094,16264.9716796875,687.0,140.37313842773438,7.71999979019165,54.69548034667969,49.86429214477539,41.62874984741211,461.8808288574219,3.5490000247955322,32.6349983215332,84.30170513991233,681.3423873777311,110.43993580044548,46.70000076293945,107.21636297348276,16528.335263557372,706.5999755859375,141.6713920592605,8.07800006866455,55.00733347462737,49.917488014270496,41.79670993982597,468.19067624618447,3.6760001182556152,31.135000228881836,80.35603690779152,657.5958698551829,107.91756975048357,45.83000183105469,105.45228822157345,16037.934107385889,681.0,139.03432442983774,7.638000011444092,53.89852529037699,49.26138082073815,41.250840440373985,456.4122944538276,3.5339999198913574,32.595001220703125,83.60643069269256,667.6424734224148,108.80781703557054,46.470001220703125,106.62834054854993,16455.683240420854,699.7999877929688,141.02226524349743,8.0,54.19305287738213,49.65149852007522,41.72112805841835,464.40476781292693,3.634000062942505,1734779,356758,39642,147171,1592900,381633,4164,27400,652803,3515202,1221512,3295474,1128492,75436,1813952
2024-03-04,30.75,81.52061462402344,668.5558471679688,104.75225067138672,46.4900016784668,105.35428619384766,16237.7265625,679.7999877929688,139.84573364257812,7.5,53.751258850097656,50.02388381958008,40.7889518737793,461.8808288574219,3.236999988555908,31.600000381469727,82.66781273622624,685.9090727092139,109.94535084230965,47.209999084472656,108.19640331682479,16646.39417732802,695.0,141.5091049028835,7.880000114440918,55.44046105888743,50.414004906492,41.98986218866077,467.3493632610161,3.5899999141693115,30.700000762939453,81.27726394393237,666.7291918478377,104.75225067138672,46.0,105.25628370211275,16137.830034430928,672.2000122070312,138.75033133748792,7.366000175476074,53.638644488309275,49.77562740590155,40.51182044919171,458.09492042416434,3.2100000381469727,31.5,82.56351958761579,679.5157790887552,109.15401827377205,46.290000915527344,107.75538088835147,16482.927131396813,690.0,140.94112356660378,7.75,55.12860793670975,50.04161690373425,41.80510576988755,463.56345482775856,3.549999952316284,1724752,372474,29507,329817,1577180,446677,7885,15808,458438,3288468,1253961,2351096,1002070,57728,5793049
2024-03-05,30.540000915527344,79.10453796386719,671.2958374023438,104.2576675415039,45.5099983215332,104.03123474121094,16155.9931640625,672.4000244140625,138.87203979492188,7.254000186920166,53.543357849121094,48.94219207763672,39.772796630859375,454.30902099609375,3.119999885559082,30.81999969482422,81.50322728289639,682.2557694415657,105.8403250990645,46.34000015258789,105.64830203838113,16301.297206010224,686.7999877929688,139.72401800578115,7.5,53.811895461859464,49.91748801715575,40.763757601241004,463.14280751546227,3.244999885559082,30.219999313354492,78.86119391988107,665.8158713827328,103.12012982782686,45.279998779296875,104.03123474121094,15938.037101140915,670.7999877929688,138.10120708264532,7.23799991607666,52.66843624085313,48.85352665807322,39.73080741080703,452.6263949924045,3.0299999713897705,30.700000762939453,80.82533840875568,668.5558543925383,104.80170206772752,46.279998779296875,105.06027212878405,16074.259640466906,679.5999755859375,138.91261254421323,7.489999771118164,53.53469342673726,49.6514985229451,40.738561506351886,459.3568990071615,3.24399995803833,3116693,174018,44477,173831,1347230,607457,3596,14742,550847,2963770,1929295,2091812,1198708,43641,6278772
2024-03-06,30.520000457763672,77.95734405517578,680.4290771484375,105.84033203125,45.66999816894531,106.04031372070312,15983.4462890625,671.5999755859375,137.1680908203125,7.297999858856201,54.539554595947266,48.99538803100586,39.90716552734375,453.88836669921875,3.0850000381469727,30.895000457763672,79.34789289069158,688.6490257314388,106.18653721546876,46.33000183105469,106.53033366853838,16174.15786410245,682.0,139.19660440126634,7.429999828338623,54.79943110494235,49.43870498286246,40.3018712582354,458.0949317288686,3.180000066757202,30.5,77.62709235358632,669.4691457044358,104.3565890588493,45.310001373291016,104.12923891499007,15756.408699729225,658.7999877929688,135.50470720771747,7.254000186920166,53.69062290415849,48.41020978984474,39.814787317682104,449.2611451666039,3.065999984741211,30.540000915527344,79.10454220303653,674.9491114264366,104.55441843648659,45.599998474121094,104.22724140913492,15938.038771195845,672.4000244140625,138.22292035862137,7.254000186920166,53.70794844535937,49.261380907911764,39.93235841958883,454.72967970514867,3.119999885559082,2078499,249954,32503,151204,1514220,294245,5335,31329,389574,2079258,1418982,2357174,666722,55914,5340521
2024-03-07,30.799999237060547,77.26206970214844,682.2556762695312,106.58219909667969,41.939998626708984,108.24540710449219,15965.283203125,667.2000122070312,134.85557556152344,7.294000148773193,53.92451095581055,47.417179107666016,39.68881607055664,440.0066833496094,3.061000108718872,30.920000076293945,77.97472293600475,687.7356415407725,108.70889877825176,44.400001525878906,109.07844702534858,16146.91327369525,674.4000244140625,136.76238321183516,7.447999954223633,54.74745596061628,48.64073479905887,40.06672546848771,448.84046953540457,3.0999999046325684,30.100000381469727,75.71509121626235,673.1224008174626,104.40604584610301,41.20000076293945,105.45229480388267,15665.593586684088,662.7999877929688,132.74592894143666,7.165999889373779,53.57800675236319,46.19362341627316,39.495663090185694,434.53814904411706,2.990999937057495,30.299999237060547,77.95733743019272,675.8623834530831,105.79086652553906,44.0,106.04031726551973,15756.408621969213,662.7999877929688,136.31610776377667,7.297999858856201,54.2190385373881,48.4102080980951,39.92396147569832,447.1578435952531,3.0929999351501465,1900061,338770,54797,268902,6521390,683237,5163,29309,575490,1782235,1071985,3694684,1103345,80661,4138105
2024-03-08,31.260000228881836,78.42665100097656,663.9891967773438,109.50022888183594,41.939998626708984,107.60838317871094,16037.9345703125,688.0,135.5858612060547,7.440000057220459,54.591529846191406,47.310787200927734,39.91556167602539,441.6893310546875,3.128999948501587,31.399999618530273,78.75690932354428,699.6089748713141,109.89589518575917,42.470001220703125,108.93143553805758,16165.075614471263,691.4000244140625,135.91041844693476,7.484000205993652,54.72146644516558,47.59450978887788,39.96595066356492,445.05458310081843,3.128999948501587,30.520000457763672,76.09749038936137,660.3358862036032,104.45550426025915,41.310001373291016,106.82434827392944,15620.185425219423,663.5999755859375,131.93453653136092,7.199999809265137,53.915850278900436,45.80350883854255,39.05057154648296,428.2283228701637,3.063999891281128,30.985000610351562,77.17516636845973,688.6490431500924,107.32407553031875,42.099998474121094,108.68642556495224,16074.26058292929,667.2000122070312,134.97730709360573,7.260000228881836,53.93317251515645,47.222121778293285,39.72240869581554,433.69685744512645,3.0789999961853027,2582031,318734,42673,425118,2312990,558583,4924,63052,730151,2510704,1777558,4274467,1511073,92464,2046568
2024-03-11,30.834999084472656,79.06977844238281,598.2296142578125,115.83086395263672,41.939998626708984,108.78443145751953,16056.09765625,692.4000244140625,138.50689697265625,7.423999786376953,54.019798278808594,48.764862060546875,39.814788818359375,447.1578674316406,3.140000104904175,31.30500030517578,79.0871573177237,663.9892054434041,116.57273542229072,42.599998474121094,108.78443145751953,16292.216739430147,695.0,138.50689697265625,7.550000190734863,54.678152281689115,48.81806130949196,40.150709010958984,448.4198369540253,3.1679999828338623,30.524999618530273,77.29683477936511,597.316286602457,110.29155848856155,41.560001373291016,106.28532666292122,15829.060076269088,681.2000122070312,134.32816418541168,7.349999904632568,53.70794516525665,46.831999984658744,39.43687940257791,433.27620268540903,3.078000068664551,31.235000610351562,78.20068880152871,663.0758777880486,110.88505415494338,42.5,107.02035660520175,15892.630598663744,685.0,135.58584501045712,7.440000057220459,54.54821568738174,46.991594349254264,39.91556359471031,433.27620268540903,3.138000011444092,2126742,111566,72343,921374,1926450,314836,3118,23446,496302,1701773,1052225,2140957,892115,77589,2163245
2024-03-12,31.09000015258789,83.24140930175781,625.62939453125,116.3749008178711,43.029998779296875,110.54850006103516,16346.7080078125,724.0,144.34901428222656,7.4039998054504395,54.262351989746094,50.414005279541016,40.730167388916016,455.99163818359375,3.1019999980926514,31.34000015258789,83.53690324376778,635.6759979470803,118.35322464802034,43.369998931884766,110.54850006103516,16392.115530056424,730.2000122070312,144.7141566134721,7.449999809265137,54.40095301342389,50.43173836382641,40.864534823293255,456.8329511691723,3.1500000953674316,30.670000076293945,79.08716165172171,600.0562222000456,114.14928650895318,41.709999084472656,108.39240786595289,15901.714289822048,697.7999877929688,136.64066305834126,7.300000190734863,53.51737024828706,47.94916406195096,39.31091116308313,442.5306304143364,3.0929999351501465,31.0,79.08716165172171,603.7095325330748,115.92977342806361,42.279998779296875,109.17644275091205,16165.077918836805,698.4000244140625,138.5880434277505,7.440000057220459,54.383627472400526,48.76486564563918,39.90716645290887,450.94376027012225,3.1500000953674316,2984066,351467,73738,863119,3100410,1093084,7370,54133,908310,2448616,2325170,3257963,1802850,130482,1138938
2024-03-13,30.334999084472656,83.43260955810547,631.109375,115.23736572265625,41.59000015258789,113.6356201171875,16373.951171875,715.0,142.80735778808594,7.223999977111816,54.03712844848633,49.91748809814453,40.125511169433594,459.3569030761719,3.117000102996826,31.18000030517578,84.91005936677902,648.4625994934877,116.8694844289279,43.29999923706055,113.6356201171875,16528.336734782308,735.0,146.05297955599698,7.440000057220459,54.3229916240605,51.12331074824512,40.88972653097394,467.34937666449355,3.1449999809265137,30.309999465942383,82.56351987520854,621.976098950796,114.34711846953473,41.5,110.30349053555311,16128.750571963395,713.7999877929688,142.44222781540884,7.171999931335449,53.12755899237334,49.704697855326735,39.999543505365416,452.62639900179573,3.066999912261963,31.155000686645508,83.32831640913173,630.1960473950796,116.47381814457316,43.029998779296875,110.6465029951789,16346.70666077371,725.7999877929688,144.3084628081706,7.423999786376953,54.29700496387444,50.023883219553426,40.81414465110414,452.62639900179573,3.1019999980926514,2774293,279581,52492,340744,1870720,1660234,5755,32367,720149,2275814,2885584,3348723,1318852,98394,1974565
2024-03-14,30.68000030517578,82.546142578125,630.196044921875,116.5727310180664,41.86000061035156,113.68463134765625,16192.3212890625,714.7999877929688,142.56393432617188,7.300000190734863,55.189247131347656,49.91748809814453,40.36905288696289,451.3644104003906,3.111999988555908,32.150001525878906,84.1452644425449,646.6359417459239,117.80918342077544,42.099998474121094,116.23273365830215,16428.44038806173,724.2000122070312,144.59244794032077,7.383999824523926,55.64836240415036,50.20121067672821,40.45303132915216,461.4601660850219,3.1489999294281006,30.34000015258789,79.95625235607149,627.4560621178668,114.84169765427376,41.5,112.94960140359812,15847.22414437132,665.0,141.4685444031702,7.184000015258789,54.14107667990684,49.279113987451225,39.70561230152211,443.79259363691716,3.069999933242798,31.360000610351562,84.1452644425449,637.5026657325634,115.23736393248195,41.95000076293945,113.63562636054121,16310.380838562114,718.2000122070312,144.30846346297866,7.25,54.14107667990684,49.6692316874438,40.15910357791749,458.51557067700446,3.11299991607666,6224230,367635,48908,458565,1974770,1531706,8200,35395,625913,3562885,2230350,2577417,2053654,123154,3134979
2024-03-15,33.060001373291016,83.90192413330078,612.8428344726562,114.89115905761719,41.66999816894531,116.08572387695312,10398.3212890625,723.7999877929688,141.427978515625,7.25,55.4837760925293,49.048587799072266,39.8903694152832,450.52313232421875,3.0739998817443848,33.5099983215332,84.61457745349985,654.8559050922422,117.66080791861755,42.709999084472656,117.11476876911615,13894.700063114084,745.0,144.63302770525064,7.375999927520752,56.15945564851592,50.57359921182652,40.88133042756971,463.5634844269739,3.124000072479248,30.790000915527344,81.25989053312587,598.2295925180176,112.61608361223603,40.709999084472656,115.00768147575586,9907.920110364355,692.0,137.93893245381545,7.0879998207092285,54.60885447333275,47.89596438856171,38.91620473244234,429.0696498325893,3.0439999103546143,30.799999237060547,81.7813430499935,632.0227145381194,116.72110710888121,41.81999969482422,115.64470891008959,12986.549732191594,714.5999755859375,142.5233684917662,7.25,55.26720848884422,49.598299878133,40.33546093308955,452.6264149214373,3.1089999675750732,9866695,1121025,653864,963575,6812030,2825009,96509,146743,2638775,10731170,8620724,10830905,7154148,404688,4387982
2024-03-18,32.05500030517578,82.25064849853516,635.676025390625,111.28072357177734,40.959999084472656,115.595703125,12532.4755859375,725.0,138.06063842773438,7.150000095367432,54.73012924194336,49.225914001464844,39.90716552734375,443.7926025390625,3.0480000972747803,33.54999923706055,83.86715586746716,641.1559911267511,116.62219981256408,42.43000030517578,116.82075299905516,14103.575786203579,736.5999755859375,142.36108997779314,7.3420000076293945,55.87358846239444,49.35004220496395,40.26827859952712,451.3644194544209,3.125,31.459999084472656,80.63414112960315,615.5828176914961,109.94535639825743,40.4900016784668,113.68462831231838,10716.17477638134,710.7999877929688,135.99156434422676,7.099999904632568,54.27101399109056,48.23288499123215,39.36969580230029,437.9034116048948,3.015000104904175,33.06999969482422,83.17188145672911,616.4961453141838,115.63303782525938,42.20000076293945,116.2327305549309,11261.065019248188,727.5999755859375,142.1988113568799,7.320000171661377,55.78696406565165,48.76486397258255,39.89876576088055,445.89588501555096,3.0999999046325684,3329664,183344,53375,557815,2257270,693833,76798,34791,598789,1760399,1634745,2219828,1400874,63926,2168662
2024-03-19,31.635000228881836,82.0073013305664,634.7626953125,109.89588928222656,41.20000076293945,113.92963409423828,12214.62109375,710.7999877929688,136.92466735839844,7.216000080108643,54.87739181518555,49.01312255859375,39.898765563964844,440.0066833496094,3.121000051498413,33.0,82.47661054540309,638.4160057891187,111.97312783285186,41.59000015258789,115.39969388900265,13077.363847583643,725.7999877929688,139.11545955991994,7.25600004196167,55.4144736537048,49.686966239317705,40.03313299456255,442.95127874487446,3.127000093460083,31.200000762939453,79.5043254820654,616.4961429294065,108.26377058291145,40.5099983215332,112.45957429947391,11896.768500232343,687.2000122070312,134.20645419470966,7.0,53.79457032471615,48.07329275760933,39.34449951230276,428.22830176854904,3.0199999809265137,32.05500030517578,81.85086492562085,637.502678169964,111.28071749821231,40.720001220703125,114.66466399162046,12868.489286129183,724.4000244140625,138.1823482607181,7.1479997634887695,54.73879079658582,49.2081831054728,39.7056125827039,442.1099657747987,3.049999952316284,3107419,239242,36180,282810,2327320,824722,20992,45931,651233,2097675,1498039,2337054,1581153,103829,2529709
2024-03-20,31.610000610351562,80.82534790039062,649.3759155273438,111.67638397216797,40.599998474121094,111.72454833984375,12468.904296875,709.0,140.49484252929688,7.0,54.09776306152344,49.82882308959961,39.78959274291992,446.3165588378906,3.0959999561309814,32.064998626708984,82.5635274251302,654.8558810592201,112.26987962383369,41.41999816894531,113.88063312397878,12859.40894710488,710.7999877929688,140.49484252929688,7.2179999351501465,55.015993583061366,49.93521820466462,39.839978525279506,446.73721534951915,3.130000114440918,31.459999084472656,79.08716837565103,632.9360189317148,109.50022318711812,40.40999984741211,111.62654584549416,12269.111220013201,691.5999755859375,135.4235586900779,6.960000038146973,53.84654767923103,48.676199760049386,39.32770491771506,432.4348939541485,3.0480000972747803,31.700000762939453,82.5635274251302,635.676001697653,110.29155575381019,41.25,113.88063312397878,12269.111220013201,710.7999877929688,137.77664182011395,7.199999809265137,55.015993583061366,49.59829639434573,39.672021645984735,441.68933720997654,3.1050000190734863,2226836,215761,45758,234726,2209810,465052,11917,27080,565016,1873984,1004855,2218554,1270780,67191,1326788
2024-03-21,32.59000015258789,84.19740295410156,653.0292358398438,113.06121063232422,41.5,115.1546859741211,12841.2451171875,736.0,145.3227081298828,7.093999862670898,54.36629867553711,51.513427734375,41.80510711669922,466.9287109375,3.0989999771118164,32.75,84.30169609918843,661.2491842630026,113.90199675615521,41.54999923706055,115.6447059144365,12922.978643393079,739.2000122070312,145.40384123903223,7.130000114440918,54.81675280164081,51.513427734375,42.27539474164922,466.9287109375,3.1440000534057617,31.774999618530273,81.74657040489666,641.155977006392,110.93451099201765,40.2400016784668,113.63562116829897,12532.47401818865,708.7999877929688,142.07708661838183,6.986000061035156,54.24502320014551,50.360804352071646,40.64618918952799,450.1024510838964,3.075000047683716,31.799999237060547,81.86824242551742,657.5958738527097,113.75362095860703,41.0,114.66466603380569,12859.408123010962,712.4000244140625,142.80734650604415,7.0960001945495605,54.52222523090027,50.53813180678905,40.7301676351819,450.1024510838964,3.119999885559082,2767328,335010,50422,308211,3745270,780795,9279,32166,769484,1509751,797547,3009235,3458384,105055,1185549
2024-03-22,32.7400016784668,82.84162902832031,666.7291870117188,113.65470886230469,36.97999954223633,114.71367645263672,12605.125,737.0,144.02447509765625,7.061999797821045,54.435604095458984,51.08784484863281,40.679779052734375,463.5634765625,3.0940001010894775,33.369998931884766,85.17078966394726,670.3824976254816,115.33628114823503,39.20000076293945,116.96776379859655,13204.504142651298,748.0,145.93128295982598,7.191999912261963,54.660829519744446,51.88581671898964,41.863893088309254,469.8733242471075,3.1480000019073486,32.41999816894531,82.4939918260153,653.0292722101082,112.02259014554481,36.599998474121094,112.94960159309315,12541.554484870318,730.2000122070312,144.02447509765625,7.033999919891357,53.9938143651452,50.89278768873221,40.679779052734375,458.51559841481395,3.0829999446868896,32.630001068115234,83.8671551282746,657.5959104773117,112.76446160346232,38.59000015258789,113.34161905933742,12895.733069164266,736.0,145.0793047154296,7.107999801635742,54.36630193136557,51.51342871874314,41.460790778706354,461.03953748865695,3.0899999141693115,2510931,183459,57924,273887,14865920,754995,9323,21420,579589,1297516,580472,2060512,2150463,70988,1213812
2024-03-25,31.59000015258789,82.78948211669922,621.9761352539062,114.05037689208984,36.9900016784668,107.5103759765625,12405.333984375,726.2000122070312,142.15823364257812,7.073999881744385,54.03712844848633,50.62679672241211,40.42783737182617,458.0949401855469,3.1089999675750732,32.720001220703125,83.76285828346208,659.4225692412926,114.99007773446294,37.77000045776367,112.01856557949185,12759.51262668146,737.0,144.95757999404685,7.179999828338623,54.71280804939726,51.49570096172211,41.116470831061925,464.82544435723537,3.124000072479248,31.489999771118164,81.97253572191369,621.9761352539062,112.61608752350685,36.709999084472656,107.31437098387478,12278.19293329063,720.5999755859375,141.99595502733126,6.986000061035156,53.83788967653847,50.62679672241211,39.95755298224398,455.9916576318942,3.0789999961853027,32.599998474121094,82.841625374025,659.4225692412926,113.65471059914603,37.099998474121094,111.82255310969295,12623.290071948208,735.0,144.43017139922839,7.065999984741211,54.43560599238205,51.105579862707806,41.049288719795385,460.61887924993005,3.0999999046325684,1661320,310038,42974,243560,5351000,1503171,6529,13217,355065,1433466,599914,1832379,1352364,32061,1021818
2024-03-26,31.959999084472656,83.95405578613281,625.62939453125,111.77529907226562,37.18000030517578,108.44141387939453,12804.919921875,750.0,144.8358612060547,7.165999889373779,55.94289016723633,51.60209274291992,41.01569747924805,467.349365234375,3.069000005722046,32.36000061035156,84.28431408462741,632.9360151973084,114.000913434324,37.34000015258789,109.078441294831,13122.772544049201,756.7999877929688,145.7284120818788,7.170000076293945,55.94289016723633,51.77942019622862,41.14166834713611,471.1352736836184,3.1080000400543213,31.469999313354492,81.46845894780415,603.7095325330748,111.1818034183914,36.119998931884766,106.87335157170459,12468.904292719415,723.0,140.9816856277423,7.0320000648498535,53.97648597572726,50.201209582245035,40.00794014686025,452.2057314374016,3.003000020980835,31.600000381469727,82.73732899461226,621.9760841982207,113.55579358059501,37.130001068115234,107.70638397168572,12532.474817154256,725.0,142.158220959646,7.081999778747559,54.05444925396361,50.609063739527,40.646187845587164,455.9916398866449,3.0999999046325684,2451584,260306,40317,522706,4202800,777284,9784,31471,463408,1848664,2855620,2748627,2095674,59659,1894780
2024-03-27,32.404998779296875,84.12788391113281,638.416015625,114.1492919921875,37.75,107.46137237548828,13685.82421875,743.0,144.43017578125,7.144000053405762,55.19791030883789,51.7794189453125,40.14230728149414,470.7146301269531,3.0399999618530273,32.404998779296875,85.15341000162117,644.8093090575823,114.64387297348233,37.900001525878906,108.6864222031224,13849.291263167717,755.0,145.72842950474345,7.170000076293945,56.202765232657285,51.93901331121077,41.07448272698728,472.39725615064197,3.0820000171661377,31.899999618530273,83.60642479717448,626.5427563930615,111.62692596890113,37.290000915527344,106.53033002021988,12877.570499129064,738.0,143.45649167916244,7.0,55.19791030883789,51.19424073109875,39.84837953001983,466.508065067731,3.015000104904175,31.959999084472656,83.84977547798147,632.9360498256437,112.17096806700819,37.689998626708984,108.49040974443449,13059.200548482084,755.0,144.9575843920701,7.170000076293945,55.873589873116416,51.19424073109875,41.01569717669241,467.34937807957544,3.0739998817443848,1197036,527377,24413,315277,3735940,576766,10916,19258,275319,1773932,1440663,2393602,1515316,35563,1225255
2024-03-28,33.084999084472656,85.11864471435547,639.329345703125,115.63302612304688,38.77000045776367,111.8715591430664,13894.701171875,740.2000122070312,147.55409240722656,7.202000141143799,56.37601852416992,52.61285400390625,40.99050521850586,479.1277770996094,3.059999942779541,33.13999938964844,85.48366078574594,642.0693286132812,115.73194080242564,38.939998626708984,111.92055665314115,14403.265397773694,751.0,148.40605826166805,7.236000061035156,56.86978484946292,52.89657657185011,41.41880040949258,480.81040318248773,3.0869998931884766,32.415000915527344,83.86715346315611,630.1960693359374,113.35795076380386,37.7400016784668,107.80439195129966,13758.478611366421,727.5999755859375,144.14617946520008,7.124000072479248,53.915848015469344,51.69075396696881,40.352257509947556,466.9287379987414,3.0220000743865967,32.43000030517578,83.86715346315611,636.5893627929687,114.44602733038283,37.90999984741211,107.80439195129966,13894.701171875,745.0,144.43017633739066,7.144000053405762,54.14107342694152,51.69075396696881,40.385850169044794,466.9287379987414,3.059999942779541,2122478,872829,15308,558605,3667550,838958,9364,53159,716932,1768311,2804088,2048382,1950220,161757,2351370
2024-04-02,32.20000076293945,85.60533905029297,632.4793701171875,114.39657592773438,38.90999984741211,116.08572387695312,13785.720703125,734.0,146.62095642089844,7.375999927520752,57.32890319824219,52.3114013671875,40.87293243408203,479.3801574707031,3.115000009536743,33.06999969482422,87.30006138431642,648.0059394919055,122.75499101398411,39.38999938964844,116.77175629743218,14294.284839735672,750.7999877929688,149.29859677403692,7.510000228881836,59.08740430090475,53.32216349651374,41.485987272938345,485.2693487205881,3.1740000247955322,31.860000610351562,84.3886120929956,625.629413040106,114.39657592773438,38.130001068115234,111.96955926252319,13785.720703125,725.7999877929688,145.48499378917379,7.203999996185303,56.557934799626764,52.25820211429244,40.57900466496387,472.8179260621944,3.0999999046325684,33.06999969482422,84.99697888695853,640.2426548045464,117.61135212193912,38.79999923706055,112.11656674384807,14058.165776309288,744.0,147.5135073322993,7.23199987411499,56.5665992223691,52.612857035779534,40.97371041512747,476.68794548653545,3.0999999046325684,1934961,248141,33062,1692229,3663430,1392294,4336,24028,604717,3421643,5781248,3094111,1518613,90819,5448773
2024-04-03,32.09000015258789,85.97035217285156,625.1727294921875,112.76446533203125,37.06999969482422,118.97684478759766,13595.0107421875,731.2000122070312,147.14837646484375,7.289999961853027,58.55031967163086,52.48872756958008,41.02409362792969,481.7358093261719,3.1070001125335693,32.720001220703125,86.07464532465437,627.4560484457747,115.23737027352315,38.83000183105469,119.56486722936907,14049.085917277263,742.0,148.73061454252792,7.489999771118164,58.558984093962906,53.127101677816654,41.72952343312193,484.2597483579534,3.1549999713897705,31.704999923706055,84.94482605398957,612.386143352099,112.26988434373285,37.0,115.10568271480639,13576.84773518391,718.7999877929688,146.17468006528668,7.205999851226807,57.432853724455,52.08087678721562,40.6461874352253,475.8466182520149,3.0880000591278076,32.1150016784668,85.65747934807142,625.1727294921875,114.74278928522477,38.779998779296875,116.28173507546023,13849.292840237767,739.2000122070312,147.3106550710819,7.429999828338623,57.5368003563684,52.45326140183363,41.04928972339627,480.5580019211431,3.1500000953674316,1783999,367468,27278,436705,3995640,1322593,5459,31386,521731,2394086,2258428,2871463,1683574,96408,3403073
2024-04-04,31.655000686645508,88.77751159667969,624.716064453125,115.63302612304688,37.54999923706055,125.44510650634766,13803.8857421875,731.5999755859375,149.3797607421875,7.329999923706055,58.86217498779297,53.198036193847656,41.670738220214844,484.59625244140625,3.130000114440918,32.09000015258789,88.77751159667969,629.7393661409791,116.07814595360446,37.689998626708984,125.44510650634766,13858.37476485403,737.7999877929688,149.3797607421875,7.4019999504089355,59.087403713728825,53.286698234608046,41.68753454947109,487.96150419447156,3.1500000953674316,31.520000457763672,86.28322184326603,617.4094438162464,112.96228449958251,36.599998474121094,120.15288958018891,13277.158523077715,721.5999755859375,146.62097455371548,7.263999938964844,58.55032186234888,52.24046991888317,40.82254441599407,479.88492052698143,3.1070001125335693,32.0,86.56133027394476,625.1727282429299,112.96228449958251,37.15999984741211,120.15288958018891,13531.440628854853,733.4000244140625,147.18895593982086,7.326000213623047,58.706248425070925,52.736986140965506,41.024093959924514,484.59625244140625,3.1070001125335693,2228467,280154,25778,354939,4137230,2230990,5459,18939,528641,1087109,1907390,2301922,1322306,71812,4002894
2024-04-05,30.899999618530273,91.90623474121094,621.5194091796875,114.79225158691406,36.970001220703125,125.69011688232422,13585.9296875,741.0,151.52996826171875,7.099999904632568,58.922813415527344,53.41082763671875,42.0738410949707,486.95196533203125,3.0999999046325684,31.510000228881836,92.9925968539912,625.1727194467246,115.92978183436932,37.47999954223633,125.83711688529309,13658.58171791444,741.2000122070312,151.52996826171875,7.228000164031982,58.99211557954938,53.49948967384359,42.107433753948925,486.95196533203125,3.1489999294281006,30.790000915527344,86.89159014609358,610.1028145951966,113.16013279935136,36.77000045776367,122.65199469482086,13413.381115265709,713.4000244140625,147.39179550134233,7.010000228881836,58.039233955809856,52.488727568764794,41.13326906858636,477.36102772120114,3.0799999237060547,31.5,88.21260355775802,618.32276269603,114.24820947549081,37.47999954223633,124.26906202147764,13649.500214112635,720.0,149.05517915526087,7.099999904632568,58.472362567420376,52.577389605889636,41.4020039332676,481.23104707035986,3.140000104904175,3016158,436397,35070,372071,3188370,1550364,4771,36209,582147,4483938,1294042,3149976,1573036,98905,3228120
2024-04-08,31.05500030517578,92.99259185791016,641.156005859375,115.73194885253906,36.97999954223633,126.71916198730469,13931.025390625,740.0,154.1670379638672,7.050000190734863,59.91035079956055,54.12013244628906,43.8374137878418,488.8028564453125,3.0999999046325684,31.174999237060547,94.16586155055262,649.832618474281,115.73194885253906,37.439998626708984,129.90429166045624,13985.51440779824,753.7999877929688,154.93787067747357,7.177999973297119,60.109586253430464,54.54571629966971,43.904595896922466,496.37467349868217,3.135999917984009,30.524999618530273,92.12350221437828,616.9528233020054,114.44603529105034,36.66999816894531,125.05308967200494,13604.091287585561,735.7999877929688,151.73282157496402,7.019999980926514,58.68026055937511,53.02070495504253,42.07383777357276,485.26933155047243,3.0789999961853027,30.899999618530273,92.99259185791016,621.519461520377,115.43519724705494,36.970001220703125,125.44510712719965,13649.498801896594,742.0,151.73282157496402,7.070000171661377,58.749562721163734,53.21576548951526,42.09063410173594,486.9519575623324,3.0999999046325684,2209312,163813,23487,193074,2790020,1148268,3800,23480,652775,3047807,1928888,3023460,3047993,68161,1967604
2024-04-09,30.75,89.5596923828125,631.109375,115.83086395263672,36.5,137.79360961914062,13722.150390625,707.0,150.4345703125,6.986000061035156,59.875701904296875,52.48872756958008,42.54412841796875,479.5484313964844,3.0920000076293945,31.530000686645508,93.73131878489858,652.1159099131693,118.50160577141523,37.27000045776367,139.70468434588548,14103.57349876944,741.0,155.38414866900393,7.159999847412109,61.417638710780324,54.19106303453083,44.139744469188656,493.6824801571831,3.1440000534057617,30.559999465942383,89.42932760729745,626.5427369753979,115.43519765947988,36.43000030517578,127.11116622521213,13685.824380325528,698.7999877929688,150.3940099435481,6.986000061035156,59.338620044356894,52.32913319696096,42.39296465717646,478.5388454815046,3.0840001106262207,31.05500030517578,92.7318643467871,642.5259700615051,116.22653024579355,37.099998474121094,128.189216047592,13985.51396529616,740.0,155.34357591898703,7.041999816894531,59.944997459597076,54.137867165151064,43.71984584555945,493.6824801571831,3.0999999046325684,2188634,221955,30202,373870,3055790,2702998,3191,42651,596423,4694442,4219161,2698271,2276087,118716,3134681
2024-04-10,31.040000915527344,91.77587127685547,633.3927001953125,113.75361633300781,36.97999954223633,139.50868225097656,14167.14453125,711.7999877929688,152.90936279296875,6.388000011444092,60.38679122924805,53.144832611083984,42.913639068603516,487.1202087402344,3.049999952316284,31.204999923706055,92.123508484053,641.6126487198371,117.4135122746047,37.5099983215332,142.10578193921137,14312.448577724359,724.5999755859375,154.6538920328509,6.949999809265137,61.045148580231775,53.7654769925717,43.400723021250116,489.64414764562423,3.0799999237060547,30.665000915527344,89.55969651339905,625.1727516707879,112.96228380940003,36.40999984741211,136.12753271732137,13803.884415064103,700.4000244140625,151.24597905487283,6.28000020980835,59.88436044536524,52.57738747906314,42.560925754126195,480.3897049925282,2.819999933242798,30.799999237060547,89.55969651339905,632.9360363883945,116.32543571467369,36.72999954223633,139.26367228211583,13867.454935396634,710.0,151.24597905487283,6.949999809265137,60.18755576568577,53.198031860550856,42.896845942404696,484.25972410759186,3.049999952316284,2255781,346533,37171,306001,2998550,1663105,5698,37560,580545,22341694,2438285,2031072,1847491,102617,7538399
2024-04-11,31.454999923706055,88.34296417236328,639.329345703125,117.41351318359375,37.5,138.33262634277344,14339.693359375,695.4000244140625,148.48719787597656,6.5,59.078739166259766,51.60209274291992,41.939476013183594,470.6305236816406,3.065000057220459,32.08000183105469,91.60205035704986,652.1159326171875,119.68858854654952,37.7400016784668,140.684731082779,14348.774862452503,715.7999877929688,153.2339247277164,6.679999828338623,60.62934036754811,53.375360511527205,43.01441873572743,489.139410111957,3.140000104904175,30.850000381469727,88.16914226413664,631.1093969726562,114.00090768586638,37.02000045776367,136.76457147032522,14058.166763972451,689.4000244140625,148.08149514953948,6.441999912261963,59.078739166259766,51.477964540275785,41.939476013183594,469.7892106620808,3.052999973297119,31.0,90.47223116077406,633.8493798828125,114.00090768586638,37.029998779296875,138.7736562625522,14230.715322444981,711.5999755859375,151.73281968747332,6.5,59.59849878024721,52.75471611606668,42.82966230456455,480.38973416866605,3.069999933242798,3295542,242864,33103,539574,2373310,938585,2764,15469,477326,11310310,2441145,1702088,1124867,65422,9619581
2024-04-12,30.940000534057617,87.34351348876953,647.54931640625,117.21569061279297,36.560001373291016,141.6157684326172,14457.75390625,687.2000122070312,146.41810607910156,6.369999885559082,58.775550842285156,51.247440338134766,40.7973518371582,464.23651123046875,2.930999994277954,31.760000228881836,90.12459783317563,659.4225760864774,118.69943353194225,37.95000076293945,143.82085825250223,14775.606536098461,707.7999877929688,150.9619813995503,6.630000114440918,59.89302344511934,52.40006376755108,42.829659639185245,478.53883248002813,3.1059999465942383,30.850000381469727,87.08278393058166,639.7860312307167,116.86948544099948,36.38999938964844,140.34171354583913,14366.93886915044,684.0,146.41810607910156,6.366000175476074,57.623427157694316,51.247440338134766,40.66298120207648,463.3951982157888,2.927999973297119,31.485000610351562,89.16860050420028,643.8960057354108,118.50160416140504,37.58000183105469,140.39071853268103,14366.93886915044,695.4000244140625,149.94772462097373,6.619999885559082,59.165370555283914,52.22273968782551,41.97306606197287,471.1352882207787,3.0829999446868896,1769862,186133,25638,235661,2122900,1015831,4513,21060,637785,4592983,2710479,1758423,956483,50220,4600228
2024-04-15,31.0,87.82151794433594,641.6126708984375,114.24819946289062,36.599998474121094,141.32174682617188,14376.0185546875,683.7999877929688,147.6352081298828,6.099999904632568,59.59849548339844,51.5843620300293,41.2088508605957,467.09698486328125,2.885999917984009,31.524999618530273,88.82096580743249,651.2026111752114,118.15538594964892,37.0,144.60488638544035,14702.952646897702,698.0,149.0957403070627,6.480000019073486,60.10958403745771,52.080878245664096,41.7547203553112,472.48135721882034,2.9700000286102295,30.729999542236328,86.8742067114674,637.5026964941059,114.24819946289062,36.41999816894531,140.1457019683309,14257.959021389372,679.5999755859375,145.93126424072602,6.099999904632568,58.697587240412496,51.24744019148282,40.89812677464819,457.67426905400015,2.88100004196167,30.915000915527344,86.95242823338013,646.6359729481761,116.02869390177406,36.560001373291016,142.3017867000763,14484.996585424235,690.0,146.37752730005948,6.380000114440918,58.73223832002938,51.24744019148282,40.89812677464819,457.84254192285107,2.9560000896453857,1049723,120341,20520,317370,1033900,583759,3460,13844,446229,6852495,2333348,1249947,919787,35434,3437696
2024-04-16,31.375,86.83943939208984,632.022705078125,110.34101867675781,36.58000183105469,134.8044891357422,13831.1298828125,670.5999755859375,143.1724853515625,6.081999778747559,56.9390869140625,49.52737045288086,41.47758483886719,456.6646728515625,2.8369998931884766,31.520000457763672,87.30005586242658,643.439300184305,114.05037599381548,36.779998779296875,138.33262374824454,14421.42761254514,684.7999877929688,146.8643825266497,6.216000080108643,59.32995195409128,51.17651005662077,42.00665799283048,464.23648963139567,2.9130001068115234,30.5,84.31907798938319,627.4560670356531,110.19264287473415,36.150001525878906,132.69739441103508,13694.907329797274,666.0,141.75252585199544,5.984000205993652,56.70519377620067,49.314576827588,40.56220572645484,454.4772796550338,2.822000026702881,30.579999923706055,86.8220605159346,637.5026707290914,113.75362438976815,36.5,138.1856237472235,14248.879045392523,678.0,146.8643825266497,6.099999904632568,58.90548778966133,50.89278747772357,40.79735113020087,460.5347433488341,2.88700008392334,2110288,477459,21795,445099,1666970,925226,4472,22858,769519,6586504,3786278,4475632,2011692,80170,2286997
2024-04-17,31.889999389648438,88.03878784179688,628.8260498046875,111.23125457763672,35.79999923706055,139.55767822265625,13776.6396484375,683.0,146.5803985595703,6.00600004196167,58.498348236083984,51.37156677246094,41.85549545288086,465.5826416015625,2.8299999237060547,33.41999816894531,88.56024032725792,633.8493515823575,111.92367244774532,36.689998626708984,140.53771813982158,14112.655249618903,684.2000122070312,148.36550056365533,6.199999809265137,58.81886578249476,51.673022432718135,42.15782297823144,470.9670140711144,2.859999895095825,31.299999237060547,85.58795519256476,617.8661186534075,109.84643393083255,35.650001525878906,134.26546865165233,13703.98762656044,654.4000244140625,143.29421619083507,5.984000205993652,56.852458218031295,49.75789335056649,41.08288030992136,452.9629464155751,2.7980000972747803,31.375,86.31798734608458,628.3693860067175,110.53884425423463,36.599998474121094,135.24550856881768,13803.884156641398,667.5999755859375,143.6999189406607,6.099999904632568,57.086351365390456,49.91748772259912,41.27603649834046,455.1503397079445,2.8499999046325684,15704552,223298,44004,326580,2968900,832330,3598,32943,645471,5299529,2153097,2986324,1300813,71094,2007171
2024-04-18,33.0,90.81986999511719,624.716064453125,111.47854614257812,36.029998779296875,140.73373413085938,14158.0634765625,682.4000244140625,148.7711944580078,6.113999843597412,58.08254623413086,52.16953659057617,42.577720642089844,471.1352844238281,2.9179999828338623,33.040000915527344,91.1675071872528,634.3060040390283,112.56663029952979,36.150001525878906,144.26186876095167,14167.144979754652,691.5999755859375,149.25803030018088,6.150000095367432,58.73223911545663,52.222735839917995,42.86325183138594,477.1927483506401,2.936000108718872,31.670000076293945,88.60368869705215,610.1028231793678,109.94534968391216,35.5,139.01866432402755,13731.232826531432,664.0,144.75472756895851,5.986000061035156,57.33756453482256,50.99918016297421,41.56996331495231,460.53476106416036,2.7850000858306885,31.959999084472656,88.60368869705215,629.7393661409791,111.77529773932977,35.79999923706055,142.10578399463606,13831.129361645086,682.0,147.67579214625533,6.050000190734863,58.6802591908185,51.53115912743337,42.073840376734964,470.46224428744256,2.8399999141693115,6890044,360153,52550,338970,2833430,706931,3532,26800,631763,5972573,1793292,2954915,2357794,80684,4211882
2024-04-19,32.665000915527344,90.29842376708984,616.0394897460938,111.97312927246094,36.79999923706055,139.55767822265625,13912.8623046875,679.2000122070312,149.7854461669922,6.199999809265137,58.602298736572266,52.41779708862305,42.5609245300293,469.9574279785156,2.9790000915527344,33.150001525878906,91.1240563537116,622.8894470079109,112.56663247744723,36.79999923706055,141.32175306439834,14076.329355264768,682.0,150.27228199257218,6.283999919891357,58.98344739635743,52.45326325762429,42.77927040362984,471.4718324799014,3.0299999713897705,32.459999084472656,88.95133204088762,612.8428430239123,110.39047166814655,35.63999938964844,138.1856283203137,13858.37328782841,666.0,146.21525487408445,6.033999919891357,57.64941717358282,51.37156877876666,42.006658477811676,461.37607633557525,2.88100004196167,32.47999954223633,89.16860447217002,621.062791738093,110.78613795590184,35.77000045776367,140.1457081546444,13985.514327166286,674.4000244140625,146.70210308072868,6.099999904632568,57.6754038311798,51.814885744562076,42.20820802212413,463.22692388229814,2.9200000762939453,8864561,199457,35858,195122,1982090,448299,2796,29668,714351,6283672,2043440,3359654,1840468,34975,5615740
2024-04-22,33.29499816894531,91.9931411743164,630.196044921875,114.99007415771484,37.529998779296875,136.86256408691406,14778.0791015625,691.0,153.84246826171875,6.179999828338623,59.286643981933594,53.30442810058594,43.48469924926758,480.7262878417969,2.9100000858306885,33.845001220703125,92.42768601371387,634.3060191278872,115.08898884119736,37.59000015258789,140.63572362939138,14778.0791015625,696.0,154.00474686494616,6.289999961853027,59.338617298258036,53.588150672575544,43.48469924926758,480.7262878417968,3.009999990463257,32.650001525878906,90.29841895291753,616.0394671011662,112.02258837299962,36.709999084472656,136.47055411423517,14167.338199431551,678.2000122070312,150.10999848216903,6.090000152587891,58.04789594039757,52.59512167061191,42.443352485132245,471.47184447406636,2.884000062942505,32.9900016784668,90.64605615056111,617.4094585031703,112.02258837299962,37.0,140.14570368643183,14259.874699754422,678.2000122070312,150.10999848216903,6.285999774932861,58.697588830524474,52.59512167061191,42.62810569604983,473.1544705409264,2.993000030517578,10525090,147974,33692,285597,1747630,580462,3784,9640,914914,3828341,1814053,2341489,1681533,54268,4212279
2024-04-23,33.32500076293945,89.38587951660156,650.2892456054688,114.49549102783203,38.45000076293945,130.00228881835938,14204.3515625,690.7999877929688,157.63436889648438,6.113999843597412,58.64561080932617,55.48554992675781,43.53508758544922,485.9423828125,2.868000030517578,33.83000183105469,92.64496608111519,653.0292283818962,116.47381484688745,38.79999923706055,135.14749837508953,14898.375254478828,708.4000244140625,160.34286311273934,6.239999771118164,59.641807928336185,55.92886686749992,43.8038224369246,494.52378593941876,2.937000036239624,32.94499969482422,89.25551472789529,629.282710986191,113.80308070984522,37.220001220703125,129.4142738415522,14195.097913273616,683.7999877929688,156.18983313736948,6.0980000495910645,58.48968424627227,53.375360341798206,43.0983926509087,482.57713071172185,2.8550000190734863,33.4900016784668,91.90624111928449,633.3926851508322,115.03953309675485,37.599998474121094,135.09850834268903,14842.853359120521,691.0,156.50582963971146,6.230000019073486,59.32129698857177,53.375360341798206,43.48469859945804,484.25975676211095,2.9200000762939453,2195085,984608,39427,364389,4094450,1400385,4342,15631,1041754,4389962,1237216,3779796,2169663,69465,4083367
2024-04-24,32.900001525878906,89.6466064453125,632.93603515625,114.89115905761719,38.220001220703125,130.24729919433594,14074.8017578125,671.0,155.4675750732422,6.015999794006348,57.952606201171875,55.52101516723633,42.913639068603516,479.3801574707031,2.8399999141693115,33.47999954223633,90.90678389410643,651.2025873974115,116.91893647512889,39.2599983215332,134.2654688421024,14398.679510293392,699.5999755859375,159.53031665412544,6.1539998054504395,59.56384507183089,55.78700466699847,43.73664320952862,487.96156070475575,2.8889999389648438,32.4900016784668,87.77806221074037,623.8027590356692,114.39657809529142,38.0,129.46327922286946,14074.8017578125,670.0,154.74530714808444,6.0,57.952606201171875,54.953569999146424,42.51053676481271,479.3801574707031,2.808000087738037,33.33000183105469,90.38533138531682,648.4626045612373,114.74278325957815,38.59000015258789,131.81536904571368,14250.62110915927,699.4000244140625,158.80804872896766,6.111999988555908,59.22600530304926,55.41462004377947,43.55188678561821,487.96156070475575,2.86299991607666,2874068,267557,38375,276867,4448910,816131,4244,15007,732768,5225314,1619488,3198157,1314028,64128,4829769
2024-04-25,32.29999923706055,88.29950714111328,612.3861694335938,113.35795593261719,36.61000061035156,135.19650268554688,13926.744140625,671.7999877929688,153.48133850097656,5.960000038146973,57.779354095458984,54.9713020324707,42.82965850830078,471.9765930175781,2.806999921798706,33.0,91.47168569071741,632.9360408910969,115.68248496418863,38.45000076293945,136.42155257387952,14250.621911337208,676.5999755859375,155.87383620834032,6.130000114440918,58.66294016343338,55.66287539507856,43.29994610795242,487.7932671482331,2.859999895095825,32.16999816894531,87.34350985194394,609.1895227624266,112.81392139787435,36.400001525878906,131.32534802926014,13713.910177014119,666.0,152.03680274581592,5.915999889373779,57.53680313060895,54.652113285962486,42.44335255335774,468.77961388739317,2.7699999809265137,32.900001525878906,91.25441327815038,630.1960580300964,114.64386946329414,37.91999816894531,131.52135302054893,14213.607308970099,674.5999755859375,155.37728995761069,6.050000190734863,58.10853606977099,55.29049077897892,43.09839336422395,487.7932671482331,2.8399999141693115,1863658,262143,29529,201047,3795920,933973,4296,10888,474740,4953953,1087679,4119725,886729,45718,3704686
2024-04-26,33.27000045776367,88.47332763671875,623.802734375,114.89115905761719,38.5099983215332,136.9115753173828,14389.42578125,678.0,156.2349853515625,6.065999984741211,58.31643295288086,54.70531463623047,43.24955749511719,473.1544494628906,2.940000057220459,33.900001525878906,89.03823059586986,627.4560446788067,115.53411581798201,39.220001220703125,139.9007000966317,14481.962281450966,683.0,156.32526023099416,6.223999977111816,58.74089711953426,55.60968165861432,43.518292353364174,476.8561958352744,3.0439999103546143,32.60499954223633,87.03932841055027,616.0394499794107,113.65470665180277,37.279998779296875,136.76457530947818,14047.040730506431,671.5999755859375,153.97790672405108,5.992000102996826,58.1258553162967,54.457054833734475,42.76247356231189,469.1161060025882,2.821000099182129,32.60499954223633,88.21259809355077,619.6927602832175,114.34711698037621,37.310001373291016,138.23463520541478,14065.548030546624,674.0,154.5647416567582,6.0,58.1258553162967,55.237293645990356,42.91363732052235,475.1735698433717,2.8299999237060547,2693586,163885,21993,176839,6866650,966763,2916,11963,647823,5960017,644876,2998376,1093780,32872,6955415
2024-04-29,34.29499816894531,91.03714752197266,633.849365234375,116.5727310180664,38.91999816894531,140.9297332763672,14657.7822265625,684.4000244140625,154.74530029296875,6.188000202178955,59.00944519042969,54.545719146728516,43.954986572265625,476.1831970214844,2.934000015258789,34.380001068115234,91.03714752197266,634.7626928499865,117.116773093941,39.09000015258789,140.9297332763672,14676.289527353614,684.5999755859375,157.0475231753719,6.188000202178955,59.03543185002047,55.148630482713834,43.971782901074924,479.21190352980767,2.9600000381469727,33.28499984741211,87.60424580466034,614.6694853065337,114.74278297139834,38.220001220703125,136.71555893484316,14250.621609157986,670.7999877929688,151.35968245888006,6.026000022888184,57.69273049300547,53.48175776662265,42.678494414908684,466.9287532631163,2.8420000076293945,33.290000915527344,88.64715080898532,623.8027614626486,114.74278297139834,38.5,137.49959380488366,14259.875259553542,682.0,155.28700465686865,6.119999885559082,58.31643675925713,54.634381185804,42.964025597522365,474.33229799987583,2.940000057220459,2934885,231701,23285,222908,3074380,792777,3446,14459,679522,3828508,932048,2164247,1419557,52160,5465215
2024-04-30,34.01499938964844,90.21150970458984,627.9127197265625,117.21569061279297,38.9900016784668,137.8426055908203,14555.9921875,685.7999877929688,152.57850646972656,6.0879998207092285,57.55413055419922,53.81867980957031,43.06480026245117,471.8083190917969,2.9149999618530273,34.619998931884766,91.42822992873177,636.1326680575283,118.35322836014876,39.2599983215332,141.0767402431598,14842.85535203433,692.4000244140625,155.37728931778247,6.23799991607666,59.06141623354182,54.88264119375714,43.887801150679344,482.9136609372924,2.9570000171661377,33.70000076293945,88.99478284982,622.88941796875,116.47381915321833,38.59000015258789,136.9115706791131,14444.948381873808,677.0,152.35279861991927,6.070000171661377,57.55413055419922,53.57042001117472,43.04800393368258,471.13527896321204,2.884000062942505,34.369998931884766,91.03714223249014,632.4793576882101,116.91893901028041,39.18000030517578,140.97874522595075,14648.528692188493,683.2000122070312,155.28700066741402,6.170000076293945,59.01810072988097,54.88264119375714,43.820619039177124,479.71668181426173,2.921999931335449,1458213,203595,27376,244947,2725700,1520080,3071,23957,731056,4575458,1448727,2723091,1645223,63161,4376563
2024-05-02,34.20000076293945,90.29842376708984,639.329345703125,118.25431060791016,38.66999816894531,137.15658569335938,14528.2314453125,686.2000122070312,151.13397216796875,6.179999828338623,57.285587310791016,53.25123596191406,43.36712646484375,472.31317138671875,2.924999952316284,34.51499938964844,91.73242313967934,644.8093115234375,122.26041185768942,39.150001525878906,138.57764060599536,14694.797156150478,699.5999755859375,154.7452977994721,6.210000038146973,57.55413154186435,54.56345379483272,43.71984295119917,478.5388572072433,2.9600000381469727,33.84000015258789,89.6900569811221,627.9127502441406,115.78140580679708,38.439998626708984,135.68652579320712,14454.202240495622,682.2000122070312,150.3214294113261,6.078000068664551,56.61857216248604,52.861114861424674,42.79606411822796,468.4431005094126,2.8949999809265137,33.900001525878906,91.16751349221943,627.9127502441406,117.21568757276005,39.08000183105469,137.94062063095177,14583.75334892516,682.7999877929688,154.5647342731197,6.093999862670898,57.55413154186435,54.10240373749804,43.06479896327397,472.4813929186101,2.9149999618530273,1028343,215497,25367,528880,3186550,504042,2295,19410,496798,3599697,1206409,2243237,1315593,42087,2855979
2024-05-06,36.904998779296875,93.3402328491211,659.8792114257812,122.75499725341797,39.61000061035156,141.32174682617188,15296.283203125,705.0,155.28700256347656,6.245999813079834,58.78421401977539,54.26199722290039,44.66041564941406,481.5675964355469,3.0239999294281006,37.59000015258789,93.60095577443978,664.4458495671361,125.03007277132991,39.79999923706055,141.51775181010842,15324.044152676952,706.0,155.73841826860294,6.269999980926514,58.96612723838086,54.56345289455917,44.77798674562474,483.75498976242994,3.0290000438690186,34.619998931884766,90.29841897267339,639.3293397896842,118.35322956707024,38.400001525878906,138.87164714141085,14620.766764027527,682.2000122070312,151.0888420162468,6.041999816894531,57.30291500340128,52.64832373997398,43.66945469053538,471.47184012746135,2.880000114440918,34.619998931884766,90.64605617039302,644.3526417451747,118.69943474239419,38.66999816894531,138.9206521259504,14685.542312982077,688.7999877929688,152.57850833271826,6.173999786376953,57.606103701077046,53.30443095448778,43.71984367615657,474.16400072987994,2.9149999618530273,6018076,285847,70551,695889,2535690,603682,5867,49260,569831,6454378,1301491,3891740,1346940,56863,4576501
2024-05-07,36.209999084472656,90.25496673583984,667.185791015625,127.10730743408203,39.63999938964844,140.9297332763672,15129.71875,698.4000244140625,155.1064453125,6.573999881744385,58.31643295288086,53.747745513916016,44.69401168823242,477.697509765625,3.2049999237060547,37.380001068115234,93.51405320894885,677.2323943026502,128.24483761110739,40.38999938964844,143.03681297001853,15379.567316513761,713.5999755859375,157.67950667016208,6.868000030517578,59.49454324356675,54.70531173946669,44.91235756863434,486.1106397415947,3.450000047683716,35.81999969482422,89.99424379636817,656.2258601570521,122.75499345228965,39.13999938964844,137.8425987794992,15000.167641437309,694.2000122070312,153.7070538147638,6.464000225067139,58.281781872682124,53.33989473588068,44.03896763988196,477.1927425069349,3.0899999141693115,36.599998474121094,93.34023791596773,660.3358342290169,122.85390813550404,39.79999923706055,141.12573825532198,15175.987003058104,705.0,155.24186451907156,6.5,58.85351478243459,54.545717368541574,44.59323370936475,479.0436413715823,3.0899999141693115,5612007,241946,46682,654081,3708580,425369,2644,27172,701884,14687958,1089468,2833469,1624439,59496,17679653
2024-05-08,36.415000915527344,88.42987823486328,665.359130859375,130.37155151367188,39.93000030517578,144.06585693359375,15370.3125,696.2000122070312,155.28700256347656,6.699999809265137,58.775550842285156,53.88960647583008,44.84517288208008,480.8945007324219,3.2160000801086426,36.724998474121094,91.38478458308757,673.1224151590383,133.3884985605012,40.38999938964844,146.7119615190808,15379.566149909693,711.0,155.87383746969525,6.699999809265137,58.775550842285156,54.01373467863584,44.89555866505305,481.9040866243414,3.2269999980926514,36.099998474121094,85.64010105379263,644.3525968720509,126.2170666845934,39.65999984741211,141.61575732587957,15175.985851896448,688.4000244140625,152.5333640069828,6.504000186920166,57.78801814378389,53.19803312748947,44.08935410176383,474.16399658585374,3.1389999389648438,36.20000076293945,91.25441980010461,666.7291222063744,126.6127329845114,39.70000076293945,142.1057772474224,15194.493151715833,711.0,154.42931547895924,6.599999904632568,58.31643557479117,53.552688034568675,44.67721279716845,477.8657944063348,3.200000047683716,3529325,579865,40291,901842,4464380,997735,2938,16919,415876,5785659,1184975,2463429,1213497,52800,5008382
2024-05-09,37.1150016784668,89.838134765625,687.7357177734375,130.0747833251953,39.599998474121094,146.22195434570312,15907.025390625,695.4000244140625,154.8807373046875,6.828000068664551,58.541664123535156,53.747745513916016,45.31545639038086,477.5292663574219,3.3919999599456787,37.5,90.58315140334383,696.8689942378923,132.84443952494652,40.119998931884766,146.41795934056447,15907.025390625,703.5999755859375,156.95725238555175,6.96999979019165,59.45989465572859,54.7585076082818,45.735354992671795,487.2885285414482,3.4600000381469727,36.21500015258789,88.85689824327584,665.8158542587463,128.88779212341967,39.13999938964844,142.4977996264479,15407.32825793521,691.2000122070312,154.20361372023925,6.697999954223633,58.333757633628,53.6768165614159,44.677211924470356,476.856226187755,3.2639999389648438,36.435001373291016,88.91140945792262,665.8158542587463,131.16286739798002,39.900001525878906,145.04590942231266,15407.32825793521,700.5999755859375,155.28700870013353,6.820000171661377,58.80153732239203,54.261994794061344,44.7611903634997,480.3897512655978,3.2899999618530273,7427209,291061,32958,248695,4558160,404779,4072,18432,473159,6264471,1083082,1916908,1007860,36369,8191003
2024-05-10,38.0,85.49523162841797,674.492431640625,130.32208251953125,39.16999816894531,147.0059814453125,15694.189453125,660.0,148.78662109375,7.00600004196167,59.20001220703125,51.03464889526367,44.005374908447266,459.0203552246094,3.4660000801086426,38.119998931884766,89.65642529211698,694.1289750126947,132.30040635284482,39.54999923706055,151.31815091935297,16092.096379118146,695.0,155.5578567584281,7.440000057220459,59.7024429550338,54.315191644776306,45.28186384337,483.41843238217876,3.6600000858306885,37.30500030517578,85.09547117168864,671.7524488445223,129.13509123822573,37.84000015258789,146.02594156901043,15666.428504799898,636.7999877929688,148.60605756458142,6.751999855041504,58.74089696141497,51.03464889526367,43.73664005861384,458.68386083223845,3.382999897003174,37.30500030517578,89.2748329295266,689.5623370191901,131.55853491535223,39.0,147.49600138346355,15971.798936376033,690.0,154.97100806848746,6.849999904632568,58.76688361923962,54.26199577499953,45.046721650658775,477.52924134414474,3.450000047683716,3953875,319948,15917,311155,4783310,908923,3491,56318,817320,8534087,1957014,3682111,1145995,123636,10707196
2024-05-13,38.060001373291016,87.67577362060547,668.5558471679688,139.32345581054688,39.0,149.1620635986328,15971.7998046875,653.5999755859375,150.68255615234375,7.099999904632568,59.32129669189453,51.47796630859375,44.29090881347656,465.07781982421875,3.450000047683716,38.45500183105469,87.67577362060547,684.9957450491484,140.65881528267693,39.150001525878906,149.79909847972786,16101.350903914397,664.7999877929688,151.35967970685,7.400000095367432,59.60715654854865,51.83261784515392,44.39168358747496,468.1065774580786,3.6659998893737793,37.709999084472656,85.3135261840152,661.2492258874445,129.58020532685006,38.5,146.36895897208547,15601.653806896364,645.2000122070312,147.61293488236106,7.050000190734863,58.84485258244094,50.78638955515748,43.75343587714971,459.52517451998176,3.430000066757202,37.709999084472656,85.4952348592369,675.862468448493,129.58020532685006,38.86000061035156,147.00597889895903,15731.204906123261,660.0,148.96718199137354,7.050000190734863,59.286645610387176,51.17651064228562,44.00537761750417,467.26526445139604,3.568000078201294,3872988,281865,21862,946280,3388840,452368,1601,25925,506561,6611101,821251,1832523,1494303,31180,8079390
2024-05-14,38.060001373291016,87.09429931640625,679.972412109375,141.49961853027344,38.779998779296875,151.36715698242188,16101.3515625,658.4000244140625,150.41172790527344,7.579999923706055,59.82371520996094,51.14104461669922,44.509254455566406,464.7413330078125,3.6989998817443848,38.08000183105469,88.38444895929617,683.6257225841064,143.32955906315544,39.41999816894531,152.3962018507148,16101.3515625,661.7999877929688,151.63054211999474,7.664000034332275,60.32614593091242,51.602094659530266,45.11390950350214,469.28439250815956,3.7160000801086426,37.29999923706055,85.31352792233106,661.7058597357181,137.49350965474392,38.470001220703125,148.8190622584157,15777.473801185344,642.5999755859375,147.38723698052573,7.110000133514404,59.01809581568268,50.21894453103713,44.05576316961461,457.6742830965993,3.4590001106262207,38.0,87.2214967780015,664.9025064011081,140.46099547463047,39.150001525878906,150.9261420257883,16008.815059267241,655.0,150.68256632446824,7.199999809265137,59.33861333263808,51.389301031208255,44.72760033200304,465.07782740616875,3.4700000286102295,5340127,211801,21095,867007,2817960,567203,2231,17813,561458,10395068,1265284,3092146,1986201,81859,9662737
2024-05-15,38.23500061035156,88.40261840820312,686.8223266601562,138.13645935058594,39.400001525878906,149.94610595703125,16471.49609375,657.0,152.12709045410156,7.263999938964844,59.849708557128906,51.07011413574219,45.31545639038086,463.4873962402344,3.4779999256134033,38.23500061035156,88.5116408359818,696.8689298426851,141.4501578981528,39.58000183105469,155.8263454063266,16545.525289676967,663.5999755859375,152.12709045410156,7.627999782562256,60.55138140414676,51.318373941513,45.483416472011655,467.5145323759653,3.6989998817443848,37.540000915527344,87.0397826070391,680.4290337258196,134.92168303471882,38.36000061035156,148.86805607630487,16101.350114115168,642.5999755859375,148.87689191318262,7.216000080108643,59.16537116469504,50.396273822341634,44.49245551431927,459.6433231735605,3.4600000381469727,38.0099983215332,87.09429382092843,684.082343974012,140.708286440645,38.7599983215332,153.5722506265856,16129.11106258778,654.4000244140625,149.87001196071725,7.619999885559082,59.94499738068666,51.03465134826644,44.593230281868905,463.12129803362296,3.6989998817443848,3482649,276499,23423,585313,1812650,871669,3304,33424,603609,5409162,1330300,3436021,1505032,88695,8018686
2024-05-16,38.38999938964844,86.73087310791016,677.232421875,141.35122680664062,40.65999984741211,154.0132598876953,16277.169921875,647.4000244140625,148.19976806640625,7.369999885559082,60.178890228271484,50.963714599609375,46.60874557495117,459.643310546875,3.6050000190734863,38.7400016784668,88.98409810812268,693.6723188321813,142.7855236093189,40.790000915527344,155.33631969645157,16628.808612626137,668.0,153.1202101929558,7.4019999504089355,60.28283686506819,51.58435898698,47.129418952842315,466.7823231399439,3.611999988555908,38.11000061035156,86.5855075543354,673.1224476357046,138.3837411626097,39.40999984741211,150.63212532047808,16156.872475039085,647.0,147.29693667087258,7.165999889373779,59.49454623028137,50.64452586426221,45.21468232193336,458.3619249616814,3.4000000953674316,38.220001220703125,88.23908145023029,688.6490169841537,138.48266338810907,39.79999923706055,152.5922050642819,16517.76481554683,657.0,152.12709014742325,7.269999980926514,60.03162808679741,51.12330896728296,45.51700983282891,464.95180422566966,3.5,2017025,256653,21786,482213,2522770,972299,4729,25147,1040615,3232382,1183104,2334830,2652554,67091,6063105
2024-05-17,38.849998474121094,86.54916381835938,682.71240234375,139.5707550048828,40.630001068115234,161.06956481933594,16397.46875,649.2000122070312,145.9878387451172,7.464000225067139,61.2270622253418,50.591331481933594,46.47438049316406,463.1213073730469,3.5999999046325684,38.900001525878906,87.23966232348359,683.6257299723035,141.10394392873226,40.9900016784668,161.70658477768032,16434.48335214447,650.2000122070312,148.1997729823237,7.46999979019165,61.2270622253418,50.94598301210123,46.99505389732596,463.1213073730469,3.6489999294281006,38.0,85.0046123656791,669.0124879154473,139.07617403759892,40.290000915527344,151.90618570024515,16110.605583380362,632.5999755859375,143.5501966515403,7.300000190734863,59.77174979212922,49.84655887166967,46.13846030775956,449.3924148619882,3.558000087738037,38.0,86.74904751837907,677.2324365724289,140.65882407685942,40.65999984741211,153.81726052950057,16193.888438205418,647.4000244140625,148.15464243194108,7.311999797821045,60.204878413811315,50.662260435071154,46.52476948204643,457.62975036862343,3.5859999656677246,5799999,200920,29344,214075,1653000,1112840,2818,22192,1221537,3066414,1885407,2012403,2126171,66346,3336655
2024-05-20,38.845001220703125,87.58491516113281,696.8690185546875,141.10394287109375,41.02000045776367,166.60678100585938,16147.6181640625,643.4000244140625,146.078125,7.73799991607666,62.803646087646484,50.715457916259766,46.39039993286133,461.6568908691406,3.933000087738037,39.18000030517578,88.74786726400154,696.8690185546875,141.7469071797915,41.20000076293945,168.1258458235219,16517.76413916995,655.0,146.89066775914833,7.840000152587891,63.046197042680056,51.10557560049815,46.97825542515028,466.41625148973634,3.940000057220459,36.78499984741211,86.54916051128151,682.2557757016403,138.82888251337104,40.65999984741211,164.05867131466923,16110.603566551754,640.5999755859375,144.27246217868014,7.418000221252441,61.22705827091042,50.484931216569976,45.95370499318085,459.09417541589903,3.5999999046325684,39.0,87.09429344303356,687.2790779323753,139.47183172865562,40.75,166.60678100585938,16360.452099749284,649.2000122070312,145.35585711624924,7.46999979019165,61.24438050669088,50.67999174980906,46.44078571587343,463.1213116702088,3.61899995803833,4016000,199866,21310,281552,1075420,982282,2995,25472,669260,4862406,2823630,3010326,1939471,45498,14211512
2024-05-21,37.6349983215332,86.24024963378906,699.6089477539062,140.95558166503906,40.779998779296875,166.26376342773438,16101.3515625,634.2000122070312,140.93199157714844,7.693999767303467,63.17613983154297,50.66225814819336,44.49245834350586,468.61285400390625,3.9579999446868896,38.900001525878906,87.58491736896562,699.6089477539062,142.4393246299342,41.189998626708984,167.2928083158962,16221.649016702586,646.0,145.98783931387277,7.789999961853027,63.74786616469228,50.69772431428117,46.45758405532876,470.26030989616265,3.984999895095825,37.345001220703125,85.22266998399851,682.7123870052806,140.21371018259148,40.400001525878906,163.76467364048415,15832.995703125,632.4000244140625,140.34514288263065,7.604000091552734,62.19727154424739,50.18347505272726,44.30770192160648,455.8907528115851,3.8299999237060547,38.70000076293945,87.58491736896562,695.955637321771,141.1534110416756,40.849998474121094,164.64670357078163,16147.619814116379,644.2000122070312,145.35586006879652,7.699999809265137,62.61307131217087,50.69772431428117,46.39040194054772,464.7687530133044,3.8929998874664307,3310293,262471,25742,378599,1413990,728002,2591,30550,1047974,2801836,2527433,2179519,2121066,73558,6209041
2024-05-22,37.90999984741211,85.29534912109375,729.748779296875,143.42848205566406,40.65999984741211,157.7864227294922,15981.0537109375,629.7999877929688,140.7965545654297,7.783999919891357,62.916259765625,50.53813171386719,43.61906814575195,465.5009765625,3.9809999465942383,37.90999984741211,86.45830818266951,742.5353661681594,147.3356687205667,41.02000045776367,165.57773688584942,16101.351162148958,634.7999877929688,142.06052679550277,7.875999927520752,63.60926818805501,50.66225991726918,44.47566172781287,471.1755685728718,4.044000148773193,36.07500076293945,85.22266981178521,699.6089673859902,139.9664152474239,40.209999084472656,156.5123678780991,15666.429607769072,620.4000244140625,139.2165996099238,7.677999973297119,62.76899762378952,50.041615518019334,43.165580064073346,462.3890999204893,3.921999931335449,37.5,86.3129357005695,702.3489502869799,141.1039454470517,40.709999084472656,164.64670197860053,16101.351162148958,632.2000122070312,140.8416988908098,7.679999828338623,63.15015291702783,50.66225991726918,44.30770163658229,468.61285320451066,3.950000047683716,3297351,138253,46885,620697,1579880,1041570,2546,26818,767200,3236399,1443002,2136725,3065605,43209,3906540
2024-05-23,39.91999816894531,86.62184143066406,716.962158203125,140.60935974121094,40.88999938964844,153.91526794433594,15842.2490234375,638.4000244140625,146.1684112548828,7.438000202178955,57.97859573364258,51.726219177246094,42.812862396240234,468.7959289550781,3.8459999561309814,41.165000915527344,87.7848004869131,731.118735849174,143.42847722753103,41.400001525878906,156.46336268959377,16092.09757696134,651.4000244140625,147.5678028055738,7.829999923706055,61.85076654676588,52.3468635514892,43.60227063906701,473.5552895467909,3.986999988555908,38.29999923706055,83.9688560301634,710.1122012776175,139.1750779876182,40.400001525878906,150.8281333137098,15795.980772784937,625.0,140.11944308776054,7.406000137329102,57.606104866386424,50.57359584350303,42.628105980517546,463.48740707485945,3.7799999713897705,38.584999084472656,85.40437809148936,730.6620720541401,143.42847722753103,40.599998474121094,155.8263427418348,15953.292825003651,634.0,140.75142236920047,7.829999923706055,61.85076654676588,50.697724041903705,43.60227063906701,465.86708737071586,3.9630000591278076,7743367,471441,37520,444037,1200710,1115960,1655,14018,602768,3390980,6630964,2259832,2575289,66195,5304317
2024-05-24,40.0,86.36744689941406,723.35546875,137.88917541503906,40.70000076293945,154.8953094482422,16101.3515625,630.7999877929688,143.2342071533203,7.443999767303467,56.471309661865234,51.442501068115234,42.577720642089844,464.2196044921875,3.8469998836517334,40.45000076293945,86.85806862879814,728.8354344223485,140.36208039087128,40.93000030517578,155.28731942721743,16138.366163793102,638.5999755859375,145.3107222887933,7.5,58.03923309783133,51.5488961927783,42.84645550218355,470.4433575833352,3.871999979019165,39.619998931884766,85.20449476979618,708.2855631510416,135.76248317318903,40.400001525878906,151.51417477835886,15555.386193426722,625.2000122070312,141.2931250039674,7.297999858856201,56.23741651400299,50.78639047117294,42.24180046518659,459.4602441767204,3.7720000743865967,39.71500015258789,86.29476759011905,717.8755030776515,139.5707628733363,40.43000030517578,151.90618475733407,15795.981101831896,638.0,144.45303514782609,7.418000221252441,57.7793532910995,51.318372858968324,42.493738996077916,470.4433575833352,3.821000099182129,3345723,78406,22234,375094,1598040,430656,1789,10009,336761,2251432,4224604,1828765,1781576,29504,2487965
2024-05-27,39.974998474121094,86.89441680908203,727.0087280273438,138.23538208007812,40.029998779296875,155.63034057617188,15842.2490234375,635.5999755859375,145.58157348632812,7.484000205993652,56.9564094543457,51.690757751464844,41.88908767700195,469.5281066894531,3.8350000381469727,40.380001068115234,87.42138168966892,732.0320295400956,139.8674932551072,40.939998626708984,155.97334557186815,16230.902328919028,641.2000122070312,146.03298921806868,7.559999942779541,58.10853308726708,51.939017553271704,43.03121244821029,471.72475175600914,3.9170000553131104,39.44499969482422,85.80415085701566,719.2454438712729,136.99892964644593,39.83000183105469,153.57225078510524,15842.2490234375,631.5999755859375,143.68562190257185,7.400000095367432,56.696529657334736,51.40703516274847,41.52797460364719,460.9246732837831,3.818000078201294,40.0,86.27659758777992,728.8353831228899,137.88916936129573,40.70000076293945,154.35628570333168,16129.11217748339,637.7999877929688,143.91132976844213,7.443999767303467,56.71385850194495,51.44250133189803,42.66169960836508,460.9246732837831,3.8499999046325684,8081085,102148,24870,202270,909920,243961,1218,7111,361853,1433962,1745837,1343515,1682107,15792,1208875
2024-05-28,39.834999084472656,86.31293487548828,706.154052734375,137.69134521484375,39.619998931884766,154.11126708984375,15860.755859375,633.0,144.6335906982422,7.150000095367432,56.24607849121094,51.37156677246094,41.6539421081543,469.3450622558594,3.802000045776367,40.709999084472656,87.34868953945482,734.8400670634627,139.96642079772994,40.349998474121094,157.1983866492236,16258.662803338317,643.7999877929688,147.34208495767035,7.389999866485596,57.47616209035589,52.00994426059145,42.49373935391203,471.90777769324177,3.8510000705718994,39.51499938964844,84.67752912620351,701.8511505850119,137.2956864584349,39.560001373291016,152.05317741410957,15712.697461621208,627.2000122070312,143.05363571357574,7.090000152587891,56.00352754028294,51.01691524301946,41.4271996709433,464.76876473803117,3.760999917984009,40.0,86.89441093484699,731.4933653917358,138.28484844287112,40.029998779296875,156.31635676203547,15981.053307549957,643.7999877929688,146.25869000912192,7.349999904632568,57.1729734016959,51.868082972366885,42.090637060376984,468.6128658256082,3.8510000705718994,4205904,117863,54359,431776,1222820,646238,1816,18059,438504,4053413,2314114,1959828,1894145,45253,1576870
2024-05-29,39.125,84.69570922851562,708.0664672851562,128.88780212402344,39.209999084472656,148.72105407714844,15851.5029296875,619.2000122070312,141.7896728515625,6.702000141143799,54.790767669677734,50.94598388671875,41.79671096801758,458.9111022949219,3.861999988555908,39.83000183105469,86.47648063350232,713.8036702611332,141.45015557992122,39.779998779296875,154.40528845940938,15981.054033607887,632.7999877929688,145.71698114061616,7.150000095367432,56.5925842242678,51.60209447126455,42.073842404281386,468.61285846666516,3.9489998817443848,38.66999816894531,84.69570922851562,693.7234598452138,128.09646956363494,38.83000183105469,148.72105407714844,15684.937224647,616.7999877929688,141.33825715561744,6.664000034332275,54.4096156929032,50.83958876406591,40.998902912105,456.6229535719401,3.819999933242798,39.60499954223633,85.40438278510054,705.6759660451659,140.46099365278891,39.5,154.11127350004344,15851.5029296875,632.7999877929688,144.40787837759828,7.139999866485596,56.254744446409404,51.30063880521485,41.48598687173016,462.38910511275594,3.819999933242798,3745353,103986,30017,1269988,1499160,791288,1568,19397,579298,5516120,3183753,2556501,2134239,62521,4592059
2024-05-31,37.775001525878906,86.91259002685547,714.7598876953125,128.88780212402344,39.209999084472656,148.6720428466797,16045.830078125,626.0,144.45303344726562,6.77400016784668,55.067970275878906,52.63058853149414,41.989864349365234,461.6568908691406,4.047999858856201,39.0,87.78480415669851,714.7598876953125,130.81666486324883,40.040000915527344,150.09309764399896,16193.888487150376,631.7999877929688,146.84553130329004,6.857999801635742,56.01219406633358,53.33989497081888,42.61131575130771,466.0501532723452,4.110000133514404,37.0,84.1324001230052,689.8986742102582,125.128983782238,38.81999969482422,145.04589837807217,15555.386598228446,615.0,141.7445390701294,6.619999885559082,54.84274485648765,51.21197227060477,41.61195492950647,455.1585427673093,3.8410000801086426,38.900001525878906,84.69570811449917,705.6759827680811,128.98670926068877,39.25,145.33991332508822,15851.503416279196,615.2000122070312,142.28624345600255,6.800000190734863,55.007332535869374,51.44249897728524,41.67914025018021,459.09417541589903,3.8499999046325684,9416541,322750,236694,926449,5038040,1855411,6393,88818,1905125,6357671,4730200,6116412,7765398,233337,9364373
2024-06-03,38.0,87.91200256347656,709.0226440429688,132.79498291015625,39.65999984741211,151.07315063476562,15990.306640625,636.0,144.3627471923828,6.966000080108643,55.37982177734375,52.3114013671875,41.84709930419922,466.7823486328125,4.059000015258789,38.4900016784668,88.40262431649474,725.27805193067,134.2292646230918,40.2599983215332,152.3962105342764,16193.886933503327,641.7999877929688,147.7935095490489,7.026000022888184,56.15079013876084,53.446291704362224,42.66170047382321,470.9925200203762,4.11299991607666,37.599998474121094,86.93075905744021,709.0226440429688,129.580206787564,39.5099983215332,149.60309072607487,15953.292041919849,630.2000122070312,143.41478516550765,6.815999984741211,55.21523410278008,52.24046902999408,41.84709930419922,461.6568898066221,3.9809999465942383,38.16999816894531,86.93075905744021,714.7598468268633,130.07478772950128,39.560001373291016,149.94611068645847,16101.350436740451,630.2000122070312,146.89067807498495,6.829999923706055,55.66568823288522,53.180302204366896,42.40976193472741,461.6568898066221,4.050000190734863,2230083,127268,19100,523314,978820,341244,1368,15773,525619,2778955,1356315,1541923,1437636,59405,3965615
2024-06-04,38.290000915527344,83.13298797607422,699.4606323242188,130.96502685546875,39.150001525878906,145.29090881347656,15888.5185546875,609.4000244140625,139.48745727539062,6.889999866485596,54.236366271972656,49.811092376708984,40.90652084350586,448.4771423339844,3.994999885559082,38.540000915527344,87.80297166412528,712.3693384573384,133.73468313774592,40.029998779296875,152.05317784570357,16073.591572214436,638.0,144.4530301881068,6.995999813079834,55.38848668169889,52.48872713929746,42.12422742423109,466.78233181700415,4.085999965667725,37.599998474121094,82.76956369146981,696.1139307341507,130.6188292535669,39.099998474121094,144.8498938686307,15860.75760205846,605.0,138.13321011737713,6.875999927520752,54.236366271972656,49.5451028852709,40.90652084350586,448.2025756643401,3.9700000286102295,37.88999938964844,87.60308796100578,709.0226368672703,132.0531109606745,39.7599983215332,151.90617784882878,15916.279507316542,636.2000122070312,144.4530301881068,6.9679999351501465,55.3798255632914,52.48872713929746,42.040248985659176,466.78233181700415,4.059999942779541,4126542,328326,13710,458703,1654630,610761,1439,30138,770786,2587849,2486736,2958529,1341861,89365,2167325
2024-06-05,38.25,84.65936279296875,711.8912353515625,131.75636291503906,38.83000183105469,140.8807373046875,16092.0966796875,618.4000244140625,141.8799591064453,6.99399995803833,54.262351989746094,50.55586624145508,41.192054748535156,450.30767822265625,3.999000072479248,38.540000915527344,84.85924649223256,711.8912353515625,132.10257561964747,39.27000045776367,145.8789468359688,16129.111278145665,621.0,142.91822355607496,7.150000095367432,54.75611834313004,50.804122655349516,41.39360749946109,453.7856531826688,4.019999980926514,37.744998931884766,83.1329863724669,701.8511306219568,130.12425180682882,38.349998474121094,139.21467244566784,15786.726242407633,610.0,139.53260556489874,6.915999889373779,54.08043876576444,49.846559785870994,40.81414534278171,446.7381717254847,3.927000045776367,38.290000915527344,83.69629434932479,701.8511306219568,131.0639525992351,39.130001068115234,145.29091690726904,15907.023687396671,611.0,139.9388769686169,6.915999889373779,54.40095301342389,50.00615416115741,41.10807630439985,449.3924187140736,3.940999984741211,2267749,162972,17605,321197,2117730,832838,1397,30380,780606,3616640,2214370,1698236,946081,61163,1630187
2024-06-06,37.67499923706055,85.05912780761719,694.2015380859375,131.06394958496094,39.08000183105469,143.72283935546875,16471.49609375,617.0,144.45303344726562,6.935999870300293,55.16325759887695,51.176509857177734,40.83934020996094,456.9890441894531,3.9800000190734863,38.79999923706055,85.36803392928269,716.194148796649,133.53685429411115,39.47999954223633,144.21285928501922,16545.525289676967,621.2000122070312,144.9947378331388,7.039999961853027,55.16325759887695,51.35383393161747,41.48598446177557,457.446673926447,4.068999767303467,37.42499923706055,83.29652461631694,691.8110369217297,131.06394958496094,38.790000915527344,141.32174469151565,15962.545371752107,604.7999877929688,140.841707611084,6.9019999504089355,54.37496369565515,50.538132366026936,40.746962002048534,448.4771422539686,3.9649999141693115,38.29999923706055,84.6593604202935,712.3693469339165,133.0422733522811,39.0,141.32174469151565,16101.350114115168,621.2000122070312,143.14393058687276,7.01200008392334,54.894716682907955,50.910516981038285,41.20884983803836,453.2365026913056,4.0,1874593,111380,13528,225198,1100790,452513,2912,12665,778310,1033563,1009009,1494197,1668719,65616,2000438
2024-06-07,37.18000030517578,83.56909942626953,687.030029296875,133.3885040283203,38.7400016784668,140.34170532226562,16129.111328125,601.0,140.20973205566406,6.785999774932861,54.65216827392578,50.48493194580078,40.7889518737793,450.5822448730469,3.950000047683716,37.810001373291016,85.04095774413626,701.8511364007046,136.20760672068997,39.58000183105469,143.8698548090324,16564.03286135614,614.7999877929688,144.40789294088478,6.947999954223633,55.48377771856039,51.35383274295516,41.18365760349583,458.17891555268614,3.9830000400543213,36.66999816894531,82.67871026574893,681.7709267761612,130.51992512300373,38.599998474121094,138.7736505147638,16008.813882763196,600.4000244140625,139.35204490209497,6.763999938964844,54.548218332537346,49.97068605379668,40.35225692258856,448.3856276388935,3.881999969482422,37.595001220703125,84.67753345552089,700.894935942393,131.06396725103056,39.369998931884766,143.77184484109162,16564.03286135614,614.0,144.31761805825997,6.915999889373779,55.22389790832573,51.33610304171351,41.18365760349583,458.17891555268614,3.9509999752044678,2349284,239017,17605,374299,1193400,668268,2747,21341,723777,2137945,1191954,1629990,1345781,77196,1635698
2024-06-10,37.4900016784668,83.44189453125,656.9097290039062,132.54769897460938,39.599998474121094,141.37075805664062,16101.3515625,602.2000122070312,140.3451385498047,6.814000129699707,54.834083557128906,50.130279541015625,40.579002380371094,451.1313781738281,3.950000047683716,37.494998931884766,83.91434818313003,687.0300440892382,133.7841513904173,39.619998931884766,141.5667630492369,16203.141716056034,604.5999755859375,141.02226210064916,6.826000213623047,54.938033502421845,50.48493105768717,40.788951690370354,451.8636024941171,3.9719998836517334,36.63999938964844,82.15174489958218,648.7820249332611,130.96503384500994,38.689998626708984,137.59759839371725,15962.54680765086,590.0,138.99089144811578,6.696000099182129,54.063115129230354,49.633763358987736,40.016339767287754,447.56187189836237,3.885999917984009,36.685001373291016,83.07847717656286,683.6833424130901,133.48739979194076,38.7400016784668,138.9696632503359,16184.634415409482,601.4000244140625,139.9388671745208,6.785999774932861,54.66083144530122,50.48493105768717,40.67138058934233,450.3991817850409,3.947999954223633,2245812,169936,26656,231884,1816530,407879,2224,13594,505230,1106147,1230995,1348709,1002226,61963,2214865
2024-06-11,37.29499816894531,82.0608901977539,636.8295288085938,132.99281311035156,38.95000076293945,139.3126678466797,16045.830078125,590.4000244140625,138.90061950683594,6.599999904632568,53.950496673583984,49.811092376708984,40.36905288696289,448.20257568359375,3.815000057220459,37.78499984741211,83.93251590672841,663.1250423855251,136.05922100714395,39.689998626708984,141.71377760027565,16230.90308940672,608.5999755859375,141.65424431752723,6.840000152587891,55.163258059989964,50.697726269662525,40.86453338445291,454.4263289354869,3.950000047683716,36.95000076293945,82.0608901977539,634.9171278211805,131.80582186086866,38.56999969482422,137.30359798558933,15879.264367971455,590.2000122070312,138.81033085437116,6.599999904632568,53.950496673583984,49.45643746663162,40.36905288696289,448.11104414987426,3.812000036239624,37.5,83.85983659515766,656.9097391764323,133.53685516860992,39.599998474121094,141.37075764855555,16018.069126432743,603.4000244140625,140.84170154980097,6.829999923706055,54.842743825321826,50.272142406913616,40.81414439699602,452.1381802500111,3.950000047683716,1442242,145799,28242,386672,1177980,545252,2903,14595,629568,2763053,1793268,1751441,1061939,82043,2227480
2024-06-12,37.560001373291016,85.85865783691406,659.7783203125,133.536865234375,39.189998626708984,141.51776123046875,16434.482421875,600.2000122070312,143.9564666748047,6.76800012588501,54.10642623901367,50.8395881652832,40.327064514160156,453.1449890136719,3.9159998893737793,37.685001373291016,85.85865783691406,666.471723562047,134.67439545641344,39.40999984741211,143.62485607215845,16517.765271985852,604.0,144.40788238327136,6.872000217437744,54.61751814110977,51.3715671545218,40.696574152566804,455.8907675438317,3.931999921798706,36.849998474121094,82.3334582962857,637.7857096354167,129.6296784924964,38.16999816894531,139.557681352184,16045.829121357685,590.0,138.90061900564623,6.6479997634887695,53.44807219276725,49.9174880938457,40.024736990203685,448.47715992609955,3.8310000896453857,37.29999923706055,82.35162639083518,640.6543110280796,133.04228425202547,38.849998474121094,141.1257512365009,16045.829121357685,597.7999877929688,139.53259824227678,6.682000160217285,54.09776512062623,49.97068734566553,40.44463561712717,451.40600153087144,3.8519999980926514,3453330,206330,32707,378973,3280360,503569,3188,24155,924892,2257019,2080724,2150347,1852447,62441,1606115
2024-06-13,37.334999084472656,82.6787109375,645.9134521484375,131.5090789794922,39.27000045776367,140.09669494628906,15555.38671875,581.7999877929688,139.53260803222656,6.6539998054504395,53.92451095581055,50.25440979003906,40.184295654296875,448.0195007324219,3.8480000495910645,37.81999969482422,86.3129399896978,667.4279638780301,134.3281965903424,39.63999938964844,142.30178463050416,16240.156865797888,600.4000244140625,145.7169954064635,6.803999900817871,54.487579460285254,50.98144931843582,40.54540871481174,455.0670096693528,3.9000000953674316,37.005001068115234,82.6787109375,638.7419482385733,130.56937814034666,38.70000076293945,139.50868000303126,15333.299103491225,579.0,139.48746370298963,6.631999969482422,53.68195999610278,50.16574775281601,40.13390987143481,447.74493407004866,3.828000068664551,37.720001220703125,85.85866135817307,665.9936630960573,132.59716316802718,39.18000030517578,140.1456999301159,16230.903215162105,600.2000122070312,143.55020536424175,6.769999980926514,54.106424175591364,50.626794405063784,40.31026651859635,453.05342770694347,3.880000114440918,1617953,228001,14078,243228,2770410,412801,5851,23050,654832,1338767,1515930,1916075,1313730,47875,1237710
2024-06-14,36.76499938964844,82.86042022705078,643.0447998046875,132.34988403320312,39.810001373291016,138.6266326904297,15435.087890625,585.0,140.61599731445312,6.699999809265137,54.964019775390625,50.80412292480469,40.59579849243164,450.8568115234375,3.8499999046325684,37.334999084472656,83.67812315615983,649.260102702428,133.14121668425992,39.90999984741211,140.63571735781414,15870.0094319076,586.0,140.61599731445312,6.739999771118164,55.00733197431113,50.89278834612294,40.629391150709154,452.77886195843456,3.875999927520752,36.36000061035156,81.77015427606665,624.8769913343692,129.38239791180132,38.959999084472656,136.3235480337578,15305.536793221672,569.0,137.45608726244294,6.578000068664551,53.924510478753824,50.25441084159145,40.09192143255781,448.1110331681565,3.7809998989105225,37.30500030517578,82.69687964122897,645.4353009192031,130.07480832144543,39.27000045776367,139.8516824931981,15731.204684689748,582.0,139.57774666495274,6.693999767303467,53.924510478753824,50.272143925855104,40.19269620381813,448.1110331681565,3.8480000495910645,1471646,240011,24138,326457,1930370,396881,4871,17550,675643,1746637,1829707,5376086,1801112,77882,1420372
2024-06-17,37.70000076293945,84.04154205322266,646.86962890625,134.5754852294922,40.61000061035156,138.28363037109375,15934.7861328125,595.5999755859375,142.64736938476562,6.76800012588501,55.856266021728516,51.93901443481445,41.485984802246094,456.8975524902344,3.9000000953674316,37.94499969482422,84.36862320386099,653.5630323095667,135.9603059109444,40.869998931884766,138.67564033381169,15990.308035714284,604.4000244140625,143.00849645504067,6.814000129699707,56.046837050256336,52.027676470124966,41.61195246569228,459.27720483939447,3.930000066757202,36.724998474121094,82.67870623614337,640.1762255029333,132.34987085996391,39.689998626708984,135.53951576940372,15472.103608630952,585.5999755859375,139.7131671664081,6.6620001792907715,54.76478012152396,50.50266511065725,40.595798577460776,451.4059955032436,3.8310000896453857,36.724998474121094,82.67870623614337,641.6105262322154,132.34987085996391,39.869998931884766,137.20558054228718,15555.38646298363,585.5999755859375,140.61599861821043,6.734000205993652,54.97267999474746,50.875053099889065,40.64618756498259,452.7788847499913,3.8310000896453857,6487167,168432,14283,313802,1476770,460118,2294,20440,536837,1192024,1399410,2408816,2097004,55887,1623927
2024-06-18,37.20000076293945,84.4958267211914,644.0010375976562,134.72384643554688,39.959999084472656,138.0386199951172,15823.7421875,593.7999877929688,142.73765563964844,6.708000183105469,55.76097869873047,52.524192810058594,41.821903228759766,461.8399353027344,3.9000000953674316,38.0,85.64061083055981,654.99734336213,136.45487974351238,41.0,139.9986997113178,16304.932008406433,607.5999755859375,146.6198197962115,6.834000110626221,56.376020521569295,53.605883849309784,42.56092572024069,468.4297867443052,3.9719998836517334,37.11000061035156,84.04154808290544,635.8733333369584,134.0314361310432,39.959999084472656,136.17653529219373,15703.444732273392,591.0,142.33137047227908,6.708000183105469,55.631038796098494,52.222737154015505,41.502779370506495,457.6297361439099,3.861999988555908,37.93000030517578,84.04154808290544,643.522937347027,134.7733075487427,40.63999938964844,139.31265984727042,15999.56154513889,602.5999755859375,143.18907135795712,6.808000087738037,55.98620081367337,52.25819993889598,41.611953912145935,457.6297361439099,3.877000093460083,1668148,202028,18016,430326,1304340,475513,4167,22707,562937,1913659,1991768,3568765,2563523,55348,1860244
2024-06-19,37.29999923706055,87.6394271850586,645.435302734375,136.70217895507812,40.209999084472656,139.01866149902344,15832.9951171875,621.0,146.48440551757812,7.041999816894531,56.86978530883789,53.641353607177734,41.79671096801758,474.1044006347656,3.9730000495910645,37.54999923706055,87.94834023934365,650.2163049768518,137.0483916761687,40.52000045776367,140.88073126977,16119.858266593,623.4000244140625,147.34209265598656,7.079999923706055,56.999725207915716,54.01373824014902,42.4097625973727,475.2027231601883,3.9730000495910645,36.91999816894531,84.49582008675806,638.7418995949074,134.3281963040425,39.959999084472656,138.4796365798426,15777.473217302564,592.0,142.01539251124788,6.691999912261963,55.87358822793168,51.77942367784115,41.60355797824041,459.4602492638076,3.890000104904175,37.5,84.49582008675806,644.4791022858797,134.52602567605987,40.0,139.70468641697104,15786.726867283387,599.7999877929688,142.7376604400552,6.71999979019165,55.87358822793168,52.48873015652937,41.989863957794746,463.48738530452067,3.8989999294281006,1225607,235295,12276,274191,729780,637206,2566,24349,650594,2383052,1340142,2604392,1386320,59407,1621502
2024-06-20,37.185001373291016,86.62184143066406,636.3514404296875,136.70217895507812,40.68000030517578,141.17474365234375,15721.9501953125,612.5999755859375,147.2066650390625,7.039999961853027,56.9564094543457,54.35065841674805,41.821903228759766,471.358642578125,3.9489998817443848,37.650001525878906,88.83872325034508,645.4353452893149,137.89782182106183,40.880001068115234,142.00776855389822,15851.501285797713,634.0,150.50199419489107,7.150000095367432,57.32023588294684,55.23729233343966,42.29219085126078,482.89088993483375,4.02400016784668,36.779998779296875,85.85865669835898,624.8770342912107,134.90870705439062,40.04999923706055,138.82263903532916,15610.906403468032,604.7999877929688,145.49127708410057,6.949999809265137,56.410669811444,53.80094633542644,41.55316835977985,466.96540814999815,3.9200000762939453,37.29999923706055,87.63942800547893,644.9572450335451,137.10073671268864,40.34000015258789,139.4596739115758,15832.993987156968,623.7999877929688,146.4843971515056,7.073999881744385,56.86978505834797,54.08466891818856,41.989863322765295,475.7518770062518,3.950000047683716,2380965,141412,28232,292176,1273740,458228,1854,40922,763535,2837320,1614759,2163407,1635591,44025,2505478
2024-06-21,37.060001373291016,87.54857635498047,643.52294921875,135.4567108154297,41.2400016784668,139.263671875,15620.1611328125,605.4000244140625,146.4392547607422,6.934000015258789,56.7225227355957,53.73001480102539,41.553165435791016,468.9789733886719,3.9700000286102295,37.52000045776367,87.78480317868376,666.4717616723161,138.14691099218896,41.720001220703125,142.00777155484062,15814.487781976637,616.2000122070312,148.06435408519278,7.053999900817871,57.34622235011566,54.79397619339263,42.1410241216581,477.9485049955909,3.996000051498413,36.849998474121094,85.96768869548656,632.0485429919669,135.20761792492561,40.63999938964844,138.67564196976463,15425.834483648365,600.0,145.76213119023063,6.886000156402588,56.479965174983896,53.48175838296105,41.368409025028534,464.95180938735905,3.9119999408721924,37.04999923706055,86.62184408677457,636.3514453270105,136.25381110572744,40.779998779296875,140.7827217141183,15749.712232255259,615.4000244140625,147.16152265784405,7.021999835968018,57.086349162986785,54.40385848182866,41.82190028586075,472.2738851257427,3.9159998893737793,5540335,480020,75235,646749,4066040,1656977,7834,67453,1281612,5955072,5650807,4112205,3429282,163150,5457282
2024-06-24,37.619998931884766,88.74787139892578,677.9461669921875,142.63058471679688,41.43000030517578,148.91705322265625,15832.9951171875,622.4000244140625,148.29006958007812,6.960000038146973,58.195159912109375,54.510250091552734,42.0738410949707,482.890869140625,3.9600000381469727,37.79499816894531,88.74787139892578,678.4242672509972,142.97932084901763,41.689998626708984,149.45607813464187,16018.068116803952,628.2000122070312,148.92204885655104,7.081999778747559,58.429046451966556,54.77623957693344,42.29219017475689,484.72138806210273,4.01800012588501,36.95000076293945,86.36744893688598,645.913449651936,135.50653404506198,40.970001220703125,139.26366960747617,15546.131967781997,599.2000122070312,145.1753037505141,6.9120001792907715,56.705196446299,53.251231615705485,41.54477113213892,465.6840024513351,3.943000078201294,37.0,87.22149495985859,646.3915499107458,135.50653404506198,41.2400016784668,140.29269949355066,15555.38561776282,605.4000244140625,145.89757168481816,6.934000015258789,56.72252529163245,53.73001133649483,41.553167695097336,468.9789700277976,3.950000047683716,2217820,164154,22535,535196,2292320,727185,2327,23987,459520,1565689,2685622,1317761,938802,45172,2504429
2024-06-25,37.595001220703125,90.7648696899414,665.0374145507812,143.27822875976562,41.61000061035156,147.93701171875,15620.1611328125,623.2000122070312,148.74148559570312,6.906000137329102,58.62828826904297,55.43235397338867,42.59451675415039,488.7485656738281,3.9100000858306885,38.08000183105469,91.31000264775881,675.5556195257037,144.8724140824304,41.790000915527344,150.33810634988987,15971.799831299986,627.0,151.08885294256086,7.056000232696533,58.99211471127649,55.73380964631354,42.69529152527874,492.0434774792359,3.996999979019165,37.10499954223633,87.89382548343261,663.1250136462498,140.38874220665943,40.959999084472656,146.71196191161522,15583.146532971712,614.0,146.71011477573145,6.875999927520752,57.9352798570589,54.173332028029506,41.67913764050636,478.86377439459903,3.890000104904175,37.619998931884766,88.47530156267004,672.2089179427738,142.48112849672174,41.40999984741211,148.77005156929016,15879.263331698015,619.4000244140625,148.0643619890459,6.98799991607666,58.19515966380743,54.49252078550761,42.24180024984286,482.7078754095786,3.9560000896453857,2146231,402057,12893,370858,1865440,576911,2429,13135,769535,1644058,2476599,3330419,1055534,51353,1883814
2024-06-26,38.290000915527344,91.7642822265625,657.3878173828125,140.88693237304688,41.630001068115234,147.3000030517578,15777.4736328125,609.0,146.93582153320312,6.947999954223633,58.27312088012695,55.20182800292969,42.44335174560547,483.25701904296875,3.890000104904175,38.439998626708984,91.85513656519095,677.9461273082387,144.42405444847822,42.08000183105469,151.46517271415888,15897.771085731305,630.0,150.1408760023608,7.119999885559082,59.165371377469086,55.75154348479356,43.43431270930245,492.2265510268467,3.950000047683716,37.70500183105469,90.7648706381661,654.9973162286932,140.68766110191484,41.5,147.1039980584893,15555.386027423938,608.4000244140625,146.39411714152874,6.875999927520752,58.16050981961651,54.953571580307354,42.39296275973927,483.25701904296875,3.878000020980835,38.0,90.83755688176555,674.5994256924716,143.32805485554036,41.5,148.57405793933674,15712.698081240836,623.5999755859375,149.32831941484923,6.9079999923706055,58.645611752914625,55.50328367993114,42.745679253658395,488.7485760775479,3.9059998989105225,5409681,251073,14173,288938,1968120,618876,2879,24858,511993,2890132,3283077,1802404,1295094,51669,2042212
2024-06-27,38.05500030517578,93.67224884033203,663.6031494140625,137.99746704101562,40.15999984741211,148.0,15860.755859375,615.0,148.96719360351562,7.28000020980835,58.5849723815918,55.53874588012695,42.863250732421875,490.3960266113281,3.9560000896453857,38.900001525878906,93.763103176803,672.2089539453688,141.18585313052034,41.599998474121094,150.64999389648438,15962.546007830731,621.7999877929688,150.05058861995454,7.368000030517578,58.71491228411587,55.68060716609224,43.55188419420278,492.0434825309461,4.02400016784668,37.900001525878906,91.12829276043705,641.1324375823183,136.10436707633525,40.15999984741211,147.60000610351562,15657.175562463535,606.2000122070312,146.8004035706378,6.9720001220703125,58.15184377919021,55.07769585517981,42.56092322167472,479.2298495914631,3.8889999389648438,38.099998474121094,91.76428004747541,641.1324375823183,140.88693860888023,40.709999084472656,150.39999389648438,15657.175562463535,618.0,147.16153065074573,7.001999855041504,58.27311925914122,55.39688459416167,42.695290648276554,479.2298495914631,3.9010000228881836,3444460,371183,19896,438876,2613010,323220,1907,19097,406700,5149026,1453314,1918231,1179904,45097,4982837
2024-06-28,37.70000076293945,92.99082946777344,666.4717407226562,138.44583129882812,40.619998931884766,150.35000610351562,15814.48828125,637.0,151.67567443847656,7.177999973297119,58.6369514465332,55.78700256347656,43.28315353393555,495.33843994140625,3.9600000381469727,38.220001220703125,93.7631017133353,672.2089436557064,139.0436603424411,41.25,151.89999389648438,15962.546685287449,647.0,152.5785058339437,7.4039998054504395,58.97479122272154,56.248052590725116,43.703052183189314,502.294389618826,3.992000102996826,37.45500183105469,91.9005635836557,661.212638034027,136.75200261315692,40.20000076293945,148.25,15694.190827969573,614.7999877929688,148.9671802520752,7.139999866485596,58.41172272606834,55.30822283485372,42.93043700270471,483.44006674481636,3.934999942779541,38.119998931884766,93.7631017133353,665.5155402338146,137.99746711783047,40.869998931884766,150.0,15962.546685287449,615.0,149.28317675093422,7.309999942779541,58.645609259961084,55.467817205141294,42.93043700270471,486.91804158352625,3.9560000896453857,1684937,201639,28731,284590,2054790,385806,2791,41239,577674,3033118,2330347,4460498,1609282,72288,1738645
2024-07-01,37.25,94.17195892333984,668.8622436523438,137.79818725585938,39.81999969482422,147.89999389648438,15684.9375,625.5999755859375,152.26251220703125,7.309999942779541,58.81019973754883,55.48554992675781,43.11519241333008,502.6605224609375,3.997999906539917,38.1349983215332,94.48995256967794,674.1213463543993,139.49201583604096,40.93000030517578,151.0,16055.083517699115,645.0,153.4813401243467,7.363999843597412,59.451228203669004,56.3367176412451,43.80382592552605,508.51814967191285,4.025000095367432,37.209999084472656,92.4456987881224,663.6031409502881,136.60254444652082,39.54999923706055,147.6999969482422,15675.683849557523,623.0,151.44996944623034,7.216000080108643,58.403057803317836,55.36141834226855,43.04800709332443,496.2537060388356,3.9800000190734863,37.900001525878906,92.58198375990776,666.4717424241367,139.34256618615734,40.65999984741211,150.5500030517578,15832.995907079647,640.7999877929688,152.12709300560246,7.269999980926514,58.472359964254565,55.787002199512195,43.29994883977322,496.6197763165808,4.010000228881836,2068349,201872,14732,219249,2340760,358461,3197,22682,482491,2835866,1990639,1166648,877308,96656,2519921
2024-07-02,36.439998626708984,91.7188491821289,655.9535522460938,138.34619140625,39.349998474121094,146.6999969482422,15453.5966796875,626.7999877929688,152.71392822265625,7.179999828338623,59.087406158447266,54.82944107055664,42.02345275878906,501.7452697753906,3.937999963760376,37.244998931884766,94.03567288087609,671.7308607184851,139.89055509697639,39.9900016784668,148.0,15795.98175582429,630.4000244140625,153.0299247281157,7.360000133514404,59.156708324528424,55.41461931523593,43.16557746613093,503.39272570509684,3.993000030517578,36.22999954223633,91.40085553941145,653.563050962398,136.50289801590694,39.25,144.6999969482422,15314.791919091505,615.2000122070312,151.04369837182315,7.099999904632568,58.099873423354865,54.45705306999348,42.02345275878906,498.26729484312034,3.9110000133514404,37.130001068115234,93.76310294040883,668.8622591780504,138.4956410526355,39.81999969482422,147.75,15694.191598053892,626.0,152.17223763972962,7.360000133514404,58.81020410314095,55.32595727722754,43.16557746613093,502.6605292766726,3.989000082015991,3145131,128644,16465,213920,1263170,429436,2735,15930,503858,2911661,1112712,1142292,1229519,70893,1601273
2024-07-03,36.630001068115234,92.03684997558594,668.8622436523438,142.23204040527344,39.66999816894531,152.4499969482422,15277.7763671875,632.4000244140625,151.44996643066406,7.420000076293945,59.607154846191406,54.70531463623047,42.124229431152344,500.4638671875,4.010000228881836,37.11000061035156,93.17254651066601,674.1213463543993,142.28186202403353,40.119998931884766,152.89999389648438,15629.415072186364,638.2000122070312,155.19671120747492,7.47599983215332,59.8150613292978,55.680610614870275,42.4769459378174,508.15206908322284,4.090000152587891,36.380001068115234,90.7285253490164,655.9535370200255,138.74473993999527,39.349998474121094,149.5500030517578,15203.747166135108,624.4000244140625,150.72769855982563,7.269999980926514,59.11338851459493,54.545720256854494,41.85549457063241,498.81641131356076,3.943000078201294,36.93000030517578,91.71884940037027,655.9535370200255,139.4920186111263,39.349998474121094,150.0,15453.595719686933,631.0,153.48133706833318,7.269999980926514,59.338617233451274,55.21956056136635,42.174618418839415,503.02658253173934,3.943000078201294,1857117,162213,14433,235771,815850,456630,3027,16419,447149,3316453,1457879,1706864,1605464,49595,3543370
2024-07-04,36.42499923706055,91.90056610107422,669.34033203125,141.48475646972656,39.20000076293945,151.9499969482422,15712.6982421875,627.4000244140625,151.4951171875,7.389999866485596,59.849708557128906,54.84717559814453,42.25859832763672,504.85711669921875,3.934999942779541,36.76499938964844,92.67283836779082,674.1213344029018,142.73022087526994,39.91999816894531,153.1999969482422,15712.6982421875,638.0,152.66880080542825,7.480000019073486,59.919010721356024,55.237293310785034,42.5777221869162,506.68763569502886,4.044000148773193,35.96500015258789,90.9920088621743,662.6469287109375,139.84074953577849,39.13999938964844,151.0500030517578,15333.298579095812,621.4000244140625,150.7277049591315,7.2820000648498535,59.364606625575334,54.47478758778039,41.897485245613915,497.71810378816076,3.931999921798706,36.630001068115234,91.7642811288909,669.34033203125,142.48112799416126,39.599998474121094,152.89999389648438,15444.342382927525,632.4000244140625,151.4499728606346,7.409999847412109,59.685124178362166,55.237293310785034,42.49374053785721,499.73168585615315,4.001999855041504,1254002,84011,15962,139965,894440,223347,1228,7177,198240,1341396,1060608,1210773,556488,33045,1453756
2024-07-05,35.599998474121094,90.3287582397461,664.0812377929688,144.473876953125,38.5,152.3000030517578,15555.38671875,622.5999755859375,149.8248748779297,7.302000045776367,58.680259704589844,54.12013244628906,41.637149810791016,495.8875732421875,3.878999948501587,36.79999923706055,92.67283755927515,672.2089419272239,145.0717059736108,39.63999938964844,156.25,15851.503539095032,639.5999755859375,152.7139327338914,7.409999847412109,59.77174560529854,55.00676631972536,42.37616909518923,506.68762389331204,3.9660000801086426,35.2400016784668,89.78362528751043,663.6031375497773,141.4847622575431,38.130001068115234,152.0,15425.835609849048,616.0,149.32831483015943,7.228000164031982,58.14318448109624,54.01373394626404,41.569964492079,495.7045101742691,3.8410000801086426,36.47999954223633,91.90056529929618,670.296540954458,141.4847622575431,39.18000030517578,153.3000030517578,15731.206080829863,630.2000122070312,151.67568208719274,7.386000156402588,59.55518130962717,54.97130015305035,42.275394320693536,497.1689588546113,3.934999942779541,1546573,161921,13479,352760,1541420,496511,928,13210,222592,1195394,1031159,1001280,1076985,29654,2848780
2024-07-08,35.875,91.4462890625,663.6031494140625,145.7691650390625,38.779998779296875,153.35000610351562,15666.4306640625,629.5999755859375,152.1722412109375,7.248000144958496,58.48968505859375,54.49251937866211,42.359371185302734,507.23681640625,3.8429999351501465,36.03499984741211,91.71885207983692,670.7746531901511,146.36697886437003,39.04999923706055,154.89999389648438,15684.937965496714,633.5999755859375,152.48822394769837,7.303999900817871,58.905491435518336,54.793975043804224,42.57772025939899,507.78594975058263,3.8959999084472656,35.40999984741211,89.83813884007098,656.4316456379739,142.97932157735616,38.599998474121094,150.5,15462.850348286142,617.4000244140625,149.87001829515648,7.159999847412109,58.03923420852542,53.836412178331585,41.63714825752491,495.8875764773285,3.809999942779541,35.599998474121094,90.32876058936755,669.3403524349334,144.17496443139495,38.599998474121094,150.9499969482422,15555.386855457213,622.5999755859375,150.45685321779416,7.300000190734863,58.84485369398956,54.01373625480581,41.97306522783669,501.56219644178924,3.880000114440918,1315661,100272,19889,219658,1250580,439819,1123,10320,235697,1628771,1145381,907247,921274,29834,1706531
2024-07-09,36.09000015258789,91.94599151611328,663.1250610351562,146.8651580810547,38.849998474121094,154.64999389648438,15786.7275390625,633.0,151.8562469482422,7.323999881744385,57.935279846191406,54.70531463623047,42.510536193847656,510.1656494140625,3.9179999828338623,36.13999938964844,91.9914221516009,671.2527654602446,147.5626303178345,39.099998474121094,155.1999969482422,15795.981189437096,634.0,152.44309565569012,7.3520002365112305,58.38573729660196,55.04223647960642,42.66169995618545,510.3486566171173,3.9179999828338623,35.79999923706055,90.85572558182805,657.8659581718638,144.97205824716877,38.63999938964844,153.0,15536.87897894838,625.2000122070312,150.99855982701868,7.223999977111816,57.51081566366525,54.26199766735055,41.90588434806879,503.026580878777,3.818000078201294,35.86000061035156,91.67342849841286,664.5593618160542,145.66951528052553,38.95000076293945,154.25,15657.17643381814,630.0,152.17224346579988,7.28000020980835,58.38573729660196,54.70531463623047,42.392965090600995,507.23680794612545,3.8499999046325684,1160121,110764,20847,296137,1261620,445837,2087,10777,324215,1030338,2053681,2424591,1272041,47622,4080762
2024-07-10,35.76499938964844,91.31000518798828,647.3477172851562,147.1142578125,39.349998474121094,153.35000610351562,15601.654296875,631.0,151.1791229248047,7.177999973297119,56.999725341796875,54.457054138183594,41.603553771972656,507.0537414550781,3.865999937057495,36.56999969482422,93.12711971909253,668.3841275957521,149.4059154888495,39.77000045776367,154.39999389648438,15814.488252289073,636.4000244140625,153.1202187999811,7.3480000495910645,58.030566896461806,55.07769856313634,42.4937367475909,512.5452982217396,3.937999963760376,35.29999923706055,90.63767475236743,646.8696170508246,145.81898692029807,38.849998474121094,150.75,15490.610494050268,622.5999755859375,150.72770720166338,7.171999931335449,56.999725341796875,54.29746314308605,41.57835767771617,502.6605072143498,3.8580000400543213,36.185001373291016,91.94599250117804,663.6031252524349,146.86516491731905,39.16999816894531,154.25,15786.727301582889,634.0,151.85624650951667,7.329999923706055,57.93527807751544,54.7053139375087,42.409758309594785,507.9690009161884,3.9100000858306885,1807872,133262,17195,418633,2773140,421616,2428,24938,592815,1408510,1713649,2639397,1464875,41656,576769
2024-07-11,36.60499954223633,92.67283630371094,648.303955078125,149.4557342529297,39.95000076293945,154.5,15749.712890625,638.2000122070312,153.4362030029297,7.308000087738037,57.96992874145508,54.40385818481445,42.241798400878906,509.616455078125,3.871999979019165,36.75,93.35425421770881,652.1287571729812,150.0535632713108,40.189998626708984,156.60000610351562,15795.981142360091,640.4000244140625,153.61676653868426,7.328000068664551,58.030566479529114,54.90037101823247,42.241798400878906,509.9825812065527,3.8959999084472656,35.73500061035156,90.6558381691986,643.0448521976977,147.1142550015977,39.189998626708984,152.25,15490.61068090849,616.4000244140625,151.26941302164528,7.052000045776367,56.94774500748004,54.1378686837348,41.6539397218123,486.5519055622801,3.822999954223633,36.0,90.94657620190137,651.1725566492671,147.26371985790473,39.20000076293945,152.85000610351562,15601.65448507271,631.0,151.26941302164528,7.248000144958496,57.17297372419122,54.563452561910246,41.6539397218123,500.46386049747264,3.8610000610351562,878421,162424,19596,291454,1325600,393582,2295,20511,416893,2151662,1636450,2184421,945264,31816,1548146
2024-07-12,36.79999923706055,91.90056610107422,654.5192260742188,157.97471618652344,40.400001525878906,156.0,16175.3798828125,643.2000122070312,153.6619110107422,7.3420000076293945,58.31643295288086,54.332923889160156,42.275394439697266,514.9249877929688,3.8499999046325684,36.8650016784668,93.0362626496991,662.1688298851665,158.57253000920278,40.939998626708984,156.6999969482422,16193.887182449584,650.0,154.2938902745332,7.360000133514404,58.64560830124218,54.51025134423567,42.54412930815715,516.3894365546789,3.885999917984009,36.16999816894531,91.21914817189928,643.0448203577971,148.70845750246878,40.0,152.60000610351562,15638.668193337027,634.2000122070312,151.90139242728338,7.199999809265137,57.5281423576674,54.01373514647221,41.905884796458,507.23684128027134,3.8359999656677246,36.45000076293945,92.21855974834085,645.4353215487182,149.60518583819962,40.0,153.9499969482422,15795.980240252251,638.0,152.75907955500796,7.300000190734863,57.96992875991128,54.51025134423567,42.19141599464317,508.1521008077121,3.869999885559082,1776177,106368,33084,773133,1271730,290817,3505,16668,596606,1821695,975202,1746733,786155,30770,1726857
2024-07-15,36.67499923706055,91.90056610107422,654.5192260742188,163.20567321777344,40.75,153.35000610351562,16064.3388671875,649.7999877929688,155.19671630859375,7.288000106811523,58.22980880737305,54.2442626953125,42.812862396240234,520.599609375,3.816999912261963,36.88999938964844,91.90056610107422,658.8221282178769,163.40494449964913,40.790000915527344,155.8000030517578,16193.889987084172,651.7999877929688,155.19671630859375,7.340000152587891,58.299110968068625,54.5279852749444,42.812862396240234,520.599609375,3.8499999046325684,36.14500045776367,90.14705035272772,647.3477225014552,156.03180064627855,40.29999923706055,151.64999389648438,15851.504884500107,636.4000244140625,152.98478207454002,7.193999767303467,57.62342481481343,53.71228370406268,41.94787227457892,510.3486914686903,3.811000108718872,36.5,91.31000250944095,656.90972726514,157.67580772603338,40.5099983215332,155.25,16193.889987084172,643.2000122070312,153.6619056426859,7.25,58.212479962690246,54.10240140549655,42.157821582055725,512.179210528281,3.8499999046325684,1256128,172782,18069,582917,1037930,360744,2087,16567,380715,1147757,990387,1671889,605503,62283,749958
2024-07-16,35.880001068115234,87.58491516113281,643.0447998046875,159.91763305664062,39.5099983215332,145.75,15453.5966796875,624.2000122070312,149.238037109375,7.019999980926514,56.30671691894531,52.914310455322266,40.98210525512695,501.56219482421875,3.760999917984009,36.595001220703125,91.08285898259493,656.9097062688778,163.10601896163354,40.83000183105469,152.6999969482422,16027.323023484281,649.7999877929688,154.9258778345383,7.289999961853027,58.22980892346599,54.297460531645086,42.6113139742233,518.9521249367373,3.8480000495910645,35.55500030517578,87.2033228020805,638.2637975756563,156.97834003802876,39.5,144.75,15453.5966796875,620.0,149.10260413013643,6.995999813079834,55.98619938185259,52.878844288233,40.98210525512695,501.01306148165713,3.7209999561309814,36.505001068115234,90.85571968338645,651.1725035940404,162.90674769321336,40.75,152.6999969482422,16027.323023484281,645.0,154.33902914339973,7.288000106811523,58.22980892346599,53.92507254168746,42.56092498581944,515.4741500868346,3.816999912261963,1553598,308504,16247,577198,1346390,821066,4613,26077,571453,1941951,2425555,2840944,1750638,63522,3043084
2024-07-17,34.779998779296875,85.49523162841797,628.7018432617188,159.22018432617188,39.689998626708984,145.3000030517578,15175.986328125,616.0,146.25869750976562,7.02400016784668,55.9948616027832,52.20500564575195,40.48662185668945,492.2265319824219,3.799999952316284,35.97999954223633,89.03860611527196,643.5229513538201,163.90312779388375,40.400001525878906,148.25,15583.146936928355,637.0,150.68256618325702,7.119999885559082,56.65321888678497,53.44629109226081,41.23404084498365,503.2096456266396,3.806999921798706,34.599998474121094,85.40437729424046,621.5303393461858,157.72562692987506,38.720001220703125,144.39999389648438,14824.347620522105,611.4000244140625,144.49817890607477,6.7779998779296875,55.12860445347156,51.56662814728228,40.10871247958226,486.9180382269843,3.6519999504089355,35.79999923706055,87.5667409473273,639.2200490045003,159.41945560499332,39.810001373291016,145.75,15453.595834127287,623.0,149.41860764114946,7.050000190734863,56.39333909838445,52.86111284607693,40.982102328102876,499.182537474896,3.7960000038146973,2071623,234779,24305,550084,1515750,556625,5304,25591,709034,2838611,2447891,2073575,1849457,64615,2967048
2024-07-18,35.29999923706055,88.29359436035156,634.9171142578125,161.21292114257812,40.72999954223633,142.25,15453.5966796875,634.7999877929688,148.29006958007812,7.125999927520752,56.4539794921875,54.08466720581055,41.318023681640625,500.0978088378906,3.799999952316284,35.59000015258789,88.32993748237794,638.263815914292,162.40856397162318,40.79999923706055,146.6999969482422,15555.386837457898,634.7999877929688,149.32832026456114,7.191999912261963,56.87845027382587,54.137866456734095,41.637147520826844,500.28081604590915,3.822000026702881,34.400001525878906,84.73205158266808,618.6617062120553,157.52634941826278,39.22999954223633,141.75,14953.899541541916,613.0,144.58845502684173,6.961999893188477,55.70899777998621,52.41779454817807,40.41104115034469,488.9316318614629,3.7339999675750732,34.97999954223633,85.78597439446587,628.7018111814936,160.41582085540693,39.689998626708984,146.25,15175.987158495509,614.2000122070312,146.30384309282823,7.050000190734863,56.306717356036,52.96750999433509,40.730164989530905,488.9316318614629,3.799999952316284,1899420,254362,21802,294915,1401990,742761,3861,23085,525320,1380202,1705800,3315933,2360863,61932,6783367
2024-07-19,35.130001068115234,88.16639709472656,630.1361083984375,156.92852783203125,40.279998779296875,137.39999389648438,15166.732421875,641.0,147.70323181152344,7.156000137329102,56.462646484375,53.33989715576172,41.08287811279297,501.7452697753906,3.809000015258789,35.52000045776367,88.85690255127602,636.3514114403038,160.61509973089255,40.72999954223633,139.75,15370.312722839764,645.0,148.69633814812346,7.188000202178955,56.71386187401754,54.173331833327985,41.460787499270445,504.49104827923657,3.811000108718872,34.790000915527344,86.31293945772019,623.4427051225816,156.57979168881263,39.97999954223633,133.10000610351562,15138.971471743442,620.2000122070312,145.4912837219419,7.03000020980835,55.847604644499064,52.329135015540494,40.738561383685074,492.2265486168552,3.7360000610351562,35.189998626708984,86.31293945772019,634.9171107383346,159.41945684523807,40.72999954223633,139.0,15361.059072795912,632.5999755859375,147.2518160832194,7.105999946594238,56.30671991870095,54.08466979312052,41.15006342753213,492.2265486168552,3.799999952316284,965380,142464,17586,355432,957860,1101513,2203,13547,747089,979019,803435,2684152,988262,41468,1521289
2024-07-22,35.125,89.838134765625,643.52294921875,156.92852783203125,39.83000183105469,133.75,15342.552734375,639.5999755859375,150.32142639160156,7.156000137329102,55.88225555419922,53.90734100341797,41.20045471191406,499.731689453125,3.799999952316284,35.54999923706055,89.838134765625,650.2163528510401,158.42308523995536,40.97999954223633,137.39999389648438,15509.118445604645,647.0,150.77284208647123,7.234000205993652,56.73118393545568,54.12013462981354,41.55316802325406,506.50463213157525,3.809999942779541,34.82500076293945,88.34810149018732,629.6580416947204,150.00374821600104,39.77000045776367,133.0,15194.494324393094,632.5999755859375,147.70322087180296,7.0980000495910645,55.73498680278203,53.32216275863007,40.940116408135275,498.63336687513214,3.734999895095825,35.28499984741211,88.58432830655907,630.1361419541697,156.92852783203125,40.65999984741211,137.14999389648438,15194.494324393094,635.0,147.70322087180296,7.0980000495910645,56.49729739217592,53.64135150710346,41.318025815694064,503.5757905445966,3.809999942779541,880336,330752,12348,305767,1190790,852039,984,7033,656303,826730,997862,1916264,749827,29144,1670169
2024-07-23,35.42499923706055,87.80297088623047,633.4827880859375,156.729248046875,38.77000045776367,130.5,15074.1962890625,623.0,147.25181579589844,7.007999897003174,55.423133850097656,52.666053771972656,41.20045471191406,493.69097900390625,3.759999990463257,35.42499923706055,89.8381371575461,647.3476943912146,158.47289826150202,39.84000015258789,132.6999969482422,15425.834999304598,640.0,150.4568564397115,7.177999973297119,56.020850113275024,53.80094405491547,41.72952467892406,508.7012007497348,3.802000045776367,34.79999923706055,87.03978613389022,626.7893850420106,154.93577621400252,38.77000045776367,129.3000030517578,15009.420737175798,619.0,145.98784349344461,6.98199987411499,54.79942762451508,52.25819961708022,40.78895264511176,490.3960114038429,3.7330000400543213,35.150001525878906,89.8381371575461,647.3476943912146,156.9285193164334,39.79999923706055,132.6999969482422,15296.283895531193,638.7999877929688,150.27629290396516,7.177999973297119,55.88225240148878,53.65908276954762,41.536371693632304,507.78594128244026,3.7899999618530273,1250493,134976,12900,215293,1163450,1234124,3028,13588,327877,999285,2082024,1232835,1409520,46115,1038266
2024-07-24,35.33000183105469,88.94775390625,611.0120849609375,155.63323974609375,38.689998626708984,130.64999389648438,14787.3330078125,623.0,146.48440551757812,6.966000080108643,54.66082763671875,52.55965805053711,40.83934020996094,494.05706787109375,3.759999990463257,35.51499938964844,88.96592200082303,629.6579936569286,158.47290486678676,39.0,133.0,15064.942513591206,629.4000244140625,148.69633985645726,7.015999794006348,55.388483812087046,53.2157686439574,41.41040258289926,496.4367760934432,3.7750000953674316,34.66999816894531,87.09429633143182,611.0120849609375,154.63686815334867,38.400001525878906,129.1999969482422,14694.796505886263,615.2000122070312,145.44615484099657,6.900000095367432,54.66082763671875,52.02767904783743,40.73016567301244,486.9180549300589,3.7300000190734863,35.0,87.80296985938611,627.2674925420579,155.93215426460205,38.849998474121094,130.3000030517578,14953.898711279724,620.5999755859375,147.02610990821236,6.98199987411499,55.00733183623087,52.13407417192936,40.98210420140942,486.9180549300589,3.740000009536743,1197909,229927,14092,247530,1666530,958813,2979,9089,340781,1072991,1695914,1439217,776276,59432,954062
2024-07-25,35.40999984741211,89.5655746459961,611.0120849609375,156.67942810058594,35.13999938964844,131.5,14620.7666015625,616.0,145.2655792236328,6.943999767303467,55.30186080932617,52.48872756958008,40.553810119628906,483.0739440917969,3.7279999256134033,35.439998626708984,89.5655746459961,614.8368867447306,158.4230783338198,36.08000183105469,131.85000610351562,14722.55674878857,625.0,145.98784716087735,6.960000038146973,55.30186080932617,52.55965652283307,40.814145217794476,491.31127944113297,3.7339999675750732,34.79999923706055,86.54916487760238,599.0595793865842,150.05356329566663,33.02000045776367,126.30000305175781,14176.59141366693,608.2000122070312,142.24110203958674,6.785999774932861,54.40095251147847,51.63755983710471,40.15910438554267,472.45695643118813,3.677999973297119,34.83000183105469,87.31234963420893,604.3186818392998,151.84701994425413,36.0,127.0,14528.230104084258,615.0,142.78279266043384,6.877999782562256,54.574204615604415,51.81488391135714,40.73016677391635,488.38243792210125,3.7090001106262207,1429951,301419,17322,337436,14638030,1116035,5280,12140,475293,1404943,1975514,1573532,1226895,64606,865312
2024-07-26,35.5,87.34869384765625,617.2274169921875,154.88595581054688,34.38999938964844,131.3000030517578,14389.42578125,615.5999755859375,145.0398712158203,6.953999996185303,55.22389602661133,52.43552780151367,40.56220626831055,482.15869140625,3.7880001068115234,35.654998779296875,89.40203518264589,618.1836174832675,158.37325626715227,35.79999923706055,132.85000610351562,14593.006081692123,624.4000244140625,147.3420942365396,7.046000003814697,55.71766236201796,53.09163836940124,40.89812644753676,486.5519258152328,3.7880001068115234,35.1150016784668,87.00344458655286,606.7092115903066,154.5372348869404,33.689998626708984,130.35000610351562,14269.128330988746,613.4000244140625,143.55020478976874,6.9019999504089355,55.07663389003799,52.13407214311774,40.27667507703995,479.77903906142785,3.7160000801086426,35.41999816894531,88.23908300656949,611.012113800167,156.67942765748577,35.369998931884766,132.4499969482422,14537.484181571544,616.0,145.2655790849866,6.960000038146973,55.4404603247549,52.32913268156213,40.55380970543741,482.15869140625,3.7360000610351562,703504,276152,11465,151590,6872250,694466,3116,7077,349119,876521,831520,903316,714178,54922,1185041
2024-07-29,35.7400016784668,89.2021484375,608.62158203125,158.12416076660156,34.650001525878906,131.85000610351562,14111.81640625,623.7999877929688,147.16152954101562,7.093999862670898,55.69167709350586,52.63058853149414,40.738563537597656,485.0875244140625,3.815999984741211,35.8849983215332,89.2021484375,622.9645886777053,158.47289688787347,34.91999816894531,134.10000610351562,14574.498911372952,627.0,147.612945275804,7.093999862670898,56.12480570060201,53.33989497081888,41.15006560320148,488.19942899135486,3.8499999046325684,35.150001525878906,87.14880717249218,602.4062791511194,155.18486775667816,33.970001220703125,130.60000610351562,14037.787205430328,609.2000122070312,144.45303513228527,6.9120001792907715,55.3538373086923,52.275933620711825,40.461432108576545,478.49764498527037,3.7690000534057617,35.79999923706055,88.13005063701713,616.7492857975747,155.83250317798525,34.38999938964844,132.85000610351562,14565.245261270493,615.5999755859375,145.35586660186206,6.949999809265137,55.87359031540408,52.63058853149414,40.94851285189971,483.8061387968232,3.7799999713897705,2381520,202835,10656,299421,2540300,720845,1818,14590,312034,1210782,748396,1349284,860333,42938,919963
2024-07-30,35.875,86.34928131103516,589.4976196289062,154.985595703125,33.86000061035156,130.14999389648438,13806.4453125,611.4000244140625,144.54331970214844,7.046000003814697,54.7647819519043,51.7794189453125,40.20109176635742,477.3993225097656,3.809000015258789,37.02000045776367,88.78421500249176,612.9245323311093,159.81798853808067,34.88999938964844,133.0,14315.396044529156,631.7999877929688,147.88379328989427,7.214000225067139,55.95155010152871,53.00297124087957,41.11647085842468,493.32485980986894,3.819999933242798,35.76499938964844,86.34928131103516,589.4976196289062,154.985595703125,33.70000076293945,129.89999389648438,13806.4453125,611.4000244140625,144.54331970214844,7.033999919891357,54.7647819519043,51.65528736342735,40.20109176635742,476.6671260982333,3.7669999599456787,35.86000061035156,88.14822077257703,608.6216299980516,157.9248886981472,34.650001525878906,133.0,14121.06940139075,620.7999877929688,146.71010965741206,7.084000110626221,55.70034132620558,52.77244792471527,40.87292889733061,487.65023986023414,3.7699999809265137,3286723,267204,12824,319134,1976000,506009,3777,15440,380664,2059685,937584,1469504,1453615,38622,1223551
2024-07-31,36.400001525878906,86.18573760986328,609.5778198242188,158.472900390625,35.20000076293945,136.10000610351562,14056.294921875,623.0,144.8141632080078,7.300000190734863,56.020851135253906,52.275936126708984,40.74696350097656,477.76544189453125,3.7980000972747803,36.849998474121094,87.85747955125271,612.9245215801164,158.62235004394586,35.20000076293945,136.3000030517578,14269.128880534068,626.2000122070312,146.71011481763557,7.320000171661377,56.08148887445743,52.79018543377138,40.7805561602845,482.70786536277996,3.8269999027252197,36.084999084472656,86.13122639534798,589.4976092888327,156.0317930980349,33.58000183105469,132.9499969482422,13926.743816604261,611.4000244140625,144.4530361281335,7.084000110626221,55.02465734511822,51.939017665778515,40.226290095992894,474.83660042679145,3.7739999294281006,36.349998474121094,87.85747955125271,589.4976092888327,156.72925015257158,34.0,133.6999969482422,13935.997466980743,614.4000244140625,144.99474052406,7.119999885559082,55.24122164356193,52.293669211322175,40.56220707835526,477.94850496057836,3.809000015258789,2459252,131286,29386,237815,2764750,1378896,4837,23796,673494,2742324,2016737,2114549,3124075,88785,2162730
2024-08-01,36.209999084472656,84.44131469726562,595.2348022460938,159.5190887451172,34.439998626708984,132.1999969482422,13649.1337890625,606.5999755859375,140.84170532226562,7.099999904632568,54.903385162353516,51.38930130004883,39.98274612426758,465.3179016113281,3.7309999465942383,36.7400016784668,87.3305270864738,614.3588119568116,161.16309569557296,35.349998474121094,137.0,14158.084540519068,636.0,145.67185906010965,7.300000190734863,56.08149224081707,52.79018452008411,40.8645325638363,481.4264736151703,3.812000036239624,35.95500183105469,84.35045342508162,592.844301032254,154.18849495449717,34.22999954223633,132.1999969482422,13612.119188956569,606.5999755859375,140.84170532226562,7.073999881744385,54.88605962089696,51.087845631322246,39.98274612426758,464.95180341541163,3.7309999465942383,36.70000076293945,86.24025420594246,610.5340100146681,156.87869505679893,34.97999954223633,137.0,14158.084540519068,626.0,144.8141581670632,7.300000190734863,56.08149224081707,52.701519098552765,40.814143577391285,477.76543579300176,3.7980000972747803,1267254,288848,20456,332120,1427080,439151,2992,30090,590285,1467429,958144,2220682,1378518,58918,1167485
2024-08-02,35.86000061035156,81.09782409667969,595.712890625,156.82887268066406,34.09000015258789,130.5,13639.880859375,582.0,136.77896118164062,7.150000095367432,54.92070770263672,49.54510498046875,39.4704704284668,459.46026611328125,3.799999952316284,35.9900016784668,84.58668069637885,600.0157927242175,158.2238019441845,34.40999984741211,132.89999389648438,13787.939267617878,607.4000244140625,140.34514256283677,7.197999954223633,55.1026209212261,50.87505587614095,40.00794015151691,464.03656358452906,3.799999952316284,35.14500045776367,80.80708604670477,579.4574826946229,154.98559447292268,33.849998474121094,129.6999969482422,13195.70563464637,578.0,135.28929483763284,6.980000019073486,54.470253562909,49.01312259285585,39.226928459093386,456.0737948119566,3.677999973297119,35.779998779296875,84.04154771914358,591.8880887590288,157.32705844547357,34.369998931884766,130.5,13565.851655253562,603.2000122070312,140.2548676858112,7.070000171661377,54.74745560204775,50.83958970718541,39.89036905004623,461.65688331317955,3.7200000286102295,1729802,338107,26148,336898,1610780,720805,3832,31933,1124345,1665528,1146391,3231661,1706995,141710,1905299
2024-08-05,35.154998779296875,80.4981689453125,582.80419921875,150.9004669189453,32.959999084472656,124.0999984741211,13491.822265625,566.7999877929688,131.63282775878906,6.730000019073486,52.928314208984375,47.93143081665039,38.496307373046875,444.7245788574219,3.5350000858306885,35.18000030517578,81.0978200425134,588.5414021642997,152.79358196984236,33.650001525878906,126.75,13575.105119116513,571.5999755859375,132.62593408505393,6.960000038146973,53.75125921938288,48.268349270221115,39.01698078869583,446.6466293651709,3.671999931335449,34.01499938964844,73.41142673204416,561.2896881729389,144.47387351697816,32.31999969482422,121.05000305175781,13001.378795063873,535.2000122070312,128.56319257259818,6.559999942779541,51.88880820059575,46.95613147766991,37.88325574419502,432.0024775827063,3.4560000896453857,34.224998474121094,77.91786974724464,578.9793972550502,149.4059096067007,33.400001525878906,122.0,13278.988306702247,547.4000244140625,130.9557041733798,6.889999866485596,53.707947019784854,48.10875489442867,38.96659500227417,432.0024775827063,3.671999931335449,1909050,437661,16561,1097279,3483170,1781743,4572,30126,923018,4217593,3116018,3491020,3924546,117190,4804080
2024-08-06,34.529998779296875,79.7531509399414,566.0706787109375,149.9040985107422,33.09000015258789,124.0,13269.7353515625,552.0,128.20205688476562,6.375999927520752,53.17953109741211,46.7078742980957,38.47111129760742,432.185546875,3.375999927520752,35.79999923706055,82.62419505636507,589.0194900100296,152.64412030712919,33.56999969482422,127.0,13797.1934513108,581.5999755859375,133.3030487081154,6.820000171661377,54.037127213553994,48.44567593688834,39.302508740517716,457.6297497907653,3.61299991607666,34.20000076293945,77.5181010308004,552.6838721198004,148.35971954845755,32.79999923706055,123.0,13084.662334106957,540.0,126.48668276083748,6.335999965667725,52.7290769389295,45.94536860007201,37.790874405030905,429.8058665897874,3.3410000801086426,35.42499923706055,81.4612429343803,584.7165878914498,151.24920620124703,33.0,126.0,13695.403291710252,570.0,133.0773408614873,6.78000020980835,53.448072029731286,48.28608156370944,38.79023193045576,457.3551831134921,3.5510001182556152,2140969,367778,28670,810641,2039390,1048977,3751,37335,833084,5920357,1868083,3029870,2075757,114555,4198892
2024-08-07,35.38999938964844,80.1347427368164,561.7677612304688,156.23106384277344,33.709999084472656,124.0999984741211,13241.974609375,546.4000244140625,130.45913696289062,6.581999778747559,52.945640563964844,46.474754333496094,39.04217529296875,434.565185546875,3.4100000858306885,35.45000076293945,81.57026478484511,571.3297656769448,156.62960638589917,33.77000045776367,125.0,13538.091442009521,564.7999877929688,132.49050760764152,6.630000114440918,53.707947845747675,47.53777984336852,39.31091015483068,437.95165676130847,3.447999954223633,34.779998779296875,79.38972610572097,548.859055227726,149.95391996629053,33.27000045776367,122.8499984741211,12936.60412572065,540.4000244140625,128.15691414361683,6.389999866485596,52.75506622190093,46.3815078546784,38.54669479074102,431.178742263944,3.2980000972747803,34.974998474121094,79.75315037419855,569.4173647876496,150.45210574690944,33.369998931884766,125.0,13371.525723652603,563.0,130.0077212640571,6.449999809265137,53.707947845747675,47.407233350173684,38.57188768292425,434.7482486136291,3.4000000953674316,1748356,250528,24537,431601,1474180,475604,3966,45889,836102,2831374,1367599,3168511,1529248,71405,2900813
2024-08-08,36.23500061035156,80.78890991210938,564.1582641601562,163.10601806640625,34.310001373291016,123.9000015258789,13482.5693359375,557.0,129.78201293945312,6.7179999351501465,53.91584777832031,47.29533767700195,38.92460250854492,436.12115478515625,3.443000078201294,36.26499938964844,80.8797642517796,567.9830659510726,163.20566130178105,34.38999938964844,124.0999984741211,13584.35949564602,559.5999755859375,130.0528651129843,6.75600004196167,53.96782109369589,47.36993414991312,39.21853347764608,439.23303152051244,3.4519999027252197,34.82500076293945,77.24553521103613,541.2094534146584,153.6903100535661,33.25,120.4000015258789,12927.35028298194,531.0,123.91360887610394,6.460000038146973,52.34792110914942,45.2252330861201,38.34514354068574,425.59567046190483,3.3540000915527344,35.380001068115234,80.0984113852222,559.3772619215109,155.43396024866325,33.43000030517578,123.1500015258789,13269.73536563787,548.0,127.43464580366792,6.599999904632568,52.99761398741504,46.28825861426206,39.159747924540326,434.931328599477,3.4100000858306885,1906905,169645,29141,746881,1501880,405157,2742,25169,1616987,1508334,1381467,4395798,1585671,96080,1655155
2024-08-09,36.30500030517578,80.64353942871094,556.5086669921875,163.4547576904297,33.27000045776367,122.94999694824219,13112.4228515625,560.7999877929688,130.91055297851562,6.6620001792907715,53.3267936706543,48.414310455322266,38.59708023071289,441.6127014160156,3.450000047683716,36.80500030517578,81.95185708987293,569.8954734146799,164.99913665130398,34.70000076293945,126.80000305175781,13649.134584371692,571.2000122070312,133.30305067767742,6.877999782562256,54.64350499265293,49.10434651584316,39.08416416572414,443.9008501280157,3.569999933242798,36.14500045776367,80.02572025225561,551.2495644690654,161.1631000584959,33.040000915527344,122.4000015258789,13029.139996471418,556.0,129.8271580539162,6.630000114440918,52.980289473730316,47.61238146218349,38.26116325816893,436.57877424961544,3.443000078201294,36.564998626708984,80.86159121694772,567.9830724971811,163.10602156256587,34.66999816894531,125.94999694824219,13519.583476452231,560.4000244140625,130.0077215786638,6.730000019073486,54.29700079572895,47.76157796754946,39.050571507398075,436.57877424961544,3.450000047683716,2252792,182465,21069,490669,1718240,475733,2797,18509,574786,1562184,1155110,2574476,1543271,84865,1498426
2024-08-12,37.25,83.13298797607422,570.3735961914062,169.83152770996094,34.310001373291016,126.69999694824219,13723.1630859375,574.2000122070312,135.92127990722656,6.849999904632568,55.925559997558594,50.39116668701172,39.67202377319336,451.2229309082031,3.6010000705718994,37.47999954223633,83.13298797607422,573.7202979293273,169.88134932816118,34.349998474121094,126.75,13787.938636579147,578.0,136.1469877736364,6.849999904632568,55.94288884176597,50.39116668701172,39.67202377319336,452.96191836191383,3.6010000705718994,36.16999816894531,80.40731623915376,554.1181877500753,162.45838431902297,33.290000915527344,124.19999694824219,13204.958680804324,559.2000122070312,131.36197825052488,6.699999809265137,54.43559993307868,48.097269170071826,38.68106275507283,439.32455747654666,3.447999954223633,36.30500030517578,80.64354306390786,559.3772904810942,163.4049342511345,33.5,124.44999694824219,13214.212330895989,566.0,131.8585383118495,6.71999979019165,54.92070513111214,48.76865164019744,38.7398483066925,439.32455747654666,3.450000047683716,1868661,140620,16435,548717,1531900,401844,1737,11359,631989,1100963,1943458,2102908,857291,36731,1396015
2024-08-13,37.5,89.14763641357422,567.9830932617188,171.1766357421875,34.220001220703125,124.8499984741211,13538.08984375,588.0,135.96641540527344,6.8420000076293945,55.189247131347656,50.0927734375,38.99178695678711,453.60260009765625,3.624000072479248,37.584999084472656,89.40203132464521,576.1107974582249,172.17300729458273,34.790000915527344,126.4000015258789,13778.684741861756,593.7999877929688,138.81032882689095,6.929999828338623,56.29805532430924,51.37959190713915,39.806391322431786,460.0094164043138,3.6500000953674316,37.224998474121094,86.71270280058671,563.2020907931858,167.3904208024009,33.97999954223633,124.0999984741211,13427.046044621497,572.7999877929688,135.92127107970043,6.800000190734863,54.8947195420286,49.86897691049204,38.958194297599796,450.9483532140557,3.5910000801086426,37.474998474121094,88.58432844495884,570.3735944959852,169.881349683389,34.5,126.0999984741211,13778.684741861756,577.0,137.09495466402865,6.849999904632568,56.237417582788474,50.67090942634332,39.7224096744635,452.1381793555483,3.6050000190734863,2312553,1112884,17183,451904,1155210,529954,1892,21668,732922,1262933,1352764,2986502,2578699,52748,1301878
2024-08-14,38.20000076293945,90.3287582397461,564.6364135742188,173.66757202148438,34.279998779296875,125.30000305175781,13204.958984375,601.4000244140625,138.67491149902344,6.73199987411499,54.55687713623047,51.0066032409668,39.70561599731445,453.5110778808594,3.6570000648498535,38.63999938964844,90.3287582397461,576.1108199465992,174.813393274182,34.65999984741211,129.5,13676.895149899265,603.7999877929688,139.6228734682884,6.920000076293945,55.579064183802394,51.09984972036452,39.873576100898916,462.2060430470918,3.680000066757202,37.57500076293945,88.52981880419426,560.811611450092,170.87772851524457,34.16999816894531,124.5,13084.661530417834,588.0,136.95952353688162,6.705999851226807,54.34897726227364,50.26062073440951,39.05897168083642,452.1381886440858,3.632999897003174,37.57500076293945,89.14763799852577,570.8517170259248,170.87772851524457,34.43000030517578,129.5,13593.612297159689,588.0,136.95952353688162,6.889999866485596,55.26720776384931,50.98795323366222,39.420084782292626,452.1381886440858,3.6500000953674316,2936186,767587,22026,677825,1465840,1286919,3769,27378,589878,1516116,1306664,2321070,1272267,59541,1492024
2024-08-16,39.14500045776367,94.8988037109375,577.0670166015625,179.1974334716797,34.56999969482422,136.8000030517578,13815.7001953125,623.7999877929688,144.90444946289062,6.883999824523926,55.46644973754883,52.89021301269531,40.51182174682617,475.0196838378906,3.7760000228881836,39.63999938964844,95.35308234417654,583.2823200115213,180.941083724296,35.099998474121094,136.8000030517578,13935.997651802161,623.7999877929688,145.08501299983325,6.886000156402588,55.70034289220902,53.15130600919724,40.520218309961066,475.75188027043436,3.7790000438690186,38.77000045776367,90.94658098810628,567.505011355472,173.36865368870713,34.349998474121094,128.5500030517578,13343.764019853064,604.4000244140625,140.88685221742907,6.751999855041504,55.10262328476432,51.28634790361137,39.93235957977566,461.2907912414198,3.6410000324249268,38.790000915527344,90.94658098810628,572.7641142408218,174.36502526163073,34.70000076293945,129.0,13427.046874345906,609.0,142.0605358717284,6.800000190734863,55.43180195955205,51.28634790361137,39.93235957977566,470.4433863057337,3.6410000324249268,3530734,905077,25245,599636,1772760,1551458,6140,20432,637250,1741891,1503191,2711686,1440649,56865,1350831
2024-08-19,38.26499938964844,94.2173843383789,586.15087890625,179.1974334716797,34.52000045776367,138.9499969482422,13686.1494140625,628.5999755859375,144.54331970214844,6.9079999923706055,55.94289016723633,53.28185272216797,40.77215576171875,474.2874755859375,3.7679998874664307,39.2599983215332,95.0805178875447,586.6289791337429,180.4428979378342,34.95000076293945,139.39999389648438,13852.71512701255,633.7999877929688,146.07813040180307,6.989999771118164,56.471307574781754,53.393749212958966,40.85613740868689,479.59596941834866,3.813999891281128,38.05500030517578,93.62682766947916,563.6801682140855,177.50358963497064,34.29999923706055,135.6999969482422,13454.808146076319,616.0,143.91132667042484,6.820000171661377,55.18924404278193,52.2561271828123,40.26827869419894,468.2467574077264,3.759999990463257,39.064998626708984,94.62623926116535,576.5888743563927,178.25086831466334,34.720001220703125,136.89999389648438,13852.71512701255,622.0,144.45303104729805,6.888000011444092,55.5270838136365,52.68506669511556,40.562206449656784,475.385798138886,3.7750000953674316,2575942,550792,23718,328555,1630690,554192,3174,12656,287861,1329781,1215849,1652692,828005,22495,1312342
2024-08-20,37.435001373291016,90.83755493164062,577.0670166015625,174.6639404296875,34.060001373291016,138.1999969482422,13639.880859375,615.5999755859375,142.6925048828125,6.802000045776367,54.842742919921875,52.21882629394531,40.049930572509766,466.4162292480469,3.700000047683716,38.51499938964844,94.94423056246217,589.0195231591756,179.44652703835405,34.70000076293945,140.5500030517578,14102.56338513399,632.0,146.07812261757024,6.9679999351501465,56.116138719665805,53.33780185452633,40.81414595853073,478.3145743691402,3.7860000133514404,37.31999969482422,90.31059007447023,572.2860139785172,169.3831680326895,34.060001373291016,137.5,13612.119907829461,615.5999755859375,142.01538133586095,6.785999774932861,54.782105182053535,51.88313327005848,40.02473767960356,463.3043526513608,3.678999900817871,38.5,94.17195830308711,588.0633226345666,179.19743414418835,34.599998474121094,139.60000610351562,13797.192918133056,628.4000244140625,146.03297829255072,6.934000015258789,55.942889928332775,53.281851831503445,40.7721567358296,478.3145743691402,3.7699999809265137,1603515,669693,17021,392563,1560600,519015,2105,13482,465815,730851,1034589,1752421,1217939,34172,1145495
2024-08-21,38.529998779296875,91.49171447753906,572.7640991210938,178.94833374023438,34.0,139.85000610351562,13732.416015625,617.4000244140625,143.0536346435547,6.817999839782715,55.33651351928711,52.14422607421875,40.453033447265625,467.1484375,3.6640000343322754,38.564998626708984,92.03685438589325,582.3261041147681,179.645790773944,34.20000076293945,141.5,13824.952511687163,619.0,144.00161038248666,6.8420000076293945,55.397151261839056,52.81561211955855,40.6377898740425,470.62644031636245,3.703000068664551,36.915000915527344,90.47413476966058,570.8516981223589,174.36501859856014,33.63999938964844,138.3000030517578,13538.089373894458,615.0,142.10565890462271,6.771999835968018,54.59153176278135,52.03232958570386,40.01634168072965,464.76875724280524,3.6449999809265137,37.35499954223633,91.17372081882704,572.7640991210938,174.66393309969942,34.099998474121094,138.5500030517578,13824.952511687163,615.2000122070312,142.64736326290216,6.802000045776367,54.84274715593034,52.03232958570386,40.05833090402284,466.4162410815568,3.693000078201294,1786858,354032,21702,243304,5043990,549175,1924,11081,440979,598191,934802,2674616,837089,25317,722661
2024-08-22,38.724998474121094,92.53655242919922,568.9392700195312,184.3287353515625,34.650001525878906,136.89999389648438,13639.880859375,616.7999877929688,142.87307739257812,6.760000228881836,53.73393249511719,52.759666442871094,40.167503356933594,467.8806457519531,3.6659998893737793,39.25,93.21797035125775,577.5450741038603,186.32147843644424,34.7400016784668,140.5,13991.519578951833,622.5999755859375,144.904448161193,6.9019999504089355,54.920707225919436,53.841342000358495,40.7721551887457,471.5416835812125,3.700000047683716,38.244998931884766,91.21914721924936,557.9429648006663,178.7490486325243,33.93000030517578,135.5500030517578,13575.105305768742,615.2000122070312,142.24109813089865,6.751999855041504,53.47405599874398,52.64776639555753,40.167503356933594,464.9518043159448,3.6410000324249268,38.244998931884766,91.53714086319503,576.588873650046,179.3468776393581,34.29999923706055,140.0,13760.178316072337,620.7999877929688,143.91132805275763,6.849999904632568,54.40095092866408,53.61754546285666,40.43623821631058,465.3179025125703,3.6649999618530273,1238098,498460,11333,405828,2148280,434969,1914,13520,278999,1189770,2566113,2834003,1056276,26532,893752
2024-08-23,37.8849983215332,92.67283630371094,573.7202758789062,180.79161071777344,31.25,138.64999389648438,13602.865234375,626.2000122070312,144.31761169433594,6.760000228881836,54.62617874145508,53.76673889160156,40.98210525512695,472.2738952636719,3.640000104904175,38.849998474121094,94.62623571018648,580.8917793273926,185.92293320910835,32.099998474121094,139.89999389648438,13750.923631483844,632.4000244140625,145.80727806505007,6.860000133514404,54.990005169432415,54.36352488128374,41.250840119469636,477.76545218534244,3.687999963760376,37.665000915527344,91.67342474952902,563.6801710510255,180.5425178357695,29.68000030517578,137.10000610351562,13436.29953762755,620.0,142.73765666886325,6.710000038146973,53.97648585905936,53.15130289510118,40.22628965050275,467.8806608989365,3.6070001125335693,38.849998474121094,91.67342474952902,572.764075419108,184.32873268291397,30.510000228881836,137.5,13639.87983365221,620.0,142.87307587488652,6.828000068664551,54.167060190829396,53.524295917215085,40.22628965050275,475.0196737245072,3.6589999198913574,1677144,588067,19811,270648,17301710,400497,1971,10016,406069,1457647,1026420,1807301,1283710,22154,1168999
2024-08-26,37.875,92.03684997558594,566.0706787109375,179.54615783691406,31.8700008392334,140.0,13436.2998046875,631.4000244140625,142.1508026123047,6.927999973297119,54.894718170166016,52.98345947265625,40.7133674621582,470.6264343261719,3.7009999752044678,38.130001068115234,94.12652744108834,578.0231845958813,182.13673005747208,32.02000045776367,142.8000030517578,13686.148354774663,634.5999755859375,144.31760625988525,6.943999767303467,55.19791017470193,54.027835015346376,41.14166582385161,472.2738902124515,3.7300000190734863,37.224998474121094,91.62799506391218,563.202077298551,177.55341465292295,31.1200008392334,139.35000610351562,13334.509654651987,621.7999877929688,141.15769632793004,6.789999961853027,54.24502526624348,52.479919930651526,40.62098925851563,465.50097566779823,3.640000104904175,37.994998931884766,92.67283726253416,573.7202824773016,180.7916223269085,31.399999618530273,141.0,13686.148354774663,625.0,143.5953383773584,6.800000190734863,54.66082832821282,53.74809201105219,41.06608394846877,470.6264343261719,3.640000104904175,1064205,241406,10744,149185,2918780,432093,1013,13269,411826,960831,971516,1308298,683738,22042,1080860
2024-08-27,37.619998931884766,91.31000518798828,562.2459106445312,178.74905395507812,33.0,142.10000610351562,13556.59765625,619.7999877929688,141.2479705810547,6.8379998207092285,54.97268295288086,52.66641616821289,40.83934020996094,467.5145263671875,3.700000047683716,38.05500030517578,92.71827172229081,567.0269132860664,180.29343293253262,33.04999923706055,142.4499969482422,13556.59765625,636.7999877929688,142.4667984884576,6.960000038146973,55.1199484001385,53.16995570749903,41.007300296749655,475.7518616018353,3.75,37.15999984741211,90.11070987472915,556.5087074746891,177.00540370388646,31.649999618530273,139.25,13241.973546821673,611.7999877929688,138.31376851430556,6.785999774932861,54.51356767900702,51.75258712865208,40.318663620558695,463.67045334991997,3.6619999408721924,37.959999084472656,91.58257514035066,566.0707127577593,178.74905395507812,32.0,140.25,13510.329404863482,631.4000244140625,142.19594631168874,6.927999973297119,54.89471967009953,53.00210919440365,40.91492208883725,475.7518616018353,3.680000066757202,1059773,522924,17849,258011,1654040,454278,3558,12415,492998,956565,1217442,1623223,913720,33816,889683
2024-08-28,37.3849983215332,93.30882263183594,562.7239990234375,179.3468780517578,32.689998626708984,136.85000610351562,13269.7353515625,627.5999755859375,141.29312133789062,6.639999866485596,54.70414352416992,52.74101638793945,40.92332077026367,469.3450622558594,3.5409998893737793,37.935001373291016,93.94481683745501,569.8955028342715,179.8450638241238,33.279998779296875,140.3000030517578,13528.837576000262,632.0,141.5639735269881,6.869999885559082,55.16325878291477,52.96480936811637,41.23404486458777,472.27390383987074,3.6989998817443848,37.30500030517578,90.63766914980835,552.68389368827,176.6566779216661,32.16999816894531,136.5500030517578,13195.706144580283,620.0,139.03604272226937,6.460000038146973,54.435602602436894,52.03233031742022,40.486625803433185,465.13489088466014,3.440000057220459,37.79999923706055,90.99200590693182,556.0305954666592,178.69924262905133,33.099998474121094,140.0,13427.047416399713,620.0,141.24797701035527,6.869999885559082,54.97268114139397,52.685066364332584,40.486625803433185,467.51454324872805,3.683000087738037,1007190,491260,16039,274034,1124460,654481,1406,13537,335959,3396842,1290985,1314756,864675,36985,5334971
2024-08-29,37.900001525878906,93.2634048461914,567.5050048828125,180.44290161132812,32.45000076293945,136.89999389648438,13575.1044921875,634.0,142.51194763183594,6.650000095367432,55.37982177734375,53.804039001464844,39.74760437011719,474.83660888671875,3.509999990463257,37.939998626708984,94.8988037677865,584.2385138726174,181.53890124180248,32.900001525878906,138.9499969482422,13621.372741990455,642.5999755859375,143.23420175948485,6.7820000648498535,55.63103715260585,54.23297848767542,40.5874015987756,478.49764682086925,3.617000102996826,37.18000030517578,91.71885333320833,562.2459020574453,171.37591403176626,31.920000076293945,134.8000030517578,13195.704843803254,625.7999877929688,141.06741182430923,6.599999904632568,54.70414223444049,52.74101351080165,39.30250966049914,467.880659157035,3.4860000610351562,37.400001525878906,93.49054416294699,562.2459020574453,179.3468867774298,32.66999816894531,137.75,13232.71944364562,626.0,141.65424674705258,6.639999866485596,54.70414223444049,52.74101351080165,40.55380894077194,468.06369429484084,3.5399999618530273,1142883,716427,24903,493346,1763190,481922,2917,19130,484209,1434391,1586809,2508254,3123259,67507,2320574
2024-08-30,38.06999969482422,93.12711334228516,575.6326904296875,182.43563842773438,32.25,138.8000030517578,13639.880859375,640.0,143.0536346435547,6.78000020980835,55.7349853515625,53.971885681152344,39.16814422607422,475.5688171386719,3.552000045776367,38.06999969482422,94.48994914729421,578.9793921182322,184.8269240865686,32.779998779296875,139.39999389648438,13667.64181092054,643.5999755859375,144.09189903423794,6.829999923706055,56.133469481470804,54.13973218623597,39.95755571148761,479.04684795309345,3.5789999961853027,37.584999084472656,91.99141683811095,567.0268860877154,176.95559485643452,32.189998626708984,137.5500030517578,13464.061499586585,634.5999755859375,141.609112648333,6.679999828338623,55.2672089726738,53.281849653905745,39.09256234350426,469.5281267421626,3.515000104904175,37.900001525878906,94.03567054562453,574.6764899472462,179.3468805152687,32.5,138.1999969482422,13649.13450989018,640.0,142.51194406138933,6.74399995803833,55.3971488751206,54.08378216549973,39.890370392059936,469.711189816028,3.5169999599456787,2516828,8372578,46776,527822,3810910,825937,2937,52451,766573,3272127,2811709,2800725,4799139,118540,1828990
2024-09-02,37.880001068115234,94.03567504882812,583.2822875976562,180.74179077148438,32.25,138.9499969482422,14148.83203125,658.0,146.4392547607422,7.343999862670898,57.121002197265625,54.75516891479492,40.41104507446289,488.7485656738281,3.756999969482422,38.185001373291016,94.85337795734019,589.4975906622215,182.53526257917636,32.59000015258789,139.1999969482422,14306.144094383584,666.0,147.11637833125374,7.369999885559082,57.31157983975739,55.09086192943129,40.81414739299144,493.50792617508824,3.7850000858306885,36.939998626708984,91.8551362700432,558.4210753393955,178.49995481272518,31.59000015258789,135.39999389648438,13353.018064809516,629.0,141.47368191032413,6.854000091552734,55.42313556449417,53.207253891735675,39.252127110033,469.7111795317932,3.4800000190734863,37.75,91.8551362700432,567.9830800541112,182.4356345475076,32.25,136.5,13649.134889531557,635.0,142.91821770452785,6.854000091552734,55.56173658507664,53.673493399369484,39.26892023684579,473.1891544070583,3.5299999713897705,1181719,296042,14967,233328,2073690,334959,4655,17614,387140,6937624,1818842,1147939,2523602,38345,4723751
2024-09-03,37.900001525878906,92.082275390625,565.114501953125,175.7101287841797,31.670000076293945,131.39999389648438,13991.51953125,638.0,142.918212890625,7.406000137329102,55.934226989746094,54.1210823059082,40.091922760009766,476.3010559082031,3.700000047683716,38.400001525878906,94.39909913797665,588.0633142151809,182.28617188689776,32.25,137.8000030517578,14602.260463169641,660.7999877929688,147.07122905087488,7.550000190734863,57.1643106242854,55.01626129703123,40.688178048102785,489.6638219757985,3.819999933242798,37.775001525878906,91.03743317256952,565.114501953125,174.8632068859837,31.510000228881836,131.14999389648438,13973.012230282737,635.7999877929688,142.01538149368625,7.230000019073486,55.587722788871076,54.1210823059082,39.92396266663322,475.93492977086953,3.690000057220459,37.97999954223633,92.76369332434705,583.282311660586,180.54252167578395,31.959999084472656,137.60000610351562,14065.548735119048,660.0,147.02609850191902,7.276000022888184,57.12100172981222,54.69921829303452,40.688178048102785,489.6638219757985,3.746999979019165,746554,407283,12961,330569,2804300,844147,4489,17132,467318,5329970,1827145,1279049,1408635,25801,3401518
2024-09-04,37.459999084472656,92.62741088867188,559.3772583007812,176.7064971923828,31.399999618530273,134.60000610351562,13760.1767578125,635.5999755859375,141.97024536132812,7.323999881744385,55.27587127685547,54.34487533569336,39.97434616088867,475.0196838378906,3.6519999504089355,37.790000915527344,93.35425947724988,564.1582605084802,176.85594684073817,31.600000381469727,135.8000030517578,14028.532592362979,642.2000122070312,142.24109755126264,7.400000095367432,55.7349832155813,54.38217534964633,40.33545921969958,476.8502028507534,3.6700000762939453,37.16999816894531,90.99201196198415,552.6838552100027,172.12318206612687,30.90999984741211,131.10000610351562,13658.386613672663,626.4000244140625,139.93887460099117,7.119999885559082,54.842742691310626,53.18860336015207,39.74760373193497,467.51454471255187,3.5829999446868896,37.400001525878906,91.44629059690993,564.1582605084802,174.36501801199537,31.5,132.0,13815.698654616048,633.4000244140625,140.0742938079011,7.139999866485596,55.00733036419448,53.35644986581534,40.05832780454943,468.97899344064626,3.6700000762939453,1006264,294148,18028,286690,2467580,745197,2660,10598,379197,1960499,1399287,1240999,1255395,30309,2007436
2024-09-05,36.720001220703125,90.6376724243164,535.9503784179688,174.0162811279297,30.850000381469727,134.14999389648438,13593.6123046875,632.2000122070312,140.5708465576172,7.360000133514404,53.88119888305664,54.04648208618164,39.70561599731445,468.9789733886719,3.5850000381469727,37.53499984741211,93.30882600284596,564.158293071546,177.75267435458224,31.649999618530273,134.8000030517578,14037.787519544547,648.0,144.00160864096324,7.519999980926514,55.32784683115275,54.96031108101562,40.436241967370975,479.22983473200526,3.678999900817871,36.60499954223633,90.49229993832591,530.6912756859459,173.46828895075902,30.690000534057617,132.85000610351562,13547.344053139892,626.4000244140625,139.98401165667326,7.254000186920166,53.846547801728725,53.59889259220939,39.51246299944271,466.59926525589447,3.571000099182129,37.349998474121094,92.62740807118425,559.8553908362546,176.35776029800115,31.399999618530273,134.0,13760.178010258893,635.5999755859375,141.56396661041424,7.300000190734863,55.27587351366987,54.36352508905262,40.016343310196085,468.6128472565509,3.619999885559082,1406185,426619,17336,180996,2022480,541119,2142,18129,344165,3120814,1780800,1474164,1154098,32027,1405717
2024-09-06,35.86000061035156,85.33169555664062,542.643798828125,170.1304473876953,30.84000015258789,131.6999969482422,13084.6611328125,605.0,136.50811767578125,7.254000186920166,53.01494216918945,52.49856948852539,39.12615203857422,460.55859375,3.4609999656677246,37.400001525878906,90.67401664175347,557.4649069899505,174.56429788068695,31.56999969482422,134.75,13593.6118840888,638.5999755859375,140.34515148419243,7.461999893188477,54.314327990471014,53.97188808610398,39.898763932016436,470.99251858152485,3.635999917984009,35.810001373291016,85.11364375676104,533.5598938257159,166.59332523587545,30.600000381469727,131.5500030517578,13010.631932626857,605.0,135.6052861914492,7.197999954223633,52.98895220569768,52.49856948852539,39.12615203857422,456.16533137032786,3.4609999656677246,36.564998626708984,90.3287604492239,542.1656985648403,172.47192668347822,30.850000381469727,134.5,13575.104584042389,633.4000244140625,140.34515148419243,7.360000133514404,54.227700286346824,53.59889504549224,39.806388930161305,468.97899236241074,3.635999917984009,1526887,489689,26241,339256,3722950,724899,2636,25529,453374,2043697,1588829,2902515,1737968,46212,2185247
2024-09-09,35.92499923706055,86.49464416503906,547.9028930664062,165.59695434570312,31.1299991607666,133.39999389648438,13084.6611328125,623.7999877929688,138.81033325195312,7.085999965667725,53.19685363769531,53.02075958251953,39.369693756103516,463.67047119140625,3.374000072479248,36.064998626708984,87.03978403987173,554.5962966466241,168.93480523600405,31.260000228881836,134.35000610351562,13204.95858311417,631.7999877929688,139.75830901475032,7.320000171661377,53.69928439152818,53.18860609681886,39.71401048103726,465.86708841886843,3.5290000438690186,35.52000045776367,85.58608694930655,540.2532889747287,163.55438955626929,30.600000381469727,131.3000030517578,12973.617332534035,620.2000122070312,136.0566946175858,7.065999984741211,53.10156481855398,52.237477034831095,39.01697726514314,458.17891415699916,3.365999937057495,36.0,86.5491623115672,545.0342915320272,167.39042623894804,31.149999618530273,132.0,13084.6611328125,621.2000122070312,136.4629660084662,7.320000171661377,53.42207905197662,52.51722003962154,39.47046852341844,458.17891415699916,3.4809999465942383,1029387,190349,21236,589594,1592950,341142,2392,13816,381999,1458977,1547098,1582276,1030451,25744,1914029
2024-09-10,35.95500183105469,84.51399230957031,547.9028930664062,161.61146545410156,31.3700008392334,131.5,12955.111328125,612.7999877929688,134.79273986816406,6.99399995803833,52.685760498046875,52.759666442871094,38.79863357543945,460.19244384765625,3.4019999504089355,36.48500061035156,87.27600718022033,554.5962966466241,165.74641658758213,31.860000610351562,133.75,13130.930696149553,635.7999877929688,139.80345723140326,7.1579999923706055,53.52603100533408,53.412398933240425,39.67202348395295,467.6975825683201,3.4200000762939453,35.665000915527344,84.4958242145443,537.3846874403496,159.91763682745497,31.100000381469727,130.75,12797.799261997769,612.2000122070312,134.1156162724862,6.98799991607666,52.57314614136196,51.97638389730261,38.664266143635245,456.34837088681786,3.315000057220459,35.779998779296875,87.02161225940576,554.5962966466241,165.1984091839373,31.239999771118164,133.39999389648438,13084.66244140625,632.2000122070312,139.39717205310467,7.099999904632568,53.44806772832281,53.020759439018825,39.47886729738539,461.10770330473713,3.380000114440918,2046902,356049,23611,655917,2200160,678575,1888,13713,1276056,1597926,1226297,3084626,1497284,47758,3400289
2024-09-11,35.97999954223633,81.04330444335938,537.3846435546875,164.10238647460938,31.09000015258789,131.6999969482422,12649.740234375,594.2000122070312,132.71621704101562,6.938000202178955,52.20932388305664,50.37251663208008,38.21077346801758,420.8363037109375,3.319999933242798,36.470001220703125,84.49582478804054,548.8590487551435,166.64313689394604,31.729999542236328,134.5,13075.408157404445,622.4000244140625,134.88300691083148,7.119999885559082,53.15354440017648,52.57316766853463,38.89101036875618,427.79228144407347,3.4639999866485596,35.61000061035156,80.89793888693943,536.4284431213161,161.2129151449624,31.049999237060547,130.89999389648438,12603.4719818718,591.4000244140625,131.54253345481786,6.918000221252441,52.09670951738847,50.279266596647595,38.14358815277676,416.6261323883186,3.319999933242798,35.61000061035156,83.91434869887722,547.9028483217721,161.41218640848587,31.3700008392334,132.8000030517578,13029.139904901243,615.0,133.66419277510283,7.041999816894531,52.93698009170412,51.827185170700496,38.85741771113577,425.5956642471629,3.431999921798706,1864727,350380,17387,262773,1969130,506801,3893,20452,564523,1719388,2787300,5370122,1355749,1080834,2649109
2024-09-12,37.20000076293945,82.89675903320312,548.3809814453125,167.14132690429688,30.579999923706055,135.0,13084.6611328125,621.7999877929688,133.66419982910156,7.046000003814697,51.81950378417969,51.435543060302734,38.51310348510742,424.3143005371094,3.4000000953674316,37.2599983215332,84.05971116882895,554.5962846351897,170.3795344300135,31.5,136.5,13260.480483253403,626.2000122070312,136.3275498693392,7.099999904632568,53.27481609804805,51.75258607221936,39.06736955761594,430.1719556231237,3.4170000553131104,36.470001220703125,81.7338068975773,544.5561794823112,165.29803346213504,30.579999923706055,133.85000610351562,12742.276081953898,599.4000244140625,132.6259353889311,6.980000019073486,51.81950378417969,50.950653538717006,38.48791059203915,421.75155723407005,3.3399999141693115,36.4900016784668,82.96944527461511,545.0342797276863,167.3405981728871,31.31999969482422,134.3000030517578,12742.276081953898,611.0,134.70245049315724,7.079999923706055,52.46053554568481,51.58473956255025,38.73144936670129,428.3414366630253,3.371999979019165,1171853,575236,9314,349982,2355580,689514,2987,21778,602834,1288695,2506053,2317218,1570136,369441,2235170
2024-09-13,37.53499984741211,85.93134307861328,556.0305786132812,169.38316345214844,30.899999618530273,138.0,13399.2861328125,638.7999877929688,137.1852264404297,7.026000022888184,52.642452239990234,53.319149017333984,39.13454818725586,420.28717041015625,3.378000020980835,37.619998931884766,86.25842423062984,557.9429795715384,170.32971338369637,31.079999923706055,138.0,13482.568988610366,643.0,137.77207510739552,7.104000091552734,52.74640218228099,53.319149017333984,39.403283034617715,430.17196176317697,3.430000066757202,36.96500015258789,82.91493340137052,547.4247743011239,167.58969162197045,29.899999618530273,134.5,12899.588998025292,624.2000122070312,133.75446441608239,6.955999851226807,51.88880937549137,51.56608751735862,38.6054782585215,420.28717041015625,3.3350000381469727,37.0,82.93310149570857,554.118177655024,168.38679190242993,30.510000228881836,136.0,13093.91566155365,626.2000122070312,133.75446441608239,7.079999923706055,51.96677265833671,51.659337550781544,38.63906771176268,427.42618328383753,3.4159998893737793,1360551,412293,22358,339283,1917430,442910,3508,31245,609771,1364031,1893174,2693382,2811238,903305,3618254
2024-09-16,37.79999923706055,84.44131469726562,569.4173583984375,172.27264404296875,30.329999923706055,138.60000610351562,13454.8076171875,634.4000244140625,134.38645935058594,7.171999931335449,52.58181381225586,52.05097961425781,36.25456237792969,423.76513671875,3.384999990463257,38.04999923706055,85.73146435407295,571.3297592662744,173.6177517881201,31.0,139.35000610351562,13676.895225724296,645.2000122070312,137.049809224375,7.188000202178955,53.17953010326579,53.412398155966756,38.754874101176,426.32785207490167,3.4100000858306885,37.53499984741211,83.71446611024473,556.9867527574977,169.13407957551442,30.229999542236328,135.85000610351562,13325.256512207703,626.7999877929688,133.43848362571487,6.949999809265137,52.339259544063204,48.95514949280654,36.25456237792969,421.2024213625983,3.299999952316284,37.69499969482422,85.14998825715297,558.4210534083753,169.38317247621472,30.899999618530273,138.5,13417.7930157647,640.0,136.0566891742979,7.0,52.84169031684674,52.96480864460184,38.7085726864069,425.3210889980937,3.375999927520752,1145663,261328,11575,248018,1601860,459418,4078,30523,678543,1447359,1984128,1518884,8052383,142433,2599325
2024-09-17,38.665000915527344,85.40438079833984,575.1546020507812,175.7599334716797,31.5,141.0,13686.1494140625,656.7999877929688,135.19900512695312,7.289999961853027,53.0929069519043,52.53586959838867,38.35667419433594,426.87701416015625,3.372999906539917,38.790000915527344,85.98585687902326,580.4137048126754,176.35776247669878,31.540000915527344,142.64999389648438,13797.193222695867,665.0,136.77896011174224,7.317999839782715,53.48272337021304,53.00210912142828,38.52336210755958,431.5448430755883,3.4000000953674316,37.8650016784668,83.60543440815317,569.8954992888872,172.77081885343054,30.40999984741211,139.0,13445.554495356871,643.2000122070312,133.98017719967015,7.119999885559082,52.54716396627206,51.92043357026139,36.57867449671229,420.7447924278458,3.319999933242798,38.0,83.60543440815317,573.7203012975374,173.11955497359554,30.40999984741211,139.0,13454.808146076319,644.7999877929688,134.20588505464002,7.119999885559082,52.841691559604314,52.77831258523415,36.67127732291592,423.7651375270358,3.3299999237060547,2140388,292923,34044,232807,3707990,795086,3704,24471,987175,950976,1833245,2415521,5450614,235386,2161489
2024-09-18,38.724998474121094,84.95010375976562,567.5050048828125,175.7101287841797,31.229999542236328,140.75,13501.0751953125,669.2000122070312,135.7858428955078,7.1479997634887695,52.73773956298828,52.72236633300781,38.199249267578125,426.51092529296875,3.3329999446868896,38.959999084472656,86.0767128206117,580.8918120746564,177.15486448984646,31.700000762939453,141.35000610351562,13732.416442661926,677.2000122070312,137.3657979135292,7.28000020980835,53.51736906474335,53.15130584223508,38.884522202709746,429.25670378197924,3.369999885559082,38.22999954223633,84.69570883619474,558.4211000026327,171.87409223836002,30.889999389648438,139.5500030517578,13334.509497220914,658.4000244140625,134.9281557838048,7.099999904632568,52.677101823002076,52.29342682378055,37.930696121879826,423.3990485917241,3.321000099182129,38.665000915527344,85.42255048471985,580.4137118178048,176.3577642097955,31.5,140.1999969482422,13732.416442661926,662.4000244140625,135.1990079706885,7.2220001220703125,53.42208024347674,52.66641630945089,38.72709315666985,426.8770235052028,3.359999895095825,1393384,374297,16703,216791,4551150,512885,2843,32161,1132098,1544266,2312482,1592966,2032963,242575,2856613
2024-09-19,35.474998474121094,87.22149658203125,575.6326904296875,177.1548614501953,33.209999084472656,146.14999389648438,13741.669921875,663.0,138.81033325195312,7.124000072479248,53.23044204711914,53.15130615234375,38.828956604003906,433.741455078125,3.299999952316284,37.4900016784668,88.02102447193951,581.8479935655562,179.44651901473748,33.31999969482422,148.3000030517578,13898.981968118687,682.7999877929688,139.35203762386993,7.326000213623047,54.54121601435993,53.24455263502406,39.412364282427006,433.741455078125,3.3919999599456787,34.654998779296875,84.51399290899766,568.4611868113774,174.81338226836294,31.770000457763672,142.75,13501.075027619949,657.5999755859375,134.20588741900355,7.124000072479248,53.23044204711914,52.03233057455356,38.375194291325656,427.883800085712,3.299999952316284,37.0,85.2590095816995,573.7202894648049,175.8097538004749,31.799999237060547,142.8000030517578,13519.58232717803,677.2000122070312,137.140089585305,7.193999767303467,53.90907289805375,53.15130615234375,38.375194291325656,433.1922938125702,3.364000082015991,13766493,581651,41271,287095,7350270,1085680,7724,39129,1164398,2391293,3106038,2623253,2809583,257411,1478194
2024-09-20,35.83000183105469,84.4958267211914,565.5925903320312,175.06248474121094,31.530000686645508,146.85000610351562,13029.1396484375,657.0,134.52188110351562,7.0879998207092285,52.1706657409668,51.976383209228516,38.45853805541992,424.40582275390625,3.2799999713897705,36.06999969482422,87.62126597075633,580.8917981854759,177.154871154635,33.43000030517578,148.0,13750.924373279919,678.2000122070312,139.03603818752623,7.184000015258789,53.89047780203101,53.2632017221717,39.06972587132044,434.1075506842315,3.319999933242798,35.3650016784668,83.8234962774159,548.8590817423261,172.92029191119133,31.299999237060547,145.0500030517578,12964.364096208052,653.4000244140625,133.6190496867135,7.00600004196167,52.059111494997694,51.30499716273626,38.29185014812239,420.10409211951514,3.2200000286102295,35.474998474121094,87.62126597075633,578.5012969583752,175.56067053455723,33.220001220703125,146.9499969482422,13741.670722961426,677.0,139.03603818752623,7.1479997634887695,53.54651326207084,53.188605248742135,38.893779094760276,430.17194617902425,3.319999933242798,9025759,1207590,106898,897195,10089960,2137442,13319,299151,1813739,8159382,7207147,7338703,5525399,339305,3227554
2024-09-23,36.334999084472656,83.35103607177734,565.114501953125,166.99188232421875,32.869998931884766,149.85000610351562,13278.9873046875,626.0,134.07046508789062,7.047999858856201,52.31940460205078,51.976383209228516,38.59744644165039,424.0397033691406,3.3310000896453857,36.35499954223633,84.85924435978302,573.720306551396,175.06248297285114,33.279998779296875,149.85000610351562,13417.792050032665,670.0,135.10871570438823,7.191999912261963,53.1560702913941,52.68506571387294,39.078988900172746,428.3414340719514,3.3469998836517334,35.3849983215332,82.18808395809369,558.8991986321515,164.65040303777351,31.450000762939453,145.1999969482422,12816.304820203613,621.4000244140625,132.71621796579072,7.010000228881836,52.02192425611659,51.435543659081915,37.838091977365096,407.93115896291886,3.2709999084472656,35.83000183105469,84.85924435978302,566.070702464044,175.06248297285114,31.790000915527344,147.0,13047.646062445558,657.0,134.4315921433383,7.179999828338623,52.988737153525435,52.18152617900375,38.31037203390495,427.88380433469507,3.299999952316284,3002336,341449,9676,528469,5882470,457677,3867,45553,584575,1344806,1519794,1538691,3706827,106039,1259611
2024-09-24,36.29999923706055,83.96885681152344,578.023193359375,170.92755126953125,33.79999923706055,157.14999389648438,13408.5400390625,634.4000244140625,136.73382568359375,7.400000095367432,53.45355224609375,53.486995697021484,39.54201126098633,429.2566833496094,3.4140000343322754,36.66999816894531,85.05912963720077,582.8041957858379,171.32609382874185,34.130001068115234,159.39999389648438,13501.07654726859,635.4000244140625,138.17836157041557,7.400000095367432,54.039218246260575,54.02783166416044,39.86612468856819,431.08720225515145,3.4560000896453857,36.21500015258789,83.47823507972986,565.1144868079249,165.64677874115839,32.869998931884766,156.0,13204.959721009101,624.7999877929688,135.01845137209364,7.059999942779541,52.83070386125018,52.34937018537997,38.63449013118571,426.69396805445126,3.3399999141693115,36.45000076293945,84.13239738878796,565.1144868079249,167.39042904369688,33.22999954223633,156.10000610351562,13278.988927573973,628.0,135.6052863270502,7.064000129699707,52.970145782840476,52.498566682224336,38.801178046105356,427.88379417045286,3.3399999141693115,2498119,395627,43388,288599,3934780,1415752,3411,46308,881888,2601417,2159701,2849595,1793095,196382,2457127
2024-09-25,36.58000183105469,84.07788848876953,568.461181640625,171.47555541992188,35.5,156.0500030517578,13889.728515625,624.0,135.7858428955078,7.363999843597412,53.13747787475586,53.39374923706055,39.71795654296875,425.5956726074219,3.4700000286102295,36.665000915527344,84.2232540438177,578.023186378062,171.67482669572584,35.54999923706055,157.85000610351562,14010.025964461192,636.4000244140625,137.2303787081446,7.466000080108643,53.6394772935414,53.82269230668273,40.19024012823063,428.7075493584657,3.499000072479248,36.0099983215332,82.16991965597353,566.0706804562658,168.38679743297703,34.040000915527344,154.6999969482422,13334.509520996418,622.0,134.02532434493543,7.300000190734863,52.830702816328355,52.74101674288065,39.264197761520904,422.02616610088614,3.3919999599456787,36.119998931884766,83.87800478530431,578.023186378062,170.87772638908615,34.20000076293945,157.14999389648438,13417.792370190706,634.4000244140625,137.2303787081446,7.381999969482422,53.620884328447985,53.09535622339965,39.56978990559804,428.7075493584657,3.436000108718872,2424765,252946,14143,296240,5088300,618375,5672,23323,361643,2245331,1876077,1353307,1846610,78634,3796327
2024-09-26,36.10499954223633,88.65702056884766,578.9793701171875,171.22645568847656,36.0,163.6999969482422,14491.2158203125,637.2000122070312,137.45608520507812,7.2820000648498535,51.63148498535156,54.25162887573242,39.3568000793457,426.6939697265625,3.4100000858306885,36.880001068115234,88.76604300554604,587.5851741321416,175.11229862350368,36.27000045776367,165.0,14750.318018887692,641.4000244140625,139.35203671835254,7.406000137329102,53.602293253559,54.94166134846322,40.53287429386059,430.17194448812097,3.5,35.94499969482422,84.22325662999626,567.0268645408624,170.3795337958414,35.34000015258789,158.1999969482422,13436.299726113506,624.2000122070312,136.3275459176801,7.214000225067139,51.46415183985563,53.69214289475473,38.98638172439396,425.3210805420259,3.4040000438690186,36.279998779296875,84.27777478008734,567.0268645408624,171.97373434547586,35.599998474121094,158.1999969482422,13510.328925706417,624.2000122070312,137.23037734759853,7.349999904632568,53.54651435631182,53.69214289475473,40.26432116314913,425.59564720633244,3.4800000190734863,4032561,637153,21385,295868,4634400,1172255,21363,32757,774242,2152225,3966081,2032516,1848965,148378,2190972
2024-09-27,36.06999969482422,87.60308837890625,584.2384643554688,173.6177520751953,35.9900016784668,163.5500030517578,14648.52734375,631.5999755859375,137.72694396972656,7.377999782562256,52.86788558959961,54.32622528076172,40.218021392822266,427.4261779785156,3.4200000762939453,36.45500183105469,88.63884308933764,587.5851658697799,174.3650307785319,36.56999969482422,164.39999389648438,14694.795591835122,637.5999755859375,137.95265183799026,7.389999866485596,52.86788558959961,54.60597182803697,40.33840789297905,427.4261779785156,3.440000057220459,35.91999816894531,86.89441483300496,573.720259596205,168.88498695406375,35.91999816894531,160.3000030517578,14343.156906388187,623.0,135.42472095821392,7.245999813079834,51.87318500037281,53.61754280190635,39.21789391318998,420.65326339984614,3.384999990463257,36.10499954223633,88.63884308933764,578.9793619758368,169.3831727562881,36.29999923706055,163.0,14407.932453707359,637.0,136.91438737830828,7.329999923706055,51.87318500037281,53.61754280190635,39.6253548267756,423.9482031204564,3.4000000953674316,3079810,351140,22185,161866,4326350,927401,4220,11689,363238,1180487,1948297,1035115,1662963,95785,2258957
2024-09-30,34.810001373291016,84.20508575439453,571.3297729492188,173.51809692382812,35.06999969482422,159.35000610351562,14611.513671875,617.4000244140625,132.6259307861328,7.199999809265137,51.93825912475586,52.20017623901367,38.967864990234375,415.8023681640625,3.3469998836517334,36.0,88.98409880457953,583.2822786594535,176.6566763844773,36.790000915527344,166.8000030517578,14750.318424932711,631.5999755859375,137.23037656283142,7.377999782562256,53.08169990101016,54.2516308387008,40.171719375996254,427.3346431310409,3.437000036239624,34.47999954223633,84.15057453784505,569.4173720355813,172.5217253877661,34.84000015258789,158.25,14352.411466167274,617.4000244140625,132.6259307861328,7.1519999504089355,51.826704878504245,52.20017623901367,38.95860258820769,415.8023681640625,3.322000026702881,35.915000915527344,88.67518573673524,583.2822786594535,172.5217253877661,36.29999923706055,164.3000030517578,14518.977169836528,631.0,137.23037656283142,7.375999927520752,52.96085094517323,54.158384357538985,40.171719375996254,422.3007160204275,3.437000036239624,4852435,297301,20469,341530,2731820,1000143,4138,25849,438761,2014979,2374263,2698601,2142261,113087,2284609
2024-10-01,34.70500183105469,82.86042022705078,567.9830932617188,170.9773712158203,34.20000076293945,162.0500030517578,14852.1083984375,605.5999755859375,131.22654724121094,7.1020002365112305,53.01662826538086,51.155799865722656,39.0789909362793,414.2464599609375,3.3450000286102295,35.54999923706055,84.5866804258939,582.804200914171,174.71376468466758,35.0,163.25,15138.971551304518,619.2000122070312,134.43158763514091,7.288000106811523,53.08170187363303,52.535868395465194,39.4216256434866,421.9346342613954,3.388000011444092,34.650001525878906,82.42431661935387,564.1582912868923,170.8777279752815,34.11000061035156,154.0,14528.230645200545,601.2000122070312,129.69172286674382,7.053999900817871,51.31541264840234,50.78280683298135,38.514104493339026,410.0362606271261,3.2869999408721924,34.91999816894531,84.47765798984061,582.804200914171,173.66757147270556,35.0,160.5,14713.303647050234,617.4000244140625,134.43158763514091,7.288000106811523,52.20785374407126,52.368021886444126,39.17159376550133,415.8023843695936,3.3469998836517334,3184525,290475,26016,261610,2747830,950959,4125,24120,584914,1973148,2667875,2287962,1739830,98501,2012210
2024-10-02,34.71500015258789,82.58785247802734,562.7239990234375,169.08425903320312,34.15999984741211,163.35000610351562,14870.615234375,603.7999877929688,129.51116943359375,7.061999797821045,54.476139068603516,51.099849700927734,39.23641586303711,411.3175964355469,3.365000009536743,35.154998779296875,84.25959443141508,572.7641043586051,172.37228838410502,34.77000045776367,163.35000610351562,15064.941880250468,618.7999877929688,132.17451946998466,7.1539998054504395,54.755029996830785,51.82718575702897,39.4401463233508,416.9922162697753,3.388000011444092,34.439998626708984,82.15174196355058,557.9429964828815,168.43662356862097,33.630001068115234,159.85000610351562,14685.542238303127,602.0,128.7437709626959,7.0320000648498535,52.89577605529148,50.72686022635355,38.671529428582915,409.21251084657615,3.318000078201294,34.9900016784668,82.67870681345207,567.983101818049,171.0770022515165,34.0,161.0,14759.571436731876,606.0,131.31683234316247,7.099999904632568,52.988737333870255,51.17444973011768,38.98638398880797,411.866757698779,3.36899995803833,1550632,229354,15034,252354,1529990,511174,2431,11392,410780,1443214,2410839,1094303,1214376,67969,2033334
2024-10-03,34.45500183105469,80.08023071289062,551.7276611328125,167.19114685058594,33.81999969482422,158.85000610351562,14574.4990234375,590.0,127.07352447509766,6.97599983215332,53.40707015991211,50.279266357421875,38.58818435668945,402.5310974121094,3.367000102996826,34.709999084472656,82.04271758378029,563.6801667899358,171.22645461373838,34.400001525878906,163.0,14944.645030381944,608.0,129.1500395308017,7.084000110626221,54.45754962943611,50.95065238084075,39.43088631545529,409.94470458898763,3.372999906539917,33.880001068115234,79.97120135392744,548.8590597751029,163.90311773974236,33.619998931884766,158.5500030517578,14491.216171875,585.7999877929688,125.99012950833037,6.921999931335449,53.2211440565789,50.074123394696755,38.58818435668945,400.3344803049052,3.2960000038146973,34.43000030517578,81.8610019855083,562.7239663373659,167.14132523308072,34.2400016784668,162.3000030517578,14944.645030381944,602.0,128.02150023706196,7.03000020980835,54.37388306024844,50.353866385412914,39.35680122927183,407.29045775397003,3.365000009536743,1994119,491664,11563,268261,2990910,514352,3833,19639,926026,1900087,1201749,1911542,2055045,64299,2601639
2024-10-04,34.099998474121094,80.2437744140625,551.2495727539062,169.88134765625,34.0,161.0,14768.826171875,583.7999877929688,128.2923583984375,6.9120001792907715,53.63947677612305,50.428466796875,38.45853805541992,407.0158996582031,3.3380000591278076,34.58000183105469,81.31587222457233,559.3772767754296,171.37590496700878,34.400001525878906,161.0,14870.616327194939,593.5999755859375,129.10490121733133,7.093999862670898,54.383177641458,50.74550624687241,38.85673655256721,407.0158996582031,3.4149999618530273,34.08000183105469,79.77132770361787,546.9466706248645,167.39041880498533,33.58000183105469,157.9499969482422,14574.49951171875,580.2000122070312,126.35126245712327,6.909999847412109,53.602290846294935,49.83167723978391,38.13442464265875,396.6734508329933,3.311000108718872,34.45500183105469,80.8615936087926,554.1181741732674,167.39041880498533,34.189998626708984,158.85000610351562,14574.49951171875,590.0,127.75065400176491,6.9720001220703125,53.91836415734297,50.353866768316685,38.62522596271745,402.7141689535978,3.3580000400543213,1732103,254927,9774,402929,3166610,362312,3022,15474,752159,1590830,1332692,1561644,1105152,106051,2313221
2024-10-07,34.1150016784668,80.15292358398438,560.33349609375,168.1376953125,35.9900016784668,161.60000610351562,14731.8115234375,579.5999755859375,127.93121337890625,6.914000034332275,52.04051971435547,50.484413146972656,38.069602966308594,409.2125244140625,3.3299999237060547,34.59000015258789,81.57027070906946,561.2896965990294,172.72101042164698,36.2400016784668,161.60000610351562,14842.855328890546,591.7999877929688,130.00772846375867,7.039999961853027,53.78821949013778,50.96930266012946,38.68079079836317,411.6837082832863,3.380000114440918,33.904998779296875,79.73498807099112,551.2495912935954,167.3405950495932,34.0,158.60000610351562,14565.24581525793,568.7999877929688,126.53182187980259,6.834000110626221,51.67796574701802,49.70113063450785,37.75474841448827,403.72096746267226,3.2730000019073486,34.119998931884766,80.86159714652692,551.2495912935954,171.17663151290682,34.0,161.0,14842.855328890546,587.2000122070312,129.6466013951385,6.921999931335449,53.5465144810824,50.820106160475454,38.61596811409764,410.1277839059609,3.3299999237060547,2220188,284055,29414,184464,6988300,277379,1838,21874,352776,1876450,2257394,1541133,1171425,75998,2574024
2024-10-08,34.29999923706055,80.2437744140625,533.081787109375,170.23008728027344,35.70000076293945,154.89999389648438,14528.2314453125,588.7999877929688,129.6917266845703,6.811999797821045,51.31541061401367,51.304996490478516,38.30111312866211,411.95831298828125,3.2760000228881836,34.29999923706055,81.17049974028687,560.8116020442125,170.23008728027344,36.459999084472656,157.35000610351562,14796.587312773687,600.0,130.91055459991168,6.9120001792907715,52.30081295490657,51.84583247641321,38.56966626476261,416.3515474844856,3.311000108718872,33.81999969482422,79.22618781928892,528.7788847919003,166.59332196052546,35.619998931884766,154.0500030517578,14343.158433270302,567.5999755859375,125.94498183922536,6.78000020980835,51.138779216121144,49.83167792045346,37.53249626311337,404.1786071164376,3.2239999771118164,33.900001525878906,79.89852516149686,554.5962986967489,166.89223646951376,35.900001525878906,156.1999969482422,14593.00699952727,570.5999755859375,126.57696107172626,6.849999904632568,52.05911149758724,50.279267426541715,37.782528127837494,406.64979104623865,3.2880001068115234,3227522,222568,40908,250904,7020740,416144,2560,35239,478014,1731442,1948542,2281676,1230920,68364,4476777
2024-10-09,34.439998626708984,84.55033111572266,563.68017578125,170.9773712158203,35.61000061035156,155.0,14639.2744140625,601.2000122070312,134.97329711914062,6.822000026702881,51.789520263671875,52.98345947265625,38.8104362487793,427.24310302734375,3.2839999198913574,34.8650016784668,84.73204671541626,563.68017578125,172.72102150128237,36.43000030517578,156.4499969482422,14731.8109147835,607.0,135.3344241762378,6.883999824523926,51.938260444535445,53.207256010366784,39.208634757291364,432.00246337269454,3.308000087738037,33.93000030517578,79.78949331161206,527.8226582379135,168.28715575551112,35.459999084472656,153.4499969482422,14278.382061250592,579.7999877929688,128.51805798475783,6.78000020980835,51.19455954021759,50.87605837937302,38.041822905478554,409.1209769652425,3.24399995803833,34.375,80.22560381913534,533.0817608109362,169.68208510593513,35.70000076293945,155.0,14546.737913341498,589.5999755859375,130.0528686415921,6.78000020980835,51.315412045371005,50.87605837937302,38.33815618633804,417.35831207192524,3.2799999713897705,3491103,544622,49609,268502,2356180,399555,2258,26272,785410,1565382,1822962,2070666,1946340,141771,2709705
2024-10-10,34.44499969482422,85.27718353271484,562.2459106445312,167.9384307861328,35.68000030517578,155.4499969482422,14643.9990234375,601.5999755859375,133.66419982910156,6.814000129699707,51.501338958740234,53.07670593261719,37.98625946044922,424.86346435546875,3.3589999675750732,34.92499923706055,86.47647881831745,575.6327180408297,171.52535930800397,36.13999938964844,156.0,14861.297073462702,609.5999755859375,136.05669767728975,6.949999809265137,52.02192782673389,53.41239896047848,39.356801780911205,431.0872176844693,3.3589999675750732,34.20000076293945,83.96885888233321,560.8116098520708,167.3904233831817,34.90999984741211,153.14999389648438,14596.760316910282,591.4000244140625,133.30305898099738,6.783999919891357,51.22244801231999,52.666416430300764,37.55101840444924,423.3075120574672,3.250999927520752,34.459999084472656,85.18632919460315,563.6802114369918,170.47918132459796,35.59000015258789,155.6999969482422,14766.819660408268,600.0,134.9733026852067,6.849999904632568,51.96615247444639,52.983459450266956,39.125291182199966,429.16516717855643,3.2869999408721924,1621657,603444,27359,245708,3218720,326798,2466,51782,597930,2539250,1808472,2272616,3602683,108363,7553179
2024-10-11,35.71500015258789,85.93134307861328,579.45751953125,160.56527709960938,34.959999084472656,158.9499969482422,14766.8193359375,611.2000122070312,136.32754516601562,6.932000160217285,51.76163101196289,54.23297882080078,38.365936279296875,426.6939697265625,3.3929998874664307,35.90999984741211,87.9846773941444,581.3699205858086,169.08425731185713,36.08000183105469,158.9499969482422,15012.460604481566,616.7999877929688,138.04291936295687,6.953999996185303,52.235739215828474,54.51272181104229,38.42150009410249,428.6159922397121,3.4200000762939453,34.48500061035156,85.22266955982454,556.9868071401867,156.18124814532086,34.959999084472656,155.0,14700.68514825256,595.2000122070312,133.21277950519377,6.802000045776367,51.5013365899383,53.151303316641844,37.60658180647688,424.4058210856682,3.325000047683716,34.5,85.2953488689182,563.202110567502,167.93843605436157,36.0,155.4499969482422,14738.476112643953,601.5999755859375,133.34819870848912,6.814000129699707,51.84529758279159,53.35644983614401,37.96773777128501,425.2295490100898,3.3450000286102295,1784675,379920,19698,803224,2762260,434665,1441,18744,691794,830188,1230198,1854607,1858516,56813,2265854
2024-10-14,35.005001068115234,87.0034408569336,576.5888671875,160.16673278808594,35.040000915527344,156.1999969482422,15021.908203125,612.2000122070312,136.6886749267578,6.880000114440918,51.31541061401367,54.2889289855957,38.30111312866211,429.7143249511719,3.385999917984009,35.599998474121094,87.22149264766514,580.413668959888,163.40494044943136,35.56999969482422,158.75,15154.176577240567,621.5999755859375,137.41094283620637,6.998000144958496,52.245037605042015,54.79246494651504,38.54188259141239,433.283831329322,3.4070000648498535,34.790000915527344,85.71328434339671,569.8954640858209,159.02091154313325,34.43000030517578,155.5500030517578,14757.37145489387,611.4000244140625,135.37957208994672,6.840000152587891,51.31541061401367,53.934585966550515,37.88439335412191,427.06007805108607,3.3310000896453857,35.400001525878906,86.403789767745,577.0669674090485,161.5616469300652,34.97999954223633,158.75,14776.266936910379,615.4000244140625,136.28240353272878,6.949999809265137,52.19855696473971,54.19567895051796,38.44001736512797,427.06007805108607,3.4070000648498535,1629273,185859,14655,283855,4700640,387252,5146,12502,345855,577330,1313747,1570251,962471,46259,2151411
2024-10-15,34.77000045776367,86.65818786621094,567.9830932617188,164.40130615234375,34.400001525878906,153.75,15069.1474609375,613.5999755859375,136.05670166015625,6.938000202178955,50.88778305053711,54.307579040527344,38.514102935791016,430.1719665527344,3.3989999294281006,35.099998474121094,87.40320453270876,581.8480004204644,164.84967031025639,35.77000045776367,155.5,15239.206805324256,620.0,137.6818010839107,6.96999979019165,51.59429800338863,54.75516853792007,38.59744689174893,432.4601153109936,3.434000015258789,34.6150016784668,85.22267268170947,564.6363915337456,159.86781254806414,34.20000076293945,151.75,15012.461012808582,612.0,135.56014158954864,6.771999835968018,50.26493112248456,54.02783249217241,38.078861884391756,427.0600898278025,3.377000093460083,35.005001068115234,87.00344405695446,577.0669979519314,160.16672705448036,35.400001525878906,154.64999389648438,15182.520357195337,615.4000244140625,137.23038534265197,6.869999885559082,51.31541061532212,54.363525504498234,38.347415023875186,432.4601153109936,3.3989999294281006,2420563,283588,24246,309317,2771510,469778,2589,12029,466991,2087097,2768212,1702816,1467917,62889,5959500
2024-10-16,35.2599983215332,87.69393920898438,580.4136962890625,164.3514862060547,34.59000015258789,157.6999969482422,15295.8935546875,617.5999755859375,136.4629669189453,6.949999809265137,50.58100509643555,54.66191864013672,38.2825927734375,437.95166015625,3.4130001068115234,35.2599983215332,89.27483375154328,586.1508992177846,164.3514862060547,34.959999084472656,158.89999389648438,15437.609677800725,617.5999755859375,137.14009050030188,6.97599983215332,51.055113307664875,55.37060468063345,38.578926057408545,438.8669196341105,3.433000087738037,34.599998474121094,85.69511611170901,555.5524835979329,160.36599995575486,34.02000045776367,153.64999389648438,14908.536151511349,601.5999755859375,133.79961692083245,6.800000190734863,50.06971095398357,54.083782649192116,37.88439426074427,428.52449870688787,3.3529999256134033,34.77000045776367,86.34927841459664,568.4611901875579,164.00276528120756,34.45000076293945,154.0,15069.147757706338,608.0,136.0566955253543,6.909999847412109,50.99003970114802,54.30757917701349,38.523362241949705,433.7414609717912,3.3989999294281006,2810128,1045870,104342,216380,5491740,537460,3120,15301,371139,1577181,7062437,4831591,2659621,219154,1458726
2024-10-17,34.845001220703125,85.0046157836914,566.0706787109375,158.9212646484375,33.290000915527344,153.89999389648438,15097.490234375,593.7999877929688,131.81338500976562,6.794000148773193,49.781524658203125,53.505645751953125,37.66214370727539,420.1040954589844,3.3949999809265137,35.65999984741211,88.56616554270072,584.7165878914498,164.3016650191155,34.650001525878906,156.64999389648438,15428.161171923888,621.7999877929688,137.18522910939288,7.007999897003174,50.70185693963011,55.258703702172,38.42150174530082,440.23980373806427,3.4489998817443848,34.79999923706055,84.89559334783623,564.1582777693465,157.07797117145924,33.13999938964844,153.0,14927.430895064143,593.5999755859375,131.81338500976562,6.788000106811523,49.66997041223321,53.30049923468546,37.5973210201687,419.3718990578006,3.361999988555908,35.2400016784668,87.83931695553754,580.41368577287,164.3016650191155,34.52000045776367,155.89999389648438,15314.788279049984,617.5999755859375,136.55324988169212,6.934000015258789,50.58100443785281,55.016260728503454,38.24555142380709,440.23980373806427,3.434999942779541,2064906,441761,16235,220489,3034490,362231,3709,13390,586977,922708,1598371,1794569,1985630,55657,3397214
2024-10-18,35.0,85.85865783691406,565.5925903320312,159.86781311035156,33.38999938964844,157.6999969482422,15031.35546875,614.2000122070312,134.79273986816406,6.843999862670898,49.64208221435547,53.822689056396484,38.37519454956055,424.4973449707031,3.3949999809265137,35.0,86.89441251977243,575.6326954858542,160.01727796579704,33.70000076293945,158.5500030517578,15286.444467905405,617.0,136.28240626820946,6.881999969482422,50.478744369684414,54.494071518026885,38.699311498675,431.8194209714501,3.4260001182556152,34.474998474121094,85.4588904394103,565.5925903320312,151.44847650331886,33.22999954223633,156.0500030517578,14757.370988175675,600.0,131.99395682891628,6.815999984741211,49.64208221435547,53.22590306511387,37.930694635770806,421.20243311556965,3.365000009536743,34.849998474121094,85.4588904394103,569.8954925408125,157.02816329796838,33.70000076293945,156.25,15078.594172297297,600.2000122070312,131.99395682891628,6.8480000495910645,49.97674494873974,53.22590306511387,38.152946358951326,421.20243311556965,3.4260001182556152,1222208,96328,9394,332890,1928150,308483,3564,10901,363214,872363,1429140,953936,1725223,60646,2077601
2024-10-21,34.70000076293945,84.95010375976562,553.6400756835938,155.83250427246094,33.369998931884766,159.5500030517578,14946.3271484375,600.0,131.31683349609375,6.843999862670898,49.94886016845703,52.423973083496094,37.634361267089844,419.554931640625,3.4119999408721924,35.0,86.60367769471813,582.3260899677177,160.76455560560532,33.970001220703125,162.39999389648438,15116.386496523388,615.0,134.9733036752963,6.934000015258789,50.36719304348512,53.89728812588347,38.523361092476705,429.16515598810037,3.4619998931884766,34.209999084472656,84.95010375976562,552.2057749693876,154.7365046899803,33.0099983215332,159.0500030517578,14832.954249713575,600.0,130.86541776473823,6.754000186920166,49.38178710966847,52.423973083496094,37.430630815724456,416.80915325563205,3.3929998874664307,34.849998474121094,85.4407255116845,582.3260899677177,159.8678120889321,33.400001525878906,160.0,15059.700047161425,614.5999755859375,134.9733036752963,6.8520002365112305,49.64208509093357,53.89728812588347,38.375194454912226,429.16515598810037,3.4100000858306885,956864,344071,10925,237582,1752940,545134,1658,10267,563784,1041886,1693806,1979615,1928204,56889,4298925
2024-10-22,34.47999954223633,82.89675903320312,540.2532958984375,158.0245361328125,33.22999954223633,160.10000610351562,14341.6708984375,591.7999877929688,129.6917266845703,6.625999927520752,49.05641555786133,51.771236419677734,37.143558502197266,411.3175964355469,3.4200000762939453,35.20000076293945,85.2226702361963,557.4649053252904,159.4194502410523,33.54999923706055,161.9499969482422,14899.08761978652,606.7999877929688,132.35509036801147,6.880000114440918,50.19985630367332,52.666415439042424,37.68992361938697,420.287155917666,3.440000057220459,34.38999938964844,82.49699856892019,537.8627945891524,155.2845143317944,33.0099983215332,158.1999969482422,14256.641229079174,585.5999755859375,128.78889527353644,6.539999961853027,48.80541585079351,51.47284341322283,36.92130678818317,411.3175964355469,3.369999885559082,34.70000076293945,84.95010029677208,557.4649053252904,155.48378560391103,33.349998474121094,159.5500030517578,14776.266986268938,596.5999755859375,132.0842381894785,6.880000114440918,50.19985630367332,52.666415439042424,37.652881078289425,419.92102978784317,3.4119999408721924,2328304,441561,16746,392406,4111800,435614,5721,16077,1052288,2899964,1975793,2365948,2574183,96941,6745477
2024-10-23,34.28499984741211,82.96944427490234,534.994140625,160.51547241210938,33.0099983215332,154.6999969482422,14549.521484375,590.0,132.12937927246094,6.636000156402588,49.05641555786133,52.31207275390625,37.69918441772461,415.61932373046875,3.5,34.494998931884766,83.07847363570662,543.1218442806077,160.51547241210938,33.459999084472656,159.6999969482422,14672.342120282061,596.0,132.4905063175659,6.6479997634887695,49.288822300007965,52.59181931178161,37.726968091255245,417.54137417055193,3.5,33.92499923706055,81.64295157795341,529.7350382596068,157.47653596168675,32.529998779296875,153.0,14096.029905641233,580.2000122070312,129.3305964564996,6.547999858856201,48.46145486536522,51.54744022519748,36.921308677722294,402.71415984019836,3.3919999599456787,34.380001068115234,83.02395548943377,541.6875436355004,158.07434980548229,33.0,159.3000030517578,14332.223436231738,596.0,130.63969921514717,6.630000114440918,49.195857475402036,51.54744022519748,37.162081674607315,404.81924541221684,3.4130001068115234,2603463,310105,16188,254997,2728370,649699,6716,12163,675578,2025523,1744288,1593420,1915578,118335,2392155
2024-10-24,34.45500183105469,81.2431869506836,540.2532958984375,158.7220001220703,32.349998474121094,154.75,14643.9990234375,577.7999877929688,131.31683349609375,6.6539998054504395,49.3446044921875,52.38667297363281,37.764007568359375,413.3311767578125,3.5829999446868896,34.779998779296875,84.04154492085549,548.8591006118639,160.4158288142063,33.65999984741211,157.4499969482422,14899.088038684476,595.4000244140625,132.67108069016027,6.78000020980835,49.995340576686665,53.33780202531597,38.180727350755255,418.8227335049982,3.700000047683716,34.2400016784668,80.71622208648077,536.9065940654383,157.47653561264326,32.349998474121094,154.10000610351562,14473.939679939516,574.7999877929688,129.9174419736687,6.613999843597412,48.9913452275696,51.789886954645404,37.45841541631664,411.04302811315176,3.5,34.5,84.04154492085549,540.2532958984375,159.3198139645408,33.0,155.1999969482422,14530.626127772179,595.4000244140625,132.26480928716327,6.659999847412109,49.23304669520562,52.349372958164786,37.71770615533125,418.8227335049982,3.5,2067601,314259,11514,201921,4255130,356881,3084,16238,558982,1602110,1439643,2173639,1465956,43970,2961648
2024-10-25,34.810001373291016,80.53451538085938,535.4722900390625,158.12416076660156,32.22999954223633,155.25,14653.4462890625,578.0,130.72999572753906,6.889999866485596,50.03252410888672,52.16287612915039,37.930694580078125,410.3108215332031,3.700000047683716,34.810001373291016,81.20684581578614,543.5999944414411,159.41944681263888,32.540000915527344,156.85000610351562,14757.371440048759,580.0,131.49739418857246,6.9079999923706055,50.27422911117352,52.51721915974846,38.134425031646856,417.81596058487554,3.7179999351501465,34.10499954223633,79.51692874906446,529.7350869315011,156.8786963383778,31.93000030517578,152.8000030517578,14407.805023094978,571.0,128.51806144697346,6.624000072479248,49.04711822695885,51.75258663280673,37.61584003336794,408.2972673977201,3.559999942779541,34.584999084472656,81.20684581578614,541.2094931466239,158.77181139133182,32.29999923706055,154.4499969482422,14643.998548063748,577.5999755859375,131.4071193099233,6.650000095367432,49.3446021250608,52.40532267113205,37.7640066710803,417.81596058487554,3.6070001125335693,1791739,339832,17409,199292,1887590,430610,2986,13319,829973,1931008,1294410,1320769,1340997,62753,2946627
2024-10-28,35.0,79.51692962646484,526.3883666992188,160.4158172607422,33.27000045776367,154.6999969482422,14729.0283203125,576.7999877929688,129.51116943359375,6.973999977111816,49.76293182373047,51.69663619995117,37.55101776123047,410.7684326171875,3.7709999084472656,35.70000076293945,81.38856232580629,545.0342761463301,160.81435979368536,33.27000045776367,155.5,14899.08765948224,588.5999755859375,132.4905159896051,7.026000022888184,50.106896364597894,52.815611748616824,38.134425449109486,415.61932449214453,3.7880001068115234,34.810001373291016,79.22619157584994,523.9978654880506,158.32343095423283,32.27000045776367,152.5500030517578,14643.99865072763,572.2000122070312,128.7437709626959,6.909999847412109,49.307416582845256,51.37959318711466,37.55101776123047,408.29724884526775,3.694000005722046,34.810001373291016,80.71622495171904,532.6036698482559,158.5227174241275,32.4900016784668,155.4499969482422,14653.446391792615,580.2000122070312,131.8133923985168,6.909999847412109,50.023229793339,52.49856873578031,37.96773753828691,408.29724884526775,3.7200000286102295,2436433,228565,18996,150810,1734110,326496,2383,14275,443200,1053379,988924,1412364,1127395,56999,4621635
2024-10-29,35.529998779296875,83.09664154052734,528.7788696289062,162.20928955078125,33.5,154.64999389648438,14757.3720703125,596.4000244140625,133.79962158203125,7.079999923706055,49.2330436706543,53.6175422668457,38.14368438720703,440.0567321777344,3.7799999713897705,35.654998779296875,83.24201402126829,537.3846740170801,162.20928955078125,33.619998931884766,157.14999389648438,14804.610777323744,598.7999877929688,133.79962158203125,7.079999923706055,49.96744983089568,53.6175422668457,38.245549614289835,442.98557358893964,3.819999933242798,34.95500183105469,79.51692391730771,514.4358623152831,159.1205316992566,33.0099983215332,152.89999389648438,14568.417242267526,573.2000122070312,129.51117208404233,6.961999893188477,48.944861578436004,51.75258427495542,37.597319241321266,412.8735432845869,3.750999927520752,34.9900016784668,79.91669130760391,537.3846740170801,159.91763197094906,33.27000045776367,154.0,14795.163035921494,582.2000122070312,129.51117208404233,6.973999977111816,49.96744983089568,51.75258427495542,37.597319241321266,412.8735432845869,3.7699999809265137,2277672,255899,16009,199776,1752060,499327,2089,15041,941754,1351028,1900192,2694807,1242337,227652,2483632
2024-10-30,35.84000015258789,80.80708312988281,488.1403503417969,160.36599731445312,32.59000015258789,152.1999969482422,14181.0595703125,567.0,129.55630493164062,7.019999980926514,48.70315933227539,52.21882629394531,37.05095291137695,420.8363037109375,3.759999990463257,36.525001525878906,83.24201680993441,526.3883699572168,163.05619744841198,33.41999816894531,156.3000030517578,14757.37178469562,596.2000122070312,132.80650345779281,7.079999923706055,49.34460424991186,53.61754485539028,38.13442429904828,441.3381386994442,3.813999891281128,35.560001373291016,80.64354254944124,488.1403503417969,158.77181196264425,32.33000183105469,149.85000610351562,13925.970557388824,567.0,129.33059708332766,6.947999954223633,48.50793850788415,52.06962978967619,36.81018345443401,420.37867396443517,3.7330000400543213,35.650001525878906,83.09664432432338,525.910269712024,162.20929075622632,33.369998931884766,155.0,14757.37178469562,596.2000122070312,132.7162148080221,7.0320000648498535,49.084306271144534,53.375101869874925,38.13442429904828,441.155075628242,3.7799999713897705,3756357,204812,23479,197295,2464410,547498,4265,18276,452740,2780984,1817288,2495585,2229118,93510,1897813
2024-10-31,35.119998931884766,79.40790557861328,479.0564270019531,160.16673278808594,33.16999816894531,149.4499969482422,13708.671875,561.7999877929688,126.57696533203125,6.892000198364258,48.42427062988281,52.03232955932617,36.76388168334961,409.7616882324219,3.7049999237060547,35.7599983215332,80.18926537348841,491.4870328922234,160.615096962049,34.709999084472656,152.85000610351562,14218.849877239834,576.0,128.65348040252294,6.96999979019165,48.5079372018329,52.47991907028406,36.949090858261,426.8770240779842,3.744999885559082,34.8650016784668,79.13533562905525,476.5702999877147,155.9819751587243,32.54999923706055,148.64999389648438,13689.776393435563,546.5999755859375,126.57696533203125,6.803999900817871,47.82930991656909,51.472843559910125,36.56941363934968,409.7616882324219,3.6459999084472656,35.52000045776367,79.98938166804476,488.14033130638137,158.42308250889994,32.54999923706055,150.10000610351562,14171.61117332874,561.2000122070312,128.20206468181235,6.966000080108643,48.480049526598066,51.84583304047908,36.949090858261,420.92783734381214,3.744999885559082,2372948,288335,42665,314535,5553150,1270522,6174,37571,1034138,2227118,1738894,4491728,1623469,128041,2521280
2024-11-04,35.22999954223633,82.87859344482422,495.3118591308594,160.01727294921875,34.38999938964844,152.1999969482422,14067.6875,575.7999877929688,130.3688507080078,6.949999809265137,48.83330535888672,54.04648208618164,37.4861946105957,421.93463134765625,3.6710000038146973,35.404998779296875,82.95127968843411,496.268059631112,161.21291573818186,34.619998931884766,153.3000030517578,14086.582983546004,578.4000244140625,130.3688507080078,6.949999809265137,49.140083972238536,54.36352508905262,37.62510237874219,423.4905836770711,3.7300000190734863,34.880001068115234,79.97120608610383,480.96885162707,157.02815837509954,32.86000061035156,150.14999389648438,13793.702988582942,567.7999877929688,127.66035646524216,6.835999965667725,48.42427075399655,52.274774117182126,36.66201746877379,409.8531947221502,3.6540000438690186,35.119998931884766,80.69805465871936,484.3155533779542,160.41581547773214,33.56999969482422,153.14999389648438,13897.628148085965,577.0,128.0666416225483,6.892000198364258,48.72175111141587,52.4053206082834,37.3935917868789,410.1277893322546,3.671999931335449,2375444,304194,32200,331127,2741530,440148,3279,15138,832269,1504103,1424214,3232738,1452113,174566,810974
2024-11-05,34.4900016784668,82.86042022705078,483.3593444824219,160.8641815185547,33.88999938964844,149.8000030517578,13822.044921875,572.5999755859375,129.55630493164062,6.889999866485596,48.43356704711914,54.08378219604492,37.43989181518555,425.22955322265625,3.5859999656677246,35.29999923706055,83.3873851071146,498.1804519789155,162.60783170733555,34.58000183105469,153.60000610351562,14067.686185011535,578.0,129.87230142972427,7.046000003814697,49.065713713863325,54.214328687378114,37.69918253806781,425.22955322265625,3.6700000762939453,34.22999954223633,82.00638110708522,476.57031521235956,158.7219887965646,33.619998931884766,147.85000610351562,13633.090104077666,565.2000122070312,128.11176919199215,6.826000213623047,48.21975325487415,53.617542694354874,37.06947346886419,418.1820441662845,3.5490000247955322,35.22999954223633,82.75139779099749,497.2242514952708,161.2129176376801,34.5,153.0,14067.686185011535,578.0,129.1951778847854,6.96999979019165,49.04712074763606,54.04648218219969,37.55101590605349,422.8498730262514,3.6700000762939453,1508626,262449,21846,202230,2595960,540876,2523,17276,534175,1650118,1802504,2796388,1085718,86286,1984422
2024-11-06,34.775001525878906,81.97003173828125,477.90899658203125,159.07070922851562,34.400001525878906,145.60000610351562,13869.2841796875,570.4000244140625,130.1431427001953,6.771999835968018,48.22904968261719,55.14680862426758,37.55101776123047,428.5245056152344,3.509999990463257,35.04999923706055,84.62301710012632,491.48705530764687,161.36236679605733,34.7599983215332,151.89999389648438,14209.402865292916,591.2000122070312,133.12248911892917,6.946000099182129,49.06571185364975,56.06063763619409,38.227028273979215,436.1211482313428,3.609999895095825,34.47999954223633,81.97003173828125,477.7177739912438,158.27362416452115,33.88999938964844,145.10000610351562,13793.702249552964,569.7999877929688,129.3305999387743,6.723999977111816,48.052418283277596,54.38217611312244,37.42137239338432,425.22956585551754,3.494999885559082,34.619998931884766,82.20625855129909,480.01264934715704,160.11690237928715,33.900001525878906,149.10000610351562,13869.2841796875,572.4000244140625,130.00772349866318,6.940000057220459,48.991343537805896,54.43812613483739,37.47693620784895,425.22956585551754,3.5880000591278076,1753530,154662,27888,229351,2312420,684373,2887,18231,958675,2160056,2138510,3853921,1280166,123862,1476749
2024-11-07,35.130001068115234,88.18456268310547,496.2680358886719,162.4085693359375,34.5,151.4499969482422,14124.3720703125,597.5999755859375,140.48057556152344,6.9120001792907715,49.92097091674805,55.9487419128418,38.62522506713867,444.45001220703125,3.566999912261963,35.29999923706055,88.22090580417935,504.3957397519738,162.4085693359375,34.97999954223633,151.4499969482422,14256.64043752613,605.2000122070312,140.48057556152344,6.920000076293945,50.54381930838674,56.787974464384504,38.93082073428891,445.6398383668167,3.5840001106262207,34.505001068115234,82.93310299340709,473.12797321725515,159.31981132241205,34.20000076293945,147.3000030517578,13793.701152278429,570.5999755859375,131.99395188145814,6.788000106811523,48.34060429776432,54.97896286597582,37.634360048161945,426.96855042951165,3.509999990463257,34.89500045776367,83.47823594603217,479.05642770756185,159.41945456288343,34.20000076293945,148.5,13888.17855743102,570.5999755859375,133.61905120539527,6.800000190734863,48.52653040815869,55.14680937628436,37.68992386016322,426.96855042951165,3.509999990463257,1651776,475090,50916,180619,1635240,461663,1886,17316,3874168,2251278,4591770,5389922,1486029,98249,2477928
2024-11-08,34.650001525878906,87.03978729248047,484.3155517578125,160.4158172607422,39.400001525878906,146.64999389648438,13935.41796875,584.0,140.02915954589844,6.923999786376953,48.898380279541016,55.55710220336914,38.10664367675781,433.6499328613281,3.609999895095825,35.29999923706055,88.74787242646048,501.5271607047831,164.00276087092305,39.81999969482422,151.4499969482422,14256.641162605933,599.2000122070312,141.56397021337236,7.01200008392334,50.12548767343474,56.30308471444761,38.70856907778434,444.45001154424915,3.681999921798706,34.459999084472656,86.3492818418325,480.96885001812376,159.91763149285168,36.5,145.8000030517578,13840.940558792374,578.0,137.95264451290936,6.835999965667725,48.69386474472252,54.717869655202605,37.754746598689714,430.8126508027626,3.553999900817871,35.29999923706055,88.49347750562747,501.04906045625614,162.4085603323042,36.5,151.0,14171.611493644068,599.2000122070312,141.29311803061478,6.909999847412109,50.12548767343474,56.041988167726245,38.625225125941135,444.45001154424915,3.609999895095825,1291422,345862,19040,197927,10153040,431869,1901,13813,1122554,1822455,2108404,3892729,1180139,80226,2789425
2024-11-12,34.20500183105469,85.94951629638672,477.5265197753906,160.81436157226562,40.439998626708984,133.14999389648438,13500.822265625,579.0,138.67491149902344,6.73799991607666,46.843902587890625,54.68056869506836,37.84735107421875,431.81939697265625,3.5169999599456787,34.79999923706055,88.4207931781614,487.66225082479656,161.71110508644023,41.5,140.89999389648438,13982.65707006648,593.7999877929688,142.37651205206046,6.9679999351501465,49.3631908328591,56.19118369852792,38.27333325369124,441.7042157832079,3.6600000858306885,33.90999984741211,85.54975581144684,475.42289620195527,158.97108333273826,38.779998779296875,133.0500030517578,13491.374524361441,573.0,138.31377066567634,6.71999979019165,46.806716657882966,54.550022202527124,37.69918443475003,429.3482132186446,3.4830000400543213,34.650001525878906,86.49464927166247,487.66225082479656,160.41581903491465,39.400001525878906,140.25,13944.866105012246,585.0,140.02915862781813,6.861999988555908,48.8983773464998,55.55710124291692,38.06034039766933,434.38214018939266,3.619999885559082,3423021,480052,54792,173537,6546120,1838667,3450,16587,871058,2755790,3621879,4011001,2275367,123925,1790012
2024-11-13,35.1150016784668,82.09722900390625,462.801025390625,157.92489624023438,39.31999969482422,133.9499969482422,13415.79296875,561.2000122070312,136.14698791503906,6.610000133514404,47.262237548828125,53.43104553222656,37.893653869628906,424.9549560546875,3.4690001010894775,35.400001525878906,85.73145779759226,480.9688342386041,160.81436775568932,40.7400016784668,134.89999389648438,13548.061350132042,580.2000122070312,139.03604585286257,6.769999980926514,47.82001233890948,54.73651754392671,38.15294814759064,439.233009215284,3.5399999618530273,34.15999984741211,80.87975875351596,457.06382259652634,156.1314243463482,39.04999923706055,131.64999389648438,13113.46523987676,556.4000244140625,135.42471998655446,6.53000020980835,46.47670158694658,53.18860255943228,37.541760295905384,421.47698127970335,3.388000011444092,34.20500183105469,85.6224284383548,479.05643330723785,160.81436775568932,40.599998474121094,134.0,13510.270384022888,579.0,139.03604585286257,6.76800012588501,47.31801644633451,54.73651754392671,37.967738958352676,439.233009215284,3.5399999618530273,2850303,269678,28732,298741,4709560,820874,5580,13367,676024,2309864,2676045,2300215,1357528,78134,1605723
2024-11-14,31.135000228881836,81.84283447265625,475.80535888671875,161.2627410888672,39.95000076293945,130.64999389648438,13803.1494140625,568.5999755859375,133.25791931152344,7.021999835968018,49.36319351196289,55.12815856933594,38.495582580566406,432.27703857421875,3.5820000171661377,33.9900016784668,82.67870543541838,478.1002341745722,161.2627410888672,40.150001525878906,133.8000030517578,13925.970045399128,575.5999755859375,137.27551626100797,7.061999797821045,49.42826711988531,55.33330509165477,38.495582580566406,434.6567187938915,3.5920000076293945,29.104999542236328,80.51634178868817,455.34267470023156,157.6259758174319,38.7400016784668,126.55000305175781,13349.657852204184,564.5999755859375,131.31682354807523,6.610000133514404,47.92227233529461,53.449697047716384,37.93995854933462,423.0329402282438,3.4700000286102295,33.9900016784668,82.13357250021444,462.8010266809859,158.17398320939319,39.29999923706055,132.0,13434.687520052617,574.0,136.4178291916303,6.691999912261963,48.340605204971375,53.63619356281304,37.96773869112477,428.1583709395359,3.4700000286102295,12773296,475062,30053,193776,3992240,1293446,6641,26575,3223023,3309470,3580982,7618326,1691627,67155,1196893
2024-11-15,29.149999618530273,80.44365692138672,472.7455139160156,155.28451538085938,38.91999816894531,130.1999969482422,13538.61328125,558.4000244140625,129.33059692382812,6.8520002365112305,49.065711975097656,52.57316970825195,37.893653869628906,418.9142761230469,3.5199999809265137,30.799999237060547,81.80649274851984,485.7498463473255,161.41219445952754,40.16999816894531,132.3000030517578,13907.075191905094,575.0,133.8447538845202,7.033999919891357,49.409676518744256,55.05356383298722,38.523362993495105,436.4872414201832,3.5940001010894775,29.139999389648438,80.15291888886797,469.49443810341893,155.28451538085938,38.849998474121094,129.35000610351562,13463.031350859212,554.0,129.33059692382812,6.806000232696533,48.68456504655988,52.49856967701166,37.68066453840526,418.9142761230469,3.515000104904175,30.799999237060547,81.57026593092915,477.52651634069406,161.3125512210843,39.93000030517578,130.89999389648438,13878.73196800855,575.0,133.79960955969054,7.0,49.27023105010422,55.05356383298722,38.523362993495105,436.4872414201832,3.5820000171661377,5793147,265666,31459,248275,4339830,1232535,3090,15237,950888,1614594,1654824,2983800,1232246,53782,590763
2024-11-18,28.6299991607666,80.31645965576172,475.99658203125,155.6830596923828,39.040000915527344,130.5,13774.806640625,550.7999877929688,125.94498443603516,6.886000156402588,49.64208221435547,52.125579833984375,38.097381591796875,413.4227294921875,3.578000068664551,29.280000686645508,82.27893964697937,482.40313684908756,158.67217443847656,39.560001373291016,130.9499969482422,13859.836311246143,573.7999877929688,130.0980145228663,6.96999979019165,49.64208221435547,53.431048357590946,38.40297726195251,430.0804357207029,3.578000068664551,28.30500030517578,79.77132670996468,468.7294818079938,154.63686649056524,38.650001525878906,127.55000305175781,13396.896993419925,546.0,124.72615649556327,6.834000110626221,48.4614555226873,51.51014380898229,37.59731787658104,411.59221048258115,3.490000009536743,29.079999923706055,80.18926219946712,477.3352860332501,155.13505228158087,39.099998474121094,130.0,13434.687958140432,564.4000244140625,128.20206301015764,6.869999885559082,49.065710932717295,52.57316934697451,37.59731787658104,419.73801448902856,3.5190000534057617,4004343,205351,15837,184641,1221160,633048,2425,9945,889512,1272082,1903505,2436992,1292352,81013,1084872
2024-11-19,28.0,78.00872802734375,455.5339050292969,153.0426788330078,38.380001068115234,126.75,13226.837890625,534.0,122.92049407958984,6.714000225067139,48.0803108215332,50.2606201171875,37.05095291137695,401.52435302734375,3.493000030517578,28.93000030517578,81.37038716530826,480.0126432713512,157.07797151821254,39.27000045776367,131.64999389648438,13888.17978515625,574.2000122070312,126.983235527663,6.973999977111816,49.97674725556164,52.38667112404826,38.38445615774166,417.9990239947141,3.625,27.450000762939453,76.02807289460338,449.79670212167116,149.75464961992463,38.119998931884766,125.0,13047.330804966517,521.7999877929688,118.40633691506412,6.5,46.73235092733115,48.7873015723453,36.39346368994504,387.88696415915126,3.3389999866485596,28.895000457763672,80.66171360132864,480.0126432713512,156.67942897262458,39.040000915527344,131.0,13850.388819754464,561.2000122070312,125.8998405633997,6.935999870300293,49.74434049953528,52.12557813924084,38.236289522875715,413.3311949676585,3.578000068664551,4252753,251709,19824,243572,4139810,570049,4724,19855,1841444,2333050,2780874,6239806,3441652,116132,4130633
2024-11-20,28.2450008392334,79.58961486816406,468.34698486328125,157.4267120361328,39.27000045776367,129.8000030517578,13907.0751953125,536.2000122070312,123.552490234375,6.785999774932861,47.62479019165039,50.297916412353516,36.995391845703125,402.9887390136719,3.515000104904175,28.44499969482422,81.00696891230831,469.1119627581734,158.57253328920342,39.869998931884766,130.10000610351562,13944.866160517153,547.7999877929688,125.04215662597136,6.914000034332275,48.619490785569404,51.155798949442435,37.53249456097463,406.7413084786091,3.6019999980926514,27.834999084472656,78.33580834040359,455.91637858528316,152.44485406030583,38.619998931884766,127.6500015258789,13236.2855629299,530.2000122070312,122.42395091464601,6.728000164031982,47.40168170032501,49.86897692237162,36.708317451245385,396.03278929115737,3.4800000190734863,28.399999618530273,78.33580834040359,458.9762318030057,152.54449730119197,39.0099983215332,128.0,13236.2855629299,542.5999755859375,123.68790944229657,6.74399995803833,48.17327025667311,50.52171293941479,37.087994665814065,401.5243461867232,3.4800000190734863,2507491,234449,48106,254542,2054650,560641,6376,19939,647886,1956665,1988115,1783211,1326404,68039,1644554
2024-11-21,28.920000076293945,79.58961486816406,466.81707763671875,159.41944885253906,39.75,130.3000030517578,13850.388671875,545.4000244140625,125.62899017333984,6.989999771118164,48.563716888427734,50.55901336669922,39.52348709106445,403.17181396484375,3.5889999866485596,29.149999618530273,80.607201498352,471.7893025349958,160.21654913748645,39.9900016784668,131.8000030517578,14001.55253186818,550.5999755859375,125.99013101733065,6.989999771118164,49.03782510635914,50.987952860187136,39.56052963223529,407.74811151268534,3.5969998836517334,28.010000228881836,77.99055214408067,459.35869651791967,156.48015580500507,38.88999938964844,128.5,13670.881588133101,525.7999877929688,122.24337225157055,6.754000186920166,47.150683398202126,49.42138782932896,37.1713387152838,394.65991169845984,3.500999927520752,28.3799991607666,80.11657974442613,471.40682818603943,158.5725269491406,38.88999938964844,131.3000030517578,13925.97060187159,541.5999755859375,123.86847160924273,6.811999797821045,47.69916347963019,50.63360983824596,37.1713387152838,401.4328264829647,3.5490000247955322,2383598,322224,19324,260379,2133310,496643,5151,13062,506304,2061955,2544019,2250567,3489041,85355,969816
2024-11-22,28.815000534057617,81.95185852050781,463.374755859375,160.26637268066406,39.630001068115234,130.5,14521.1787109375,560.4000244140625,125.80956268310547,6.998000144958496,48.18256759643555,50.68955993652344,40.116153717041016,405.4599609375,3.614000082015991,29.350000381469727,82.15174221810646,471.4068340103857,161.2627442479584,40.04999923706055,131.5,14643.999350652652,565.7999877929688,126.9832324969789,7.067999839782715,48.98204381243876,50.93200291582398,40.43100825261625,411.1345810442154,3.6389999389648438,28.600000381469727,78.33580466451195,454.1952254663959,156.43033606521143,39.31999969482422,128.10000610351562,13737.016165063842,530.2000122070312,123.01077979745176,6.900000095367432,47.7456417853821,49.253541396540946,39.22715392220665,393.2870206869214,3.5399999618530273,29.190000534057617,79.58961113343781,471.4068340103857,160.1667294425652,39.75,130.4499969482422,13812.598097196244,545.4000244140625,126.17068973720282,7.059999942779541,48.98204381243876,50.3538669212418,39.81982045209623,411.1345810442154,3.6389999389648438,2733490,406889,34619,327118,2488630,411039,6187,28717,590598,2308456,1736206,1819341,3401915,99778,1442248
2024-11-25,29.290000915527344,84.22325134277344,457.8287658691406,164.94931030273438,39.130001068115234,129.9499969482422,14662.8955078125,549.4000244140625,127.07352447509766,7.072000026702881,48.247642517089844,50.70820999145508,39.930946350097656,407.8396301269531,3.635999917984009,29.545000076293945,84.22325134277344,471.40682399324174,165.54712410038596,40.16999816894531,133.0,15003.014218045264,567.7999877929688,127.88606725614451,7.208000183105469,48.85189793682005,51.3609460154366,40.56065544974111,413.3311870103551,3.7079999446868896,28.920000076293945,81.78831772106516,453.6214897061967,160.81435931938483,39.130001068115234,129.5500030517578,14558.970346352487,549.4000244140625,126.03527383530285,7.03000020980835,48.098902339560574,50.27926693978855,39.8476023947751,403.6294309300444,3.609999895095825,29.200000762939453,81.9882014181201,467.5820221758524,160.81435931938483,40.0,132.0500030517578,14653.447765861589,567.7999877929688,127.29923233384561,7.079999923706055,48.60089822231837,51.081199464355116,40.2087583569824,411.68370318643287,3.614000082015991,4161059,1003989,57842,605191,4032190,1076578,5966,66122,1043013,2753820,3310142,2893853,3254164,218719,1153991
2024-11-26,28.950000762939453,81.57026672363281,454.7689514160156,171.57518005371094,39.709999084472656,130.0,14643.9990234375,542.7999877929688,126.30611419677734,7.050000190734863,48.3870849609375,50.614959716796875,39.782779693603516,403.8125,3.6040000915527344,29.299999237060547,84.18691597347167,466.05210534045483,171.72464491016783,40.540000915527344,130.5,14851.849332157259,554.0,127.5700864909673,7.110000133514404,48.870491429685764,51.21174571632393,40.551396562640434,410.31082006339795,3.630000114440918,28.5,81.33403990374646,452.6652987001738,164.40130784306203,39.0099983215332,127.69999694824219,14502.282903855847,537.2000122070312,125.04215567870203,6.960000038146973,48.08960460266866,50.18602022427744,39.72721941179355,401.7989179402268,3.5799999237060547,29.299999237060547,84.18691597347167,458.78497589954634,165.64677229641856,39.130001068115234,128.85000610351562,14662.894506048387,545.2000122070312,126.89296290425953,7.0,48.47075153334096,50.46576321691511,39.81982223652438,408.20573439941035,3.630000114440918,1960717,277055,16173,404809,1504360,451925,1876,7747,451233,1336916,1432121,2040096,1530831,31291,937747
2024-11-27,28.950000762939453,81.69746398925781,453.239013671875,164.0027618408203,39.29999923706055,127.75,14691.2373046875,533.2000122070312,125.53871154785156,6.9039998054504395,47.68056869506836,50.72686004638672,40.00503158569336,400.7005920410156,3.5880000591278076,29.204999923706055,82.84224803337746,460.50614293402197,172.37227670950807,39.93000030517578,130.39999389648438,14795.162456038986,545.5999755859375,126.53181784293021,7.047999858856201,48.61949038530348,50.950653018912234,40.13467695388669,409.2125220248754,3.6070001125335693,28.799999237060547,80.87976110060092,444.05948350815896,157.42670358440623,39.029998779296875,126.9000015258789,14464.491519920619,528.0,123.64276005779769,6.8480000495910645,47.531828519994114,50.03682400732854,39.47718771086545,396.76498742143184,3.5179998874664307,29.100000381469727,82.18808572245194,460.50614293402197,171.57517643548468,39.63999938964844,130.0,14747.92375087922,542.7999877929688,126.39639864054672,7.010000228881836,48.34060300031996,50.42846704493593,39.64387562213441,399.14466767277446,3.5910000801086426,1208896,250800,29476,801468,1179780,489952,1979,12809,459874,1560172,1562282,2403475,3114022,96584,1475129
2024-11-28,28.5049991607666,83.53275299072266,458.2112731933594,164.20204162597656,38.70000076293945,127.3499984741211,14596.759765625,530.0,126.89295959472656,6.840000152587891,47.61549758911133,51.69663619995117,39.671653747558594,402.1650085449219,3.6010000705718994,29.149999618530273,84.49582142537068,462.22729762635055,167.78897024000864,39.5,128.39999389648438,14889.639735032362,536.0,128.2020624063289,6.955999851226807,48.08031110389376,52.2374757453709,40.50509326155882,408.84641948488377,3.694999933242798,28.399999618530273,82.6605388916891,449.4142172680833,162.95657713427985,38.349998474121094,126.0,14587.312024676376,527.4000244140625,126.03527249582257,6.77400016784668,47.38309083172011,50.726860711091135,39.36605808156813,399.8768598527779,3.563999891281128,28.959999084472656,84.49582142537068,452.6652930036254,165.34786287696792,39.25,127.5999984741211,14691.237175111246,533.0,126.44154388202823,6.909999847412109,47.810718414220986,50.726860711091135,40.19023872655553,408.84641948488377,3.5880000591278076,1332881,368152,23662,244593,854270,311255,1039,5926,561289,857827,845481,5429229,987407,22902,969581
2024-11-29,28.770000457763672,82.95127868652344,450.7528991699219,166.59332275390625,38.59000015258789,127.25,14795.1630859375,530.0,122.46907806396484,6.728000164031982,47.429569244384766,52.125579833984375,40.93107223510742,400.1514587402344,3.6459999084472656,28.950000762939453,84.29593951835672,464.52218020706766,167.83878721110264,39.27000045776367,127.80000305175781,14832.954051674249,533.2000122070312,127.29923172865384,6.8379998207092285,47.95016163311759,52.256126330632505,41.19036296052188,405.1853859168629,3.680999994277954,28.295000076293945,82.36980260815095,449.79669869260727,164.10239383951344,38.5,126.19999694824219,14577.86503295119,523.5999755859375,120.79884818283907,6.71999979019165,47.31801499902971,51.51014380898229,39.773519307262596,397.95481362704874,3.5350000858306885,28.399999618530273,83.1874985777899,459.93242958832667,164.20203707745856,38.599998474121094,127.30000305175781,14681.790188727251,527.5999755859375,127.29923172865384,6.8379998207092285,47.429569244384766,51.752586794596645,40.00502989283156,398.13787669698183,3.571000099182129,1748979,745303,25934,263151,1528010,459959,2687,22773,2508826,2147923,1157552,6234013,2883493,64120,2438879
2024-12-02,29.200000762939453,83.89617156982422,458.9762268066406,169.5824432373047,39.119998931884766,130.0500030517578,15437.609375,545.0,129.0146026611328,6.76200008392334,48.12678909301758,53.93458557128906,42.19049072265625,412.4159240722656,3.6459999084472656,29.674999237060547,83.89617156982422,463.75722916920984,169.88135775791545,39.380001068115234,130.0500030517578,15579.325495333538,545.0,129.05974698674456,6.835999965667725,48.340602872481014,53.99053559192568,42.79241613039853,413.97184841728364,3.697999954223633,28.559999465942383,82.2789408041274,451.70909737935096,166.84242133798347,38.66999816894531,125.94999694824219,14700.685549265607,529.0,123.10106796107344,6.690000057220459,47.37378996393248,52.05097756202416,41.2922285130543,395.11752562087247,3.625999927520752,28.799999237060547,83.27835930584259,457.063825861613,168.1377074583474,38.88999938964844,126.5,14700.685549265607,529.0,123.687902865684,6.730000019073486,47.410975894164075,52.29342409432439,41.671905735115836,395.11752562087247,3.627000093460083,1866275,509893,36249,197783,1410500,478339,6834,16540,1409377,1294042,1649629,3551872,4419324,31913,1282742
2024-12-03,28.989999771118164,82.82408142089844,456.4901123046875,178.7988739013672,39.40999984741211,130.4499969482422,15276.998046875,540.0,129.37574768066406,6.300000190734863,47.71775436401367,53.89728546142578,41.968238830566406,406.83282470703125,3.437999963760376,29.645000457763672,84.20508537732051,462.03609270644864,178.7988739013672,40.150001525878906,132.64999389648438,15636.012224847325,548.7999877929688,130.23343479061333,6.800000190734863,48.34060273552355,54.45677499541901,42.44052240518134,414.4294669541569,3.680000066757202,28.795000076293945,81.77015169405024,447.3105816797463,169.3831656737187,39.09000015258789,128.60000610351562,15163.62514856795,530.2000122070312,127.3443769473616,6.242000102996826,47.46675465502976,53.46834597535187,41.6811644316324,402.3480589973486,3.4030001163482666,29.5,83.87800421600498,459.74118816452074,169.58243694559133,39.119998931884766,131.60000610351562,15437.609652809988,548.7999877929688,129.01460684018608,6.760000228881836,48.25693616586224,54.08378197275686,42.22752955697698,414.4294669541569,3.6700000762939453,2207585,240502,52309,584973,1406090,640963,5503,27528,1024352,8284014,1995684,2188481,5334219,79690,5023562
2024-12-04,30.264999389648438,81.9336929321289,455.3426818847656,179.2472381591797,39.880001068115234,130.0500030517578,15522.638671875,536.7999877929688,131.67796325683594,6.052000045776367,48.024532318115234,55.1095085144043,42.48682403564453,416.260009765625,3.322000026702881,30.364999771118164,83.85983679402632,460.88863301632733,182.6349105965082,40.27000045776367,130.9499969482422,15636.011565400562,549.5999755859375,133.2579181835153,6.372000217437744,48.480051124018566,55.65034805200386,42.81093744533365,420.7448036644717,3.4489998817443848,28.975000381469727,81.9336929321289,453.6215035060264,176.65668121661218,39.33000183105469,128.64999389648438,15191.96773242544,533.5999755859375,129.1048882943698,5.98199987411499,47.624792410765075,53.71078998807804,41.866373823790944,409.21252836880063,3.315999984741211,29.100000381469727,82.47882589478162,456.298882368202,178.79887399637218,39.5099983215332,130.9499969482422,15399.818037222307,541.7999877929688,130.2334275277122,6.369999885559082,47.95016399962337,53.71078998807804,42.12566808411346,411.7752437982816,3.433000087738037,2317093,286643,42623,599687,1520330,352436,3267,17313,542459,7449289,1506019,2832915,3358553,64661,4499179
2024-12-05,30.3700008392334,82.805908203125,453.239013671875,192.29971313476562,41.20000076293945,130.39999389648438,15711.59375,562.7999877929688,133.93504333496094,6.190000057220459,48.749637603759766,56.32173538208008,42.69981384277344,433.3753662109375,3.3610000610351562,30.5049991607666,83.87800604824682,458.40249026992717,192.29971313476562,41.290000915527344,131.6999969482422,15853.309869212268,568.0,134.7475860822981,6.228000164031982,49.037823244499045,56.32173538208008,42.940583302368914,433.92452748831846,3.4059998989105225,29.954999923706055,81.67929914050707,449.79668621286623,179.59597560902333,39.880001068115234,129.75,15532.086665664463,533.7999877929688,132.174511088874,6.039999961853027,47.69916166859617,55.090863335090766,42.3664380275095,416.5345972707729,3.2699999809265137,30.40999984741211,82.04272343121208,452.6652875652199,179.59597560902333,39.88999938964844,130.5,15532.086665664463,538.0,132.76135976294094,6.099999904632568,48.15467690335849,55.10950978560175,42.59794861782376,421.0193631616288,3.319999933242798,2228297,328636,40387,641582,2160310,342777,5945,29037,742126,2785607,1493160,2978499,2722505,84402,3242896
2024-12-06,30.350000381469727,82.00637817382812,452.0915832519531,199.12486267089844,40.77000045776367,128.64999389648438,15673.802734375,556.0,134.25103759765625,6.130000114440918,48.47075271606445,56.862571716308594,42.59794998168945,434.7482604980469,3.319999933242798,30.93000030517578,83.9688582017527,459.741187226984,199.27431232377185,41.36000061035156,131.75,15872.205300632912,572.0,135.60528481036184,6.28000020980835,49.40967800108552,56.95582175504942,42.87576199244707,438.40929848118833,3.3970000743865967,30.2450008392334,81.77015135125906,450.94416016425254,191.1040685591819,40.5,128.64999389648438,15617.11628687274,556.0,133.57391399130347,6.130000114440918,48.34060549942684,56.11658919200831,42.44052447086965,432.00248201069076,3.302999973297119,30.3700008392334,82.73321980457213,455.1514365143348,192.29971139243986,41.11000061035156,131.0,15617.11628687274,568.0,134.2961819266361,6.216000080108643,48.80541901384441,56.41498220172843,42.87576199244707,433.3753712543688,3.364000082015991,2076326,361900,28081,853412,1710140,273187,5830,14539,571614,1582433,1446088,2476921,1997334,81404,3079636
2024-12-09,29.844999313354492,80.40731811523438,453.04779052734375,193.59500122070312,40.54999923706055,133.39999389648438,15928.8916015625,561.2000122070312,132.67108154296875,6.203999996185303,49.3446044921875,57.14231491088867,42.59794998168945,436.12115478515625,3.367000102996826,30.5,82.51517069703073,462.80104741380586,201.26705935339018,41.18000030517578,134.5500030517578,16042.2644955238,569.2000122070312,134.79274100442356,6.230000019073486,49.456158742923684,57.68315446603266,42.90354566632279,438.8669333042653,3.388000011444092,29.844999313354492,80.18926631208078,449.2229884826015,190.40661520232428,40.54999923706055,129.5,15654.907107822693,553.2000122070312,132.17452148006282,6.0920000076293945,48.42427217143831,56.47093241531804,42.329396840509496,426.32786689439916,3.302999973297119,30.440000534057617,82.06089206361132,452.0915900161582,199.12486653570133,40.939998626708984,131.0,15673.802590149577,568.0,134.52188880864625,6.127999782562256,48.75893846989256,56.65742537917777,42.59794998168945,434.7482655256017,3.3239998817443848,1519273,463854,27833,545507,1381160,671489,6718,19207,464918,1858323,1761869,2772778,3275481,76818,2660209
2024-12-10,30.299999237060547,80.8615951538086,449.9879455566406,193.29608154296875,40.56999969482422,130.64999389648438,15891.1005859375,561.5999755859375,132.76136779785156,6.208000183105469,49.47475051879883,57.198265075683594,43.00540542602539,437.2194519042969,3.4000000953674316,30.700000762939453,80.97062451910591,456.10762270857964,195.9862816990161,40.900001525878906,132.8000030517578,15938.339291603188,567.0,133.12249486827648,6.216000080108643,49.81871151893687,57.496658087146955,43.153572060597654,437.2194519042969,3.427000045776367,29.239999771118164,79.08082377773597,439.85221477137657,187.41749545370143,40.029998779296875,130.0500030517578,15617.116093076509,551.2000122070312,130.45914483957725,6.099999904632568,49.102898296963495,56.50822901347128,42.162707029538545,426.5109051307733,3.3269999027252197,29.84000015258789,80.49817086789257,456.10762270857964,193.39572477977262,40.13999938964844,132.60000610351562,15928.89155047005,552.2000122070312,131.54253982696673,6.208000183105469,49.27952615190019,56.84392204064888,42.162707029538545,432.27702851251564,3.365000009536743,3362833,422629,29602,451480,1565990,508287,6714,16300,447142,2149679,1889304,2949054,2389431,92709,2353826
2024-12-11,30.100000381469727,80.82524871826172,448.26678466796875,194.89028930664062,41.22999954223633,130.5500030517578,15976.1298828125,554.2000122070312,131.45225524902344,6.122000217437744,46.56501770019531,56.63877868652344,42.83871841430664,428.7075500488281,3.546999931335449,30.270000457763672,80.82524871826172,451.7091123190537,195.23901024148222,41.29999923706055,131.39999389648438,16061.159551023804,561.4000244140625,131.94880149019443,6.24399995803833,49.26093748402003,57.4034112178826,43.162835362838244,437.49404695472157,3.572000026702881,29.649999618530273,79.04447741519952,444.6332344246102,191.3033454971986,40.5,128.6999969482422,15645.458950879658,552.2000122070312,130.413990889953,6.122000217437744,46.48135112631812,56.60147867106073,42.44978231515426,428.7075500488281,3.4000000953674316,30.18000030517578,80.67988316890022,449.41423694530494,193.29608867946106,41.029998779296875,130.0,15900.547955513566,556.2000122070312,131.63281877091413,6.199999809265137,47.87579166010766,56.8439216573178,42.87576095686533,437.3109838796286,3.4000000953674316,1518564,370341,17391,352976,1812970,473580,5729,13867,446837,1861589,5890808,2279683,1459884,34676,3495417
2024-12-12,28.700000762939453,80.8615951538086,442.7208251953125,190.30697631835938,40.880001068115234,127.19999694824219,15380.921875,566.4000244140625,131.99395751953125,6.110000133514404,45.430870056152344,57.198265075683594,42.97762680053711,432.185546875,3.484999895095825,30.094999313354492,81.77015240272779,450.56168085602206,195.88666338079088,41.5,132.89999389648438,15891.09987331081,568.0,132.30995404294686,6.193999767303467,47.401681830322765,57.422061612843756,43.33878276424872,437.86013901350356,3.5980000495910645,28.3799991607666,79.91669478312362,438.5135488914121,182.88401091102443,40.59000015258789,127.19999694824219,14936.878061655405,553.4000244140625,130.54943544019602,6.059999942779541,44.49194835561247,56.60147905275688,42.74611620507363,425.41260423289407,3.484999895095825,29.979999542236328,80.8615951538086,450.37042908637625,194.94009819447857,41.20000076293945,131.85000610351562,15059.698690878378,554.2000122070312,130.86541818749674,6.179999828338623,47.0763102557331,56.60147905275688,42.76463747661927,430.1719648033193,3.5480000972747803,3560969,402659,26766,624000,1818120,489695,18754,14260,411763,1876776,5798767,2792218,1962681,71296,2189372
2024-12-13,29.059999465942383,81.57026672363281,444.4419860839844,182.93382263183594,40.439998626708984,127.0,15295.8935546875,564.0,131.18141174316406,6.203999996185303,45.737648010253906,56.99311828613281,43.060970306396484,434.1075744628906,3.509999990463257,29.235000610351562,82.0608884579776,446.3543871070324,201.26705306750685,41.150001525878906,128.6999969482422,15541.534834750424,570.0,133.57390956250518,6.208000183105469,46.11414580140874,57.608554314106385,43.17209440193818,434.93133036717416,3.5460000038146973,28.549999237060547,80.60719828125687,438.7047830148404,177.6032287588272,40.439998626708984,126.0999984741211,15154.177431574273,557.7999877929688,131.00084820934646,6.078000068664551,45.491297428572565,56.95582182771416,42.6535129343627,428.98214355159183,3.4690001010894775,28.71500015258789,81.02513377383023,442.7208368356107,199.27430996782854,40.9900016784668,127.19999694824219,15371.475487014553,569.7999877929688,131.813390999583,6.110000133514404,45.73299888241685,57.086368324992605,42.97762635159738,434.6567357552451,3.4820001125335693,2386360,260815,37733,1085245,1699370,576182,6033,16340,444862,3520409,3724026,3069978,1836551,42755,2987961
2024-12-16,29.125,82.86042022705078,448.4580383300781,188.61314392089844,40.22999954223633,124.75,15258.1025390625,567.7999877929688,130.91055297851562,6.335999965667725,44.88703918457031,56.694725036621094,42.86650085449219,437.0364074707031,3.7809998989105225,29.155000686645508,83.29653076648957,449.2229870642418,189.31060098912096,40.5,127.30000305175781,15569.878008900929,571.0,132.5356522534717,6.357999801635742,45.92357484140708,57.40341110046182,43.30173835303804,439.78218594695886,3.819999933242798,28.420000076293945,81.57027056764645,440.80843426474627,183.38219310409377,39.79999923706055,123.9000015258789,15210.863831511222,561.5999755859375,129.91743292823307,6.1539998054504395,44.73364987973089,56.24713552335997,42.64424913810422,430.17196128006384,3.4820001125335693,29.0,81.77015427606665,445.58943680557866,183.83055727627797,40.27000045776367,127.0,15352.579954165054,564.0,131.81338437836746,6.203999996185303,45.73764873368466,57.03041806084825,43.06096889847466,430.17196128006384,3.5,1871235,528401,28087,250392,1322100,495650,6300,19596,609604,3186576,3270710,1972586,2109941,56169,8702076
2024-12-17,28.454999923706055,79.8621826171875,421.1106872558594,188.76258850097656,40.20000076293945,121.8499984741211,15050.251953125,532.7999877929688,125.80956268310547,6.2179999351501465,43.06032180786133,55.46385192871094,42.088626861572266,420.65325927734375,3.8499999046325684,29.200000762939453,82.7877380330159,450.1791761290257,192.20006733318039,40.349998474121094,124.3499984741211,15380.922899992154,567.7999877929688,130.9556989726201,6.438000202178955,45.0171861923882,56.806620442900666,43.20913729313072,439.6906451386281,4.0,27.940000534057617,79.69864203705605,419.58076064549846,186.02256671823932,40.0,121.0999984741211,14965.222281073447,532.2000122070312,125.80956268310547,6.199999809265137,42.874395700980266,55.314655427134305,42.088626861572266,420.47019621018615,3.7990000247955322,29.1299991607666,82.7877380330159,449.4142274143067,188.3142243408497,40.220001220703125,124.0,15258.102262584354,567.7999877929688,130.9105546468294,6.335999965667725,44.882389853555566,56.433630967521665,42.85724019974404,437.1279297874368,3.799999952316284,1884057,351186,47233,353135,1569800,606771,4883,46793,699374,2803022,6346067,4204387,2335661,119133,12773794
2024-12-18,28.030000686645508,80.8615951538086,443.48577880859375,191.20370483398438,40.0,121.05000305175781,15154.1767578125,542.0,128.42776489257812,5.920000076293945,43.26019287109375,56.228485107421875,42.34791564941406,429.2566833496094,3.740000009536743,28.59000015258789,81.64295494241844,445.01570543988305,194.7906486917755,40.869998931884766,122.5999984741211,15229.758686779147,545.2000122070312,128.9243249110059,6.236000061035156,43.55302410328979,56.508228106538354,42.57016736463751,430.7211040603434,3.940000057220459,27.920000076293945,79.91669478312362,422.2581452850706,188.76259744349352,39.869998931884766,120.5,15003.012899879208,531.0,124.86158366660098,5.920000076293945,42.87439680992987,55.38925611007243,41.847851939589674,413.7888041840795,3.740000009536743,28.31999969482422,79.9530379048894,422.6406196476621,188.76259744349352,40.20000076293945,121.75,15050.251605483363,534.0,125.49356288273012,6.2179999351501465,42.94876867310414,55.51980260585177,42.088624925462675,423.76512663298325,3.9200000762939453,2036405,267360,54252,500533,1080810,659175,6254,21228,866012,3385263,6292397,2007510,1495425,92210,4949846
2024-12-19,27.989999771118164,80.06206512451172,447.8843078613281,188.0153045654297,39.81999969482422,117.4000015258789,15050.251953125,552.4000244140625,127.61522674560547,5.843999862670898,43.75289535522461,56.396331787109375,43.4869499206543,430.26348876953125,3.7339999675750732,28.014999389648438,80.64354119369703,447.8843078613281,192.2000619484106,40.150001525878906,119.1500015258789,15163.624849193739,554.2000122070312,128.29235031070183,5.934000015258789,44.05502485243421,56.50822827566583,43.4869499206543,433.1007987546151,3.7339999675750732,27.549999237060547,78.88093795987446,436.98362800974246,187.11857627029914,39.59000015258789,115.5,14917.983574378139,531.5999755859375,125.31300386905502,5.7220001220703125,42.200419900825764,55.01626323782903,41.9126771462865,422.84988136705505,3.5910000801086426,27.799999237060547,79.28070535684243,443.4857797300782,189.3105905943917,40.04999923706055,117.55000305175781,15059.699694464061,538.0,126.2158352891835,5.920000076293945,43.0510294934134,55.165459741612715,41.9126771462865,423.94820391983035,3.700000047683716,2523889,278659,41342,299693,1462250,734568,3821,41583,616513,6298874,4864911,2977346,3273756,92085,7328097
2024-12-20,27.889999389648438,78.71739959716797,442.7208251953125,186.62039184570312,39.560001373291016,116.44999694824219,14880.19140625,546.7999877929688,125.22271728515625,5.888000011444092,43.56697082519531,55.6130485534668,42.6905517578125,422.5753173828125,3.7190001010894775,27.889999389648438,79.6259568473031,451.90035570077356,188.01530591557267,40.0,117.19999694824219,15031.35525545635,550.0,127.29923234097662,5.923999786376953,43.90628269359566,56.39633107776035,43.51473243280901,428.61600766699587,3.747999906539917,27.30500030517578,77.49993620922292,434.30627258751167,182.18654154852157,38.7599983215332,114.69999694824219,14785.714000496033,535.5999755859375,123.82332580561766,5.789999961853027,43.28807988877596,55.27735553489453,42.21827170439704,416.3515360966648,3.6519999504089355,27.8799991607666,79.6259568473031,448.6492798832561,187.3178488806379,39.84000015258789,117.0999984741211,14965.221071428572,549.7999877929688,127.29923234097662,5.900000095367432,43.683174199954856,56.39633107776035,43.4869487596166,428.3414409928068,3.7009999752044678,3296581,666731,74444,805200,2298250,1165722,15086,62873,1783014,6621425,6816067,3703876,3689299,238251,4771788
2024-12-23,27.850000381469727,79.26253509521484,452.6653137207031,186.62039184570312,39.290000915527344,117.30000305175781,14955.7744140625,553.5999755859375,126.08040618896484,5.953999996185303,43.2369499206543,55.79954528808594,42.34791564941406,423.76513671875,3.690000057220459,28.18000030517578,79.93487247266596,471.21559770159405,188.66295653641598,39.79999923706055,118.9000015258789,15182.520204294655,558.0,127.38952280931338,6.046000003814697,44.76154116931015,56.35903128314161,42.88502190053756,432.3685701932621,3.7820000648498535,27.6200008392334,77.73615858891431,444.6332353061953,185.47455545656027,39.15999984741211,116.5,14889.640225244788,546.0,125.4484269306569,5.8979997634887695,43.2369499206543,55.79954528808594,41.958979563486984,423.03294031170736,3.671999931335449,27.950000762939453,78.98997207050449,444.6332353061953,186.62039184570312,39.43000030517578,117.0,14917.983449023808,547.4000244140625,125.6741347926322,5.9079999923706055,43.84120888511364,55.89279176822015,42.77389427664024,423.1244439139608,3.7200000286102295,1572417,333515,37447,169889,813570,662915,2051,23856,346506,2665564,4221036,1575700,892502,34955,2090262
2024-12-27,27.674999237060547,78.7355728149414,449.03173828125,189.85861206054688,39.4900016784668,117.3499984741211,14955.7744140625,549.0,125.26786041259766,5.96999979019165,43.59950637817383,55.762245178222656,42.625728607177734,422.0261535644531,3.7019999027252197,27.825000762939453,79.48058946566526,456.8725644823423,190.45642590050718,39.779998779296875,117.80000305175781,15059.699567918904,556.0,126.35125536905132,5.980000019073486,43.89698672532912,55.967391702718814,42.625728607177734,430.08042584925334,3.734999895095825,27.360000610351562,77.80884055932054,445.01568470881887,183.33237501786732,38.5,116.30000305175781,14842.401518946423,544.2000122070312,123.82332461991658,5.909999847412109,43.23694888047319,55.07221268930408,42.04232446510463,416.71763179953695,3.6640000343322754,27.799999237060547,79.26253073978886,456.1076157927945,186.62040434963347,39.290000915527344,117.30000305175781,14889.640225244788,555.2000122070312,126.21583616553747,5.953999996185303,43.66922556403408,55.12815915443925,42.4868243730242,430.08042584925334,3.688999891281128,1006884,217292,23295,238569,803330,326364,1881,16773,254072,1313850,1692414,1201535,823162,46959,2077772
2024-12-30,27.079999923706055,78.11775207519531,446.16314697265625,190.75534057617188,38.97999954223633,115.0,14691.2373046875,547.2000122070312,124.50045013427734,6.070000171661377,43.878395080566406,55.724945068359375,42.44978332519531,418.82275390625,3.759000062942505,27.684999465942383,78.77190744464889,455.725151711972,193.39573444925625,39.91999816894531,117.4000015258789,14974.6695356461,555.5999755859375,126.39640166976969,6.070000171661377,43.9527633964701,56.04198807971045,42.69055279241304,424.9549758137458,3.8989999294281006,27.024999618530273,77.75432780433793,444.2507460247931,188.06514028561872,38.939998626708984,115.0,14691.2373046875,544.0,123.32678028252109,5.935999870300293,43.36245181220403,55.351955591968526,42.12566990152311,416.1685069354531,3.7019999027252197,27.655000686645508,78.73557125613043,454.19522511749693,189.85861221379554,39.5,117.4000015258789,14974.6695356461,549.0,126.39640166976969,5.96999979019165,43.69246897143883,55.948741599894035,42.62573010767859,421.9346306282706,3.7049999237060547,1430539,234225,21556,196230,864450,401169,1601,14574,266635,1943671,2075303,1344943,801101,39930,3778045
2025-01-02,28.239999771118164,78.82643127441406,458.02001953125,192.7978973388672,40.11000061035156,117.55000305175781,15078.5947265625,545.7999877929688,125.58385467529297,6.125999927520752,45.89568328857422,55.258705139160156,43.00540542602539,421.84307861328125,3.799999952316284,28.239999771118164,78.89911058843269,460.69736914215355,196.584112316956,40.2599983215332,117.69999694824219,15135.28117290296,557.4000244140625,125.99012605467965,6.21999979019165,46.20246189603645,56.340380659665946,43.22765714416939,422.84986960339927,3.8469998836517334,27.200000762939453,77.00931672085191,449.4142154064457,189.5596897608242,39.099998474121094,116.0,14766.819271689967,537.4000244140625,122.37880041370633,6.067999839782715,44.36644647163109,54.680569142973916,42.48682397130808,415.52779393927113,3.757999897003174,27.4950008392334,78.15409389874189,454.19521769800366,191.30333999515506,39.150001525878906,116.1500015258789,14832.95345908717,552.2000122070312,124.5455902878447,6.099999904632568,44.36644647163109,55.93009117158622,42.579426793201534,416.16848673248313,3.757999897003174,1690982,286172,25060,332300,1534280,385725,3203,19108,498970,1518184,3914212,1826055,1276352,74266,1852341
2025-01-03,27.704999923706055,78.79008483886719,453.6214904785156,195.3884735107422,40.29999923706055,116.94999694824219,15210.86328125,552.0,126.75753021240234,6.2179999351501465,45.78413009643555,56.228485107421875,43.30173873901367,425.5956726074219,3.9079999923706055,28.25,79.716810172254,459.93241932413724,198.0288521243642,40.630001068115234,117.94999694824219,15295.892951766304,556.0,128.02150250949558,6.239999771118164,46.34190488215784,56.34038159564342,43.58881313928801,428.982143970663,3.930000066757202,27.559999465942383,78.2449518820666,450.7528891105896,192.2997155220241,39.720001220703125,115.5999984741211,15031.356199048912,544.0,124.77130377538693,6.067999839782715,45.719056489642796,55.35195609495684,42.69055092921285,418.5481632002459,3.803999900817871,28.239999771118164,78.55385801594834,459.93241932413724,192.79790131353192,40.09000015258789,117.94999694824219,15144.729093070651,548.7999877929688,125.4032830358762,6.184000015258789,46.34190488215784,55.46385258317839,43.005405469569105,424.68041309643814,3.809999942779541,1701822,200597,26249,291971,985720,420144,2946,11680,456063,1653979,1810588,2090028,1547765,80423,2602970
2025-01-07,27.600000381469727,81.31587219238281,451.7091064453125,192.5986328125,39.70000076293945,119.30000305175781,15276.998046875,557.2000122070312,129.872314453125,6.136000156402588,46.43022155761719,56.582828521728516,44.57041931152344,434.2906188964844,3.9130001068115234,28.03499984741211,82.15174318146866,460.88863700186624,199.67286203177972,40.810001373291016,121.0,15607.669000270562,564.4000244140625,130.32373019501821,6.27400016784668,46.713758084416284,57.40341107422819,44.774146226452274,437.49402704429826,3.990000009536743,27.600000381469727,78.79008419872599,449.60548287211515,192.39936153371062,39.70000076293945,118.1500015258789,15229.759339247063,552.2000122070312,127.5249470848342,6.110000133514404,45.92357653034234,56.20983548228541,43.27395860800326,424.03970165087895,3.878999948501587,28.0,78.79008419872599,459.9324365101611,195.587747604613,40.5,119.94999694824219,15305.341271451762,554.2000122070312,128.02150715613976,6.2179999351501465,46.481351327777396,56.396332002006965,44.07961446368887,424.03970165087895,3.9059998989105225,1863359,852117,51567,394133,1759200,597660,3129,15035,663546,3104643,3283837,2275520,3467673,85376,3862599
2025-01-08,27.18000030517578,79.31704711914062,449.03173828125,183.83055114746094,39.13999938964844,119.6500015258789,14662.8955078125,554.4000244140625,128.066650390625,5.966000080108643,46.48134994506836,56.2844352722168,44.450035095214844,427.6092529296875,3.880000114440918,27.709999084472656,82.38796799016254,453.2390144356071,192.94734475714455,39.70000076293945,119.6500015258789,15399.819379983488,563.5999755859375,130.82027537173892,6.164000034332275,46.61149715751526,57.04906779839103,44.86675488074677,436.0296236368924,3.9079999923706055,27.010000228881836,78.59019857923725,441.76460900685754,182.5352650905611,38.900001525878906,117.4000015258789,14568.418088303399,550.2000122070312,126.80267805846142,5.949999809265137,45.96540667697846,55.74359572305075,44.005535168171264,425.1380410876851,3.8440001010894775,27.700000762939453,81.77014881076708,452.28281398321127,192.5986238363714,39.70000076293945,119.5,15399.819379983488,557.7999877929688,129.5563168156904,6.164000034332275,46.5836094823468,56.58282827964454,44.75563078212872,434.5652028390948,3.9019999504089355,2303612,619296,40184,460017,2452140,572464,4353,22249,598339,2289616,2811018,2737483,3564571,151322,4304429
2025-01-09,27.174999237060547,79.31704711914062,442.7208251953125,188.5135040283203,40.29999923706055,122.30000305175781,14747.923828125,565.5999755859375,130.05287170410156,6.004000186920166,46.28147888183594,56.4522819519043,44.644500732421875,432.73468017578125,3.9110000133514404,27.299999237060547,80.33462675691568,450.9441552143906,188.5135040283203,40.470001220703125,123.44999694824219,14785.714792450752,566.2000122070312,130.3237238913596,6.044000148773193,47.410975800099905,56.4522819519043,44.801929768459516,433.2838414617626,3.9149999618530273,26.770000457763672,78.42665800434605,441.95587647857536,183.83056054033534,38.810001373291016,119.5,14577.864488659112,550.2000122070312,126.89296166369145,5.915999889373779,44.62674399851336,55.50115290396968,44.36668873464092,423.85667978984543,3.8399999141693115,27.200000762939453,80.31645866270172,449.0317542416247,183.9800101992424,39.0,120.0,14662.894158392055,559.7999877929688,127.97635663660915,5.98199987411499,46.62079428859643,55.94874241644622,44.459291556377494,433.2838414617626,3.8399999141693115,1061604,566024,30118,178721,2398560,630904,2410,17241,469352,2042158,5193369,1424837,1669618,42228,2778234
2025-01-10,26.600000381469727,80.9887924194336,443.8682861328125,191.45278930664062,40.70000076293945,121.5999984741211,14729.0283203125,564.4000244140625,132.26480102539062,5.949999809265137,46.723052978515625,56.63877868652344,44.57041931152344,438.3177490234375,3.8989999294281006,27.375,81.0614786627904,445.3981835962096,191.85134705297367,40.779998779296875,124.0,14936.878623742183,570.7999877929688,132.8967802545895,6.026000022888184,47.457459183488496,56.82527164958645,44.89453272111787,439.5076030782098,3.9159998893737793,26.424999237060547,79.09899168260644,438.89603183400123,186.32148185041828,40.0099983215332,120.9000015258789,14587.312204337717,554.5999755859375,130.09801116067624,5.9120001792907715,46.27683242955945,56.15388915688405,44.32038745302007,429.89737876540494,3.867000102996826,27.19499969482422,79.22618914261002,445.20696100374676,188.7127675147227,40.29999923706055,123.05000305175781,14785.714766702413,565.0,130.36884956168004,6.004000186920166,46.3419060379752,56.24713563841555,44.6445008626145,431.91093281490095,3.9100000858306885,1774019,350836,44899,249047,1344490,505110,2288,20701,608118,2159482,3507263,1946008,1586111,102746,1775355
2025-01-13,25.670000076293945,79.78949737548828,444.2507629394531,189.3105926513672,39.75,121.1500015258789,14096.029296875,548.0,129.55630493164062,5.98199987411499,46.676570892333984,56.02334213256836,44.125919342041016,427.24310302734375,3.9000000953674316,26.579999923706055,80.95244954579393,446.736890102518,190.30696419163752,40.630001068115234,122.8499984741211,14851.848562122988,564.4000244140625,132.08423558796855,6.03000020980835,47.16927561455611,56.60147813829752,44.50559656382096,437.49402011048306,3.9179999828338623,25.655000686645508,78.80825388238976,434.4975060616309,186.52074929792556,39.75,120.0999984741211,14086.5815560594,540.4000244140625,129.1951778847854,5.880000114440918,46.27218541629496,55.53845260749301,43.736979718531366,425.595647178608,3.819999933242798,26.579999923706055,80.95244954579393,446.54563832808077,189.3105926513672,40.630001068115234,121.30000305175781,14823.505339676189,564.4000244140625,132.08423558796855,5.96999979019165,46.834609326630314,56.50822810051848,44.45003275115638,437.49402011048306,3.8970000743865967,2120029,266434,34084,206273,2227000,269569,3605,22168,796329,1738654,2717758,1605199,2208580,86622,2963509
2025-01-14,25.905000686645508,80.4981689453125,439.85223388671875,191.3033447265625,41.0,120.9000015258789,14190.5078125,563.0,131.81338500976562,5.953999996185303,46.899681091308594,56.02334213256836,43.98701477050781,434.38214111328125,3.8980000019073486,26.200000762939453,80.8252501016509,450.9441656209164,192.15026665698196,41.16999816894531,123.5999984741211,14388.910385111518,564.5999755859375,132.26480071185387,6.02400016784668,47.41097521278563,56.26578511654342,44.34817074762265,434.5651762446149,3.9089999198913574,25.65999984741211,79.04447876810937,439.4697595195238,188.31422996520996,39.08000183105469,120.25,14058.239430758988,546.2000122070312,130.18828572702517,5.949999809265137,46.7974215577641,55.66899910325844,43.699940349753504,427.8837934236485,3.8429999351501465,25.829999923706055,79.78949541715981,446.3543856718051,189.41024479240878,39.70000076293945,122.30000305175781,14162.164587841211,548.0,130.50428222893254,5.989999771118164,46.908975800610165,56.04198858299894,44.33891187779189,434.5651762446149,3.9000000953674316,1879610,335175,53371,273171,2472910,385905,2243,17659,769525,1873664,2935120,1499547,1598696,64580,2410161
2025-01-15,26.645000457763672,82.13357543945312,441.1908874511719,193.84408569335938,43.36000061035156,123.5999984741211,14455.0439453125,573.2000122070312,134.25103759765625,6.084000110626221,47.95945739746094,56.713375091552734,44.95935821533203,440.0567321777344,3.9200000762939453,26.645000457763672,82.49699971984172,446.92809022473955,193.84408569335938,44.20000076293945,123.75,14577.864580141952,574.7999877929688,134.43160113746066,6.0980000495910645,48.0617169355545,56.97446808522455,45.00565962923159,441.6126844145938,3.944000005722046,25.6299991607666,80.15292038966389,439.4697382914705,188.91204962260355,41.0,120.05000305175781,14105.477523105596,558.0,131.1814160926363,5.953999996185303,46.95545852844661,55.50115304748684,43.653638560964374,430.26347282630144,3.880000114440918,26.0,80.18926351087691,442.7208140269744,191.30333523162966,41.04999923706055,121.0,14228.298157935049,563.0,131.81339537000923,5.980000019073486,47.06701632250083,56.097939065665415,43.99627326290685,434.7482385428643,3.880000114440918,2129714,430919,30494,208413,7455250,309296,2710,15973,795859,1323964,2284669,1966125,1344692,70168,3538459
2025-01-16,26.670000076293945,80.1165771484375,438.3222961425781,206.3485565185547,43.540000915527344,124.25,14549.521484375,560.0,130.63970947265625,5.980000019073486,47.875789642333984,56.414981842041016,44.950096130371094,434.6567077636719,3.890000104904175,26.899999618530273,82.66054017560532,443.4857729213266,208.2416564044989,43.790000915527344,125.5999984741211,14662.894379058442,576.0,134.52188750486525,6.127999782562256,48.35919609922352,57.27286085023541,45.116784034543734,442.25337796709766,3.940000057220459,26.415000915527344,79.84400720561895,434.49749420559067,193.64481910631852,43.13999938964844,123.3499984741211,14455.044072138799,558.7999877929688,130.50429026413755,5.980000019073486,47.55042161666099,56.116588834223386,44.801929496947764,432.0939924730595,3.875999927520752,26.700000762939453,81.7701510365741,443.4857729213266,194.84046193972662,43.36000061035156,124.8499984741211,14606.20793171672,576.0,134.52188750486525,6.099999904632568,48.331308424521694,56.8066213308797,45.09826276379442,442.25337796709766,3.9200000762939453,1915674,581521,33352,776182,2102310,377240,2124,11776,649334,1233606,1724923,1401191,1309693,35834,2284943
2025-01-17,26.905000686645508,82.042724609375,443.8682861328125,217.70718383789062,43.58000183105469,126.4000015258789,14785.7138671875,566.2000122070312,131.7230987548828,6.210000038146973,48.805416107177734,56.713375091552734,45.376075744628906,438.775390625,4.002999782562256,27.1200008392334,82.22443329146601,453.2390394102758,219.4010124334733,44.18000030517578,126.69999694824219,14880.191272089656,571.5999755859375,133.1676345382862,6.234000205993652,48.94486157169643,57.23556463602162,45.60758633516273,442.25339341978594,4.010000228881836,25.850000381469727,80.46182996186724,441.76463334925614,203.65833889100983,42.97999954223633,124.1500015258789,14577.863576402755,562.2000122070312,131.13626384193944,6.019999980926514,47.74564192482115,56.58282859471683,44.88527442312001,435.8465770378938,3.88100004196167,26.75,81.31587601752716,442.7208338543411,206.14926776787357,43.540000915527344,125.05000305175781,14719.57968375599,565.0,131.5876795522387,6.079999923706055,48.06171523765079,56.67607507613526,45.0426999290488,439.324551901177,3.9000000953674316,2458445,336001,35793,813954,2382810,435226,3343,15630,414580,2757172,2451878,1011035,1811631,43089,5466264
2025-01-20,26.735000610351562,82.93310546875,455.3426818847656,215.91371154785156,44.11000061035156,126.80000305175781,14908.53515625,581.0,132.94192504882812,6.234000205993652,49.27952575683594,57.254215240478516,45.56128692626953,442.34490966796875,4.070000171661377,27.184999465942383,83.40555912507043,455.91637883008906,220.69629802196943,44.13999938964844,127.80000305175781,15040.803528992396,584.4000244140625,133.5739042802551,6.257999897003174,49.5770096596667,57.53395824477477,45.70019116715277,443.717798931906,4.138000011444092,26.69499969482422,80.97062539437634,438.89602189729095,215.3158977407264,43.2400016784668,125.05000305175781,14691.237115316066,557.4000244140625,131.04597357843318,6.171999931335449,49.00993662172445,56.3590326467551,45.31125505359401,434.1075740843455,3.9709999561309814,26.950000762939453,82.11540254953523,440.99967463322014,217.7071833760737,43.25,126.4000015258789,14880.191933519487,567.0,131.72309713555794,6.239999771118164,49.195859184906006,57.03041870276634,45.579808198234915,438.7754031680327,4.010000228881836,1916259,234444,49215,356520,998890,274278,1769,15524,166612,2113073,2775203,1295589,1007121,18799,3234647
2025-01-21,26.75,83.33287048339844,442.1470947265625,221.99159240722656,43.79999923706055,125.0,14965.22265625,580.0,135.06358337402344,6.199999809265137,49.298118591308594,57.981544494628906,45.75575256347656,442.6194763183594,3.9769999980926514,26.920000076293945,83.33287048339844,455.15142704988665,221.99159240722656,44.0,126.55000305175781,15003.01362255366,583.0,135.15385824863822,6.25,49.586304237466585,57.981544494628906,45.99652202115175,443.3516727069366,4.079999923706055,26.565000534057617,81.98820272918014,441.3821460173352,213.223519409515,43.400001525878906,124.0,14700.685892124367,573.5999755859375,132.26480051480053,6.136000156402588,48.7961227073095,57.08636550849241,45.264951246347586,439.1414736438631,3.940000057220459,26.899999618530273,82.56967880350655,455.15142704988665,215.9137196510998,44.0,126.5,14936.879431522253,581.2000122070312,133.03221271765278,6.230000019073486,49.55841656231262,57.25421201303364,45.56128451698069,442.07031506117556,4.050000190734863,1698961,139991,33108,381692,1587640,266524,1917,28412,460140,1373909,2232588,2197433,1554731,40492,1877159
2025-01-22,26.940000534057617,83.5509262084961,448.8404846191406,211.031494140625,44.790000915527344,123.5,15116.3857421875,588.5999755859375,138.17835998535156,6.179999828338623,49.08430480957031,60.592491149902344,46.302120208740234,450.49072265625,4.005000114440918,27.075000762939453,84.69571031631276,454.00396120404434,223.08758059132506,45.16999816894531,125.0,15173.072188720704,599.7999877929688,138.8554835915103,6.308000087738037,49.73504441774317,60.94683062397469,46.69105632285937,452.13817853092775,4.061999797821045,26.579999923706055,82.89676386117229,440.99965845122665,208.44092206841609,43.79999923706055,123.0999984741211,14908.535438232422,579.0,135.15386903406312,6.165999889373779,49.08430480957031,58.000196999838685,45.6261096776012,439.87370720970915,3.9690001010894775,26.864999771118164,83.38738562166515,443.2945336910814,221.99158102494673,43.900001525878906,124.19999694824219,14927.430920410156,580.0,135.15386903406312,6.182000160217285,49.456157027453536,58.000196999838685,45.755755048974244,439.87370720970915,3.9749999046325684,2064469,693682,52698,547562,1688350,458656,3455,26600,647241,1633495,3447012,4430345,2096682,52665,1929827
2025-01-23,26.864999771118164,81.78832244873047,460.6973876953125,211.92822265625,45.099998474121094,123.19999694824219,15040.8037109375,589.4000244140625,137.6366424560547,6.179999828338623,49.27022933959961,60.499237060546875,46.57992935180664,453.0534362792969,4.025000095367432,27.489999771118164,83.58726889446916,466.05211631368695,213.3231519286363,45.349998474121094,123.30000305175781,15201.41530835329,592.7999877929688,138.26862167294013,6.276000022888184,49.34460119929116,60.834930081348496,46.59845062265686,453.14496781232043,4.072000026702881,26.625,80.89794020532571,446.16315765220867,207.6438220109729,44.529998779296875,121.4000015258789,14861.296631472793,586.0,137.14008243703265,6.131999969482422,48.39638126569658,60.182197604373364,45.376075007111794,447.92797767650336,3.9800000190734863,26.940000534057617,83.58726889446916,448.458033008391,209.23802254986492,44.83000183105469,123.0,15125.833380157623,590.0,138.22349112439483,6.210000038146973,49.34460119929116,60.35004411477417,45.99652168402384,451.2229173448351,4.050000190734863,631177,316350,54334,250602,2842800,328553,1918,7574,453778,1593926,2325542,3525269,2337059,33202,2435344
2025-01-24,27.270000457763672,83.38738250732422,474.27545166015625,206.3485565185547,44.79999923706055,127.3499984741211,15286.4453125,598.2000122070312,139.35203552246094,6.242000102996826,48.9913444519043,60.90953063964844,46.765140533447266,452.13818359375,4.065000057220459,27.420000076293945,83.69629557390851,480.9688552118117,212.82497166989077,45.16999816894531,128.35000610351562,15390.370466046044,598.2000122070312,139.93887043642607,6.257999897003174,49.42826673797241,61.13332361737374,47.09851635790702,456.07378818927265,4.089000225067139,26.954999923706055,81.64295426743935,458.4025174014743,204.55508466673078,44.20000076293945,124.44999694824219,15106.938229102287,589.0,137.7269362073312,6.177999973297119,48.851898981007594,60.368691088749344,46.41324343734293,451.6805538532705,4.025000095367432,26.954999923706055,82.58785463031239,463.7572460789834,207.2452848427549,45.04999923706055,124.6500015258789,15106.938229102287,592.0,137.9977883892052,6.190000057220459,49.27023184745207,60.51789115006654,46.61697389286197,453.05344307470904,4.025000095367432,900814,320635,124729,264534,3398060,581630,2174,32973,495401,1197499,1773606,2324020,2266624,61092,2331000
2025-01-27,27.155000686645508,83.65995025634766,471.215576171875,204.25616455078125,45.5099983215332,123.30000305175781,15286.4453125,598.0,140.93199157714844,6.210000038146973,48.61949157714844,60.872230529785156,46.82070541381836,454.6094055175781,3.9719998836517334,27.204999923706055,83.67811835073256,473.7017032101598,205.85036508718096,45.599998474121094,124.80000305175781,15286.4453125,598.0,140.93199157714844,6.24399995803833,48.71245640525219,60.872230529785156,46.91330824157715,454.6094055175781,4.031000137329102,26.635000228881836,81.9518582510243,458.21127322870353,201.0677786814049,44.11000061035156,122.75,14747.92406230686,585.0,136.55325363605886,6.125999927520752,47.73634521451351,59.790558543917285,46.11691120559436,444.81611768000545,3.9149999618530273,27.0,82.40613685980324,469.49442701202065,204.25616455078125,44.119998931884766,124.5999984741211,15163.624676491037,597.7999877929688,138.6297686779788,6.21999979019165,48.693863439631436,60.872230529785156,46.76514159762022,451.6805639404994,4.03000020980835,1081837,254158,77578,347210,2095610,484805,2647,21110,589532,1373902,2924592,2454315,2010897,59978,1641556
2025-01-28,28.594999313354492,84.15057373046875,462.4185485839844,202.263427734375,46.56999969482422,121.4000015258789,15409.265625,604.2000122070312,143.09878540039062,6.306000232696533,48.70315933227539,61.97255325317383,46.27433776855469,456.9890441894531,4.019999980926514,28.729999542236328,84.22325304125684,479.05643076229893,206.54782850539377,46.810001373291016,123.80000305175781,15513.190776364194,606.4000244140625,143.36963759170263,6.308000087738037,49.084306271144534,61.97255325317383,46.95034826611574,457.26363879055094,4.021999835968018,27.149999618530273,82.49699983749683,462.03607423592746,200.56959911422996,45.380001068115234,121.4000015258789,15125.833394006744,595.5999755859375,140.6159989029075,6.197999954223633,48.52653147395651,60.55518830877547,45.95022082364979,451.7720819466248,3.950000047683716,27.155000686645508,83.56909765371434,477.1440298410921,204.7543566473599,45.5,123.3499984741211,15210.863063304721,598.0,140.84170676631507,6.211999893188477,48.7682329404058,60.61113477200497,46.72809654582178,456.6229459861585,3.950000047683716,2190641,190828,49549,150350,3458210,422193,1843,16670,689071,1386263,1859626,2532231,3185354,39616,1263421
2025-01-29,28.8700008392334,84.20508575439453,461.2711181640625,203.7579803466797,45.75,124.3499984741211,15305.3408203125,614.4000244140625,143.2793426513672,6.3379998207092285,48.61949157714844,61.73011016845703,45.93170166015625,459.0941467285156,4.045000076293945,29.469999313354492,85.22267236434872,467.5820473385591,207.444552011534,46.77000045776367,124.69999694824219,15503.743386501736,619.2000122070312,144.67873409833678,6.360000133514404,49.177269907034194,62.289603288988815,46.63549586290472,461.2907638271063,4.050000190734863,28.53499984741211,83.62360967206118,460.6973920243949,202.3630662691964,45.75,120.30000305175781,15220.311149088542,602.0,143.00849047193532,6.236000061035156,48.34060418532835,61.487670738093854,45.857620105039864,455.15851432585157,3.9619998931884766,28.80500030517578,84.13239951116743,463.7572453153398,202.3630662691964,46.5,121.4000015258789,15409.265974030672,602.0,143.09877912378397,6.309999942779541,48.991343797072275,61.99121027802212,46.30212003345244,457.5381944874505,3.99399995803833,1604145,250633,27114,140814,10787280,328299,2716,22512,417670,1203733,1508473,1770952,1141076,30447,1373868
2025-01-30,30.100000381469727,85.0046157836914,462.9922790527344,210.23440551757812,44.599998474121094,127.80000305175781,15447.0576171875,631.5999755859375,145.58157348632812,6.650000095367432,49.66067123413086,62.97963333129883,46.635494232177734,466.0501403808594,4.228000164031982,30.350000381469727,85.5860918807252,470.259379276957,210.23440551757812,45.79999923706055,127.80000305175781,15513.191808820719,644.0,146.03298921806868,6.659999847412109,49.66067123413086,63.035579795465054,46.635494232177734,467.1484350026527,4.228000164031982,28.96500015258789,84.22325597860065,459.35869975970047,203.5587189043872,43.90999984741211,124.0999984741211,15239.207300625956,617.7999877929688,143.55020269349563,6.380000114440918,48.66597065594596,61.692814855723675,45.93170005403919,460.5585834773842,4.013000011444092,28.96500015258789,84.31411725080244,464.90467999193453,203.75799018172856,45.599998474121094,124.3499984741211,15390.37116721617,617.7999877929688,143.55020269349563,6.380000114440918,48.66597065594596,61.692814855723675,45.93170005403919,460.5585834773842,4.045000076293945,2941811,216633,42328,185762,5309920,460093,3475,36618,602446,3913682,1630360,2375835,1205480,45090,5642385
2025-01-31,30.0049991607666,85.56792449951172,456.8725891113281,210.33404541015625,45.029998779296875,125.75,15550.9814453125,629.7999877929688,144.76902770996094,6.541999816894531,50.004638671875,62.401493072509766,46.302120208740234,464.03656005859375,4.251999855041504,30.364999771118164,86.0403712328917,465.669645419968,211.52968825859773,45.400001525878906,127.6500015258789,15673.802076411566,634.5999755859375,146.168405428759,6.677999973297119,50.08830524621915,63.296672060233284,46.91330805419275,468.612857495069,4.276000022888184,29.579999923706055,84.58668097817417,451.3266378608314,207.6438299968833,44.56999969482422,125.1500015258789,15267.54921969927,625.4000244140625,143.9564711438272,6.501999855041504,49.40037968536214,62.401493072509766,46.10765215168067,461.83994287538616,4.168000221252441,30.1200008392334,85.22267523018564,465.669645419968,211.0315024714618,44.599998474121094,127.5,15437.608555067209,630.0,145.5815704999801,6.650000095367432,49.72575127280971,62.83043255948665,46.635496039454594,466.050142103244,4.21999979019165,2518972,406657,48376,204205,2608940,343161,2742,29144,1237737,2363877,2052959,3028772,1767919,52300,2138273
2025-02-03,28.639999389648438,83.65995025634766,454.00396728515625,208.04238891601562,44.880001068115234,122.94999694824219,15135.2822265625,626.0,142.2410888671875,6.438000202178955,49.24234390258789,61.31982421875,46.00578689575195,451.1313781738281,4.197000026702881,29.200000762939453,84.223251294919,454.96016774631363,209.83586080045322,44.9900016784668,123.75,15295.893835708295,630.0,142.9633567375456,6.489999771118164,49.41897175801196,61.618217229687325,46.144694669327464,457.9958240618398,4.248000144958496,28.434999465942383,82.95127673573114,442.7208135158681,204.25617387185264,42.540000915527344,121.0,14946.327392273331,617.0,139.53259468543,6.389999866485596,48.1639767117846,60.25679867264512,45.37607777866678,447.47034036688854,4.050000190734863,29.0,83.58726401532508,444.63321443818285,204.25617387185264,43.83000183105469,122.0,15097.491259704666,624.0,140.4805704042679,6.449999809265137,48.377790498743934,60.90953116086722,45.37607777866678,457.6297258674462,4.160999774932861,3042082,208019,42934,301443,2065950,565600,3894,32242,528357,2801326,2380572,1608418,1495910,43849,3354246
2025-02-04,29.5,84.24142456054688,458.9762268066406,214.02061462402344,44.9900016784668,124.44999694824219,15532.0859375,625.0,143.0084991455078,6.452000141143799,50.40437698364258,60.834930419921875,46.4317626953125,455.4331359863281,4.2179999351501465,29.875,84.24142456054688,460.12367904602627,214.41915716757646,45.75,124.75,15532.0859375,632.2000122070312,143.41478432735417,6.4679999351501465,50.40437698364258,61.43171643483493,46.63549314199606,456.7144937090307,4.285999774932861,28.989999771118164,82.96944309619974,450.7528969068371,208.04238525018715,44.31999969482422,122.69999694824219,15229.758230687348,625.0,140.61600126366667,6.395999908447266,48.99134352064857,60.38734446586232,46.02430533451658,448.01952839793694,4.185999870300293,28.989999771118164,83.87800029477036,454.19522444407147,208.6401990655167,45.0,123.5,15248.653712363139,626.0,143.05364347417017,6.438000202178955,49.50263766047478,61.31982350344528,46.15395069783477,448.47715815115237,4.185999870300293,2399967,153409,31517,276321,927230,610022,2379,13079,499579,1712193,2123123,1311311,2344360,43712,2928620
2025-02-05,29.30500030517578,81.4975814819336,449.4142150878906,220.7959442138672,45.66999816894531,123.0,15494.294921875,613.2000122070312,140.84170532226562,6.420000076293945,50.99003982543945,59.51081085205078,45.91318130493164,440.23980712890625,4.241000175476074,29.8700008392334,85.09547424461243,462.41854714789486,220.99521548557644,45.79999923706055,126.05000305175781,15560.42910751715,631.4000244140625,144.00161537757288,6.533999919891357,51.371186755786795,60.59248993154905,46.63549320587739,460.3755155630766,4.300000190734863,29.145000457763672,80.78890794531982,443.86826410598337,213.5224287708033,44.90999984741211,122.6500015258789,15314.787846560595,610.4000244140625,139.3068946220536,6.414000034332275,50.4229703310168,59.02592133414213,45.70945085796901,435.75504129123243,4.2220001220703125,29.530000686645508,84.20508510134025,462.41854714789486,214.41915709520666,45.11000061035156,124.5,15352.57880978468,625.0,143.45991100050296,6.460000038146973,50.47874568174116,60.499236338023074,46.43176275891476,457.6297371402352,4.229000091552734,2404122,345881,55475,557301,1582890,596807,3419,37314,767540,1728005,2916176,2171120,1653145,88607,2463160
2025-02-06,29.649999618530273,83.53275299072266,474.27545166015625,218.2053680419922,45.459999084472656,128.85000610351562,16344.5927734375,654.4000244140625,145.9427032470703,6.449999809265137,51.743038177490234,61.74876022338867,47.2281608581543,457.08056640625,4.258999824523926,29.790000915527344,83.53275299072266,475.8053783081479,223.28686899557223,46.13999938964844,129.35000610351562,16439.07018831286,656.5999755859375,146.30384410477777,6.526000022888184,51.92896428494035,61.86065314973419,47.450412581229926,457.53819613391573,4.335000038146973,29.200000762939453,82.04271970507264,451.13538770920655,214.41915313573872,45.099998474121094,127.0,15456.505073609105,616.2000122070312,141.74454237507,6.420000076293945,51.027224968866896,59.95840225935886,46.042827755274416,441.61268719744805,4.234000205993652,29.329999923706055,82.6423638655213,452.4740917642766,221.1944826727044,46.0,128.0,15503.743781046785,630.0,141.74454237507,6.421999931335449,51.17596514557788,60.01434872253163,46.042827755274416,442.1618484569473,4.25,1421067,292217,203735,358572,1493650,1402658,5092,21214,1095488,1875598,2108832,3755019,2100233,60465,2674352
2025-02-07,29.56999969482422,84.93193054199219,502.48333740234375,215.8140869140625,45.93000030517578,132.3000030517578,16344.5927734375,668.2000122070312,148.38035583496094,6.48199987411499,52.18925857543945,62.92368698120117,47.30224609375,460.3755187988281,4.300000190734863,30.2549991607666,85.65877214667887,508.69864033881424,219.10210091359463,46.0,132.89999389648438,16391.831480875182,673.7999877929688,149.5088951589989,6.510000228881836,52.61688613911975,63.12882638826598,47.431891460718234,461.4738413482853,4.318999767303467,29.5049991607666,82.5151650503491,480.96882723763827,215.01698662191816,45.29999923706055,128.0500030517578,16004.4740798862,641.2000122070312,146.032988530516,6.374000072479248,51.48274362441311,61.74876143182856,46.913306460273986,454.4263321741912,4.257999897003174,29.75,83.31469289502685,480.96882723763827,218.7035583692342,45.52000045776367,129.5,16297.35406599982,658.0,146.16840773895464,6.478000164031982,51.966150084060835,61.82336146035229,47.228161008298834,458.72806290614517,4.28000020980835,2522970,372291,167689,212529,1184460,739991,4039,35974,667409,2006850,2324724,4210373,1481639,83541,1929155
2025-02-10,29.889999389648438,85.56792449951172,506.7862548828125,218.2053680419922,46.09000015258789,140.0,16259.5634765625,673.5999755859375,148.4706268310547,6.803999900817871,52.672664642333984,62.8304328918457,47.35780715942383,462.0229797363281,4.375999927520752,30.049999237060547,85.91317376883778,511.08915704691185,218.8031970495039,46.290000915527344,144.4499969482422,16467.413794101358,679.7999877929688,149.01233120286724,6.883999824523926,53.174664063561025,63.054232975648084,47.654140440992606,465.5009825599168,4.414999961853027,29.354999542236328,84.64119912829864,492.443247669148,215.31589664700633,45.41999816894531,131.0,16212.324768030941,665.0,147.34208753654056,6.473999977111816,52.245037081842284,62.457446980675535,46.98739232374854,457.6297453535354,4.267000198364258,29.600000381469727,85.5860925950586,510.13295656600087,216.2126249548507,45.79999923706055,132.5,16250.115734856188,667.5999755859375,148.42548250405122,6.498000144958496,52.245037081842284,62.8304328918457,47.22816179030891,462.20604280707073,4.300000190734863,1655999,121260,111350,174201,1251680,1865219,1733,30100,454848,5361534,2629354,3009810,1135765,49760,2812101
2025-02-11,29.825000762939453,87.03978729248047,507.26434326171875,223.48614501953125,46.5,136.0,16495.755859375,700.0,151.67567443847656,6.769999980926514,53.41636657714844,63.912113189697266,47.67266082763672,472.45697021484375,4.400000095367432,30.049999237060547,87.53040210737744,510.61104486664993,223.48614501953125,46.529998779296875,139.8000030517578,16561.890046669174,701.0,152.3076536600808,6.849999904632568,53.58369972087392,64.17320617826397,47.876391279647336,472.45697021484375,4.420000076293945,29.625,85.07730030592573,502.9614411982357,217.3086443586161,45.84000015258789,135.3000030517578,16155.637181862114,665.4000244140625,148.1094931816042,6.736000061035156,52.68196039593611,62.28960167913969,47.2096396422099,456.3483972532167,4.340000152587891,29.989999771118164,85.49523580897163,507.7424434909946,218.40464395781356,46.0,139.5,16278.457815408434,670.4000244140625,148.6963280782123,6.8460001945495605,52.89577772666523,62.58799468239454,47.50597291827736,462.3891156052648,4.366000175476074,1250437,340780,66847,250017,1870230,929870,3318,41016,853530,2167114,2052201,2489038,983946,77612,2132964
2025-02-12,30.1299991607666,87.85748291015625,506.7862548828125,228.46800231933594,46.900001525878906,134.8000030517578,16628.0234375,710.0,157.90521240234375,6.699999809265137,53.035221099853516,65.47867584228516,48.506099700927734,485.0875244140625,4.363999843597412,30.360000610351562,87.85748291015625,514.9139589705558,235.04404550970705,47.11000061035156,138.0500030517578,16722.500843394886,715.0,157.99550105625025,6.868000030517578,53.79751497712607,65.62786878133481,48.506099700927734,487.4671767169293,4.427000045776367,29.829999923706055,84.29594016967101,491.48704718823706,222.98795872564827,46.25,131.8000030517578,16372.934441583808,697.2000122070312,152.2173853852103,6.639999866485596,52.06840814215567,64.24780385956255,47.72822397890861,473.0060881051112,4.315000057220459,29.829999923706055,84.96827059078242,492.443247669148,223.4861445068926,46.58000183105469,137.5,16448.51636629972,702.2000122070312,152.57851244860737,6.789999961853027,53.71384840297441,64.32240388621244,47.85786934381659,473.0060881051112,4.380000114440918,3929460,714180,164547,608530,1652570,847871,3637,52685,2442301,2460456,2941735,5579982,2040526,145861,3021533
2025-02-13,30.81999969482422,87.34869384765625,524.9540405273438,226.0767059326172,47.33000183105469,136.35000610351562,16902.009765625,717.0,158.44691467285156,6.889999866485596,53.35129165649414,66.6908950805664,48.8394775390625,485.0875244140625,4.360000133514404,31.18000030517578,90.40144677572769,528.7788422798199,231.0585638438994,47.33000183105469,138.39999389648438,17053.173631611586,730.0,161.33597247006819,6.914000034332275,53.45355119138999,67.45552757749648,49.1543320951323,494.05705614572145,4.429999828338623,30.274999618530273,86.58550908150926,512.5234348317964,222.68904863431482,46.439998626708984,134.6999969482422,16628.025258524314,709.4000244140625,156.95724833594565,6.699999809265137,52.43096293492246,65.64652315163764,48.33941379720375,481.97561983677014,4.35699987411499,30.299999237060547,88.58433226767286,515.3920361461535,229.86292098587643,46.79999923706055,137.35000610351562,16628.025258524314,717.0,158.44691467285156,6.710000038146973,52.98873770276921,65.64652315163764,48.61722580960148,485.0875244140625,4.36299991607666,2512140,721571,153609,260359,1686980,602779,9223,64163,909613,3287962,2639584,6685001,2219140,160899,2404107
2025-02-14,30.924999237060547,85.33169555664062,530.2131958007812,225.97708129882812,47.290000915527344,136.8000030517578,16826.42578125,708.4000244140625,155.60299682617188,6.800000190734863,53.5372200012207,65.51597595214844,48.43201446533203,480.6943054199219,4.400000095367432,31.260000228881836,87.34869376781656,534.5160982013286,229.0658241282739,48.34000015258789,141.35000610351562,16939.798666918163,724.5999755859375,159.259452964136,6.881999969482422,53.862588038370646,66.74684793668473,49.15432990446021,485.45366604051657,4.409999847412109,30.799999237060547,84.82290571300769,519.216889666049,222.98796650705376,47.0,136.3000030517578,16618.575490858366,700.0,154.6550211038385,6.769999980926514,53.016627595535155,65.19892939554433,48.30236910082912,477.7654638177861,4.339000225067139,30.899999618530273,87.34869376781656,528.7788950005988,226.87380965499082,47.29999923706055,138.0,16902.007705028776,708.0,158.58232941619985,6.860000133514404,53.45355342791848,66.70954792330484,48.913556913893736,481.426501854704,4.360000133514404,3600073,656802,122038,238419,2904210,978396,4232,28090,739447,1984048,2389515,4211292,1795007,123911,2136838
2025-02-17,30.924999237060547,85.91316986083984,531.1693725585938,229.16546630859375,47.599998474121094,138.89999389648438,17062.62109375,720.0,156.18983459472656,6.822000026702881,54.1414794921875,65.47867584228516,49.26545333862305,481.7926025390625,4.364999771118164,31.219999313354492,86.82172709517779,539.7751769744846,230.56038045692864,47.810001373291016,139.3000030517578,17374.396562240447,727.7999877929688,156.86695815510834,6.920000076293945,54.448254566366174,66.05680826319646,49.54326533492145,488.56548903158404,4.409999847412109,30.639999389648438,84.3504503086999,525.9102698599938,224.18360834536344,46.81999969482422,135.89999389648438,16760.293366728958,700.0,154.11331958766635,6.76800012588501,53.39777503524812,64.75134336807409,48.17272309162095,472.64000793051656,4.3460001945495605,30.924999237060547,85.27718256949991,532.6036732945755,225.97708025281116,47.290000915527344,136.8000030517578,16883.114005831256,708.5999755859375,154.74529882213318,6.800000190734863,53.537220507485664,65.46002227849763,48.43201381715664,480.5112169486644,4.349999904632568,1880933,480468,113919,123813,1551220,392775,3993,20997,618807,1407510,1920520,2296816,1271073,73218,2080611
2025-02-18,30.75,89.65642547607422,545.5123901367188,228.16908264160156,49.439998626708984,139.3000030517578,17242.126953125,748.2000122070312,164.49588012695312,6.932000160217285,56.70724868774414,68.2015151977539,51.22866439819336,498.81640625,4.442999839782715,31.18000030517578,89.65642547607422,550.2933926795472,230.36109698874017,49.79999923706055,140.89999389648438,17383.843065068493,750.2000122070312,165.57927506359977,7.039999961853027,56.70724868774414,68.53720821529538,51.74724940493798,501.7452476978302,4.473999977111816,30.440000534057617,85.62242925829504,535.4722847967791,226.9734398343826,47.36000061035156,139.0,17043.724396404108,720.0,156.18983391117695,6.855999946594238,54.29021983430577,65.73977114528333,49.283976804900895,483.98919180905057,4.364999771118164,31.0,86.7490451859802,535.4722847967791,229.1654541815212,47.36000061035156,139.5500030517578,17100.410841181507,720.0,157.18295397250287,6.855999946594238,54.29021983430577,65.85167118921393,49.283976804900895,485.0875143348624,4.364999771118164,3167571,448556,116989,179744,2767940,474682,5013,29137,1671837,3310495,5123253,4566587,3208130,100058,1575017
2025-02-19,30.260000228881836,88.3299331665039,532.6036376953125,227.4716339111328,48.400001525878906,137.1999969482422,17166.546875,745.0,161.06512451171875,6.9720001220703125,56.512027740478516,67.32498168945312,50.2470588684082,491.8604736328125,4.418000221252441,31.200000762939453,90.54681497960169,562.7239511376865,237.93353546233607,49.529998779296875,140.64999389648438,17478.32235484315,762.0,165.12786602012537,7.223999977111816,57.813503448643786,68.81695379714482,51.302750167539706,507.0537588636695,4.479000091552734,29.989999771118164,87.31234659471086,530.6912368418284,224.9807049703701,48.04999923706055,135.60000610351562,16902.010104223995,733.5999755859375,160.02687385890513,6.880000114440918,55.684660255047625,66.87739574854582,49.8951653012691,487.10111309903607,4.383999824523926,30.75,89.56557152805925,547.9028445231851,228.4680054874379,49.400001525878906,140.0,17223.23332588057,748.2000122070312,164.4958867629295,6.960000038146973,57.29291458387595,68.22016779976825,51.22866508020217,500.4638793448256,4.442999839782715,1993605,437949,182718,396845,5619640,782214,5338,56509,1301110,5195322,4881827,6086810,3423229,96345,3085803
2025-02-20,29.135000228881836,89.45654296875,532.1255493164062,224.98069763183594,48.11000061035156,139.0500030517578,17062.62109375,738.0,159.7560272216797,6.860000133514404,55.88917541503906,66.63494873046875,50.321144104003906,488.931640625,4.400000095367432,30.290000915527344,90.18339151679137,534.5160504364261,229.56399761128463,48.70000076293945,140.60000610351562,17261.023664607557,743.5999755859375,161.51654584794838,7.039999961853027,56.50272910601146,67.15713469582221,50.932331946053694,496.0706536188694,4.46999979019165,29.100000381469727,87.56674228923562,524.4759457323429,223.6854115842049,47.709999084472656,136.60000610351562,16958.695937586515,732.0,157.40867364535976,6.802000045776367,55.78691587550272,66.09410920106684,49.83960163260537,488.19944419078394,4.373000144958496,30.260000228881836,88.13005026055475,534.5160504364261,228.36835479940336,48.5,137.0,17166.54624991348,735.0,159.34975581194306,6.973999977111816,56.25172938521653,66.69089519411371,50.09889237390789,491.86048222487153,4.418000221252441,3479029,514056,90007,203364,6597470,821315,3307,39014,963054,2777246,3208681,3289466,3049399,95758,1841030
2025-02-21,29.649999618530273,89.67459869384766,533.5598754882812,227.3719940185547,48.5099983215332,137.75,17270.46875,740.0,158.08578491210938,7.050000190734863,56.12158203125,66.15006256103516,50.13593292236328,486.18585205078125,4.420000076293945,29.959999084472656,90.69218531939151,539.7751786973741,230.85929458694793,48.7400016784668,140.1999969482422,17383.841630196937,747.4000244140625,160.7491348081425,7.107999801635742,56.40046942714017,67.10118801111699,50.71007819778519,494.60625052774856,4.460000038146973,29.184999465942383,89.14764075173234,528.7788730197483,224.98070828159746,48.11000061035156,137.75,17015.379769556894,721.2000122070312,157.99549626094324,6.889999866485596,55.59169491518498,66.00086250613987,50.0618513703272,483.44007358196626,4.376999855041504,29.190000534057617,89.4928900147378,533.5598754882812,226.07670790960955,48.11000061035156,138.39999389648438,17062.61846963895,734.7999877929688,159.34974337175132,6.889999866485596,55.870582311075154,66.523048469773,50.11741165121145,486.5519223288197,4.400000095367432,3277612,488498,71402,186125,2028390,1370709,2241,22473,666292,3119905,1849069,2371550,2838362,76037,2377589
2025-02-24,28.795000076293945,86.16756439208984,516.3482666015625,220.89556884765625,47.5,134.25,17005.93359375,722.0,152.1722412109375,7.033999919891357,55.68465805053711,63.93075942993164,49.321014404296875,473.9213562011719,4.380000114440918,29.959999084472656,89.67459585549248,540.2532789442274,227.07306939609074,48.470001220703125,138.0500030517578,17289.3658203125,746.2000122070312,158.40177260553136,7.0980000495910645,56.24243282534814,66.1127640393942,50.13593266798672,491.12822356589567,4.420000076293945,28.7549991607666,85.87682635567135,513.0015648735894,219.30138349509883,47.099998474121094,133.64999389648438,16958.694889322916,722.0,151.49511763430274,7.001999855041504,55.37787944201917,63.66966644222252,49.1728477684052,472.8230336325711,4.316999912261963,29.649999618530273,89.65642776085328,535.4722764756945,226.77417009483972,48.36000061035156,137.60000610351562,17289.3658203125,730.0,158.13092041965456,7.050000190734863,56.09369264898216,66.1127640393942,50.13593266798672,490.5790902130985,4.420000076293945,3912271,741719,121618,212579,2723110,462975,2243,41309,1225222,1835313,2565212,3799867,871807,51583,3073700
2025-02-25,29.110000610351562,86.96710205078125,508.2205505371094,219.89920043945312,47.630001068115234,133.0,17053.171875,731.0,154.74530029296875,7.050000190734863,56.38187789916992,64.28510284423828,49.876644134521484,476.48406982421875,4.353000164031982,29.354999542236328,87.9483455553629,518.2606554865725,222.8883151220105,48.099998474121094,136.0500030517578,17232.678947368422,736.0,156.23498040563632,7.124000072479248,57.051206915028565,64.75134233196441,50.135934875606374,481.60955650404463,4.408999919891357,28.604999542236328,85.02279006859636,505.35194912297703,217.50791477477662,47.11000061035156,132.14999389648438,16864.21706198061,693.2000122070312,151.81109817009187,6.973999977111816,55.40576673068621,63.05423088121131,49.117289650568814,471.5417020786439,4.314000129699707,28.770000457763672,85.58609113357555,506.78624983004323,220.8955720003056,47.5,133.0,16987.037690443212,708.7999877929688,152.03680602569779,7.001999855041504,55.6474717319996,63.33397030529699,49.172849933617634,473.738291344564,4.355999946594238,2869593,831015,93035,231351,1322750,580090,4337,54379,1392182,2593278,2754400,5970678,1583991,88071,2712183
2025-02-26,29.350000381469727,88.4571304321289,518.2606811523438,222.09121704101562,48.06999969482422,136.1999969482422,17383.84375,757.5999755859375,157.5892333984375,7.438000202178955,57.441654205322266,65.47867584228516,50.45078659057617,488.1994323730469,4.459000110626221,29.69499969482422,88.4571304321289,523.0416837460001,222.09121704101562,48.5,138.3000030517578,17497.21664402174,760.0,157.90521614236548,7.498000144958496,57.543913744544916,65.55327586893503,50.52487167389682,489.6638252060308,4.466000080108643,29.209999084472656,86.4037891986843,510.13297674312804,218.30501723486685,47.79999923706055,135.5,17062.62055027174,729.4000244140625,155.15159122248497,7.044000148773193,56.70724801112837,64.22915029577503,49.969244146705584,474.8366103542938,4.366000175476074,29.299999237060547,86.96709716375074,511.5672775212249,219.4010168406486,48.11000061035156,137.5,17062.62055027174,731.0,156.18984188642864,7.050000190734863,56.70724801112837,64.75134336807409,50.11741078077567,474.8366103542938,4.379000186920166,2517692,685676,121891,191047,2315290,741446,5435,36021,932211,8997223,4347809,3503595,1916608,112096,2266661
2025-02-27,28.135000228881836,87.7666244506836,517.7825317382812,217.20899963378906,47.279998779296875,132.14999389648438,17194.888671875,741.0,156.41554260253906,7.254000186920166,58.492130279541016,65.18028259277344,49.895164489746094,480.6943054199219,4.400000095367432,29.21500015258789,89.12946025560645,524.4759347339747,222.78868643969614,48.0,136.0,17449.977679644573,768.2000122070312,160.4331396428793,7.47599983215332,60.06320220980477,66.28060808164257,50.74712178484266,495.15539449314616,4.489999771118164,28.135000228881836,87.05795094120232,512.045329170544,214.71807073890616,47.13999938964844,131.9499969482422,17072.068038504465,737.4000244140625,155.42242253588682,7.2179999351501465,58.33409538865412,64.45295012143198,49.821079403613524,479.2298566873504,4.395999908447266,29.100000381469727,87.22149151506272,519.2168323802156,222.19085742355486,47.79999923706055,135.75,17383.843492445056,757.4000244140625,157.58922619691515,7.389999866485596,58.57579685302397,65.49732203340942,50.17297649760057,485.27060296606925,4.460000038146973,4075951,616529,143999,241224,2093850,628608,3170,29198,1048747,2948903,8022878,4321272,2372362,131137,2112903
2025-02-28,27.989999771118164,86.36744689941406,519.6949462890625,220.7959442138672,49.560001373291016,129.4499969482422,17251.57421875,740.2000122070312,153.48133850097656,7.124000072479248,58.28761291503906,64.43429565429688,49.93220520019531,476.48406982421875,4.420000076293945,28.25,86.51281938148703,523.9978483282543,221.9915870475462,50.34000015258789,130.64999389648438,17327.15614303806,744.7999877929688,155.19671265613013,7.199999809265137,59.059201471801686,64.99378161561891,50.19149947791572,486.5519242496195,4.429999828338623,27.700000762939453,84.98644297842819,506.30813994491,214.41915709520666,47.27000045776367,128.25,16977.58974320578,729.0,152.21738004729644,6.9720001220703125,57.21854045927357,63.781563218462814,49.339538621242596,473.55528413632527,4.34499979019165,28.020000457763672,86.24024944347094,513.4796433435631,214.6184283669159,47.279998779296875,130.1999969482422,17109.858110709883,730.2000122070312,155.19671265613013,7.199999809265137,57.91576070096962,64.34104917978486,49.45066625422483,476.8501959667085,4.392000198364258,5662388,8676644,1638861,374141,11051400,1096607,4124,60594,1388058,4693422,5303342,4861740,2735083,164925,2031474
2025-03-03,28.09000015258789,87.22149658203125,506.30816650390625,220.1981201171875,50.0,131.6999969482422,17204.337890625,743.7999877929688,154.24874877929688,7.193999767303467,59.60768508911133,65.19892883300781,50.80268478393555,480.6943054199219,4.429999828338623,28.350000381469727,87.98468134988798,523.9978758151854,221.99159200950547,50.060001373291016,133.75,17289.367567184923,756.4000244140625,155.3321436940924,7.25600004196167,59.62627450819561,65.27352885912397,50.858245065071756,484.90447681717455,4.440000057220459,27.80500030517578,85.67695201942115,501.52716398734435,216.5115482961818,48.40999984741211,129.1999969482422,16892.56240990527,721.7999877929688,151.26940243152387,6.984000205993652,57.274319360779415,63.371270878662344,49.17284824089514,471.35864725317975,4.36299991607666,28.040000915527344,85.78597445383397,519.6949735502795,218.90283401698986,49.040000915527344,129.4499969482422,17185.442406945014,721.7999877929688,153.48133658592178,7.099999904632568,57.70194692462863,63.968056859091476,49.72847578025626,476.484078159662,4.420000076293945,3219726,677034,114559,241825,3579860,641821,4322,21223,973387,2967681,2911965,2943818,1655352,87113,1619095
2025-03-04,27.559999465942383,82.51516723632812,492.4432373046875,215.2162628173828,48.810001373291016,127.3499984741211,16391.83203125,708.0,145.80728149414062,7.013999938964844,57.785614013671875,61.506317138671875,48.635746002197266,459.46026611328125,4.357999801635742,27.889999389648438,87.13063962191346,502.00524191254556,218.90283464903285,49.849998474121094,130.6999969482422,17053.173957582854,732.2000122070312,152.30766528230967,7.168000221252441,59.13357386908422,64.63944730839414,50.35818538644175,474.1044180212743,4.425000190734863,27.405000686645508,82.38796977884472,489.0965356919372,214.71807702382407,48.619998931884766,127.3499984741211,16391.83203125,708.0,144.9044500297806,6.97599983215332,57.785614013671875,61.3944170918066,48.22828862856028,458.1789084076325,4.3480000495910645,27.8799991607666,87.11246459556352,502.00524191254556,217.50792050843788,49.849998474121094,130.1999969482422,17053.173957582854,732.2000122070312,151.99168253545258,7.059999942779541,59.031314331976,64.34105429767062,50.00628829450857,470.0772539013737,4.400000095367432,3894474,1011703,108357,355340,1964720,719226,7521,44858,1478688,3459799,3661477,3178066,3136292,129378,2405007
2025-03-05,28.614999771118164,88.5843276977539,524.9540405273438,218.40464782714844,48.81999969482422,132.75,17024.830078125,736.0,153.6619110107422,7.0960001945495605,58.817501068115234,65.27352905273438,50.00628662109375,481.60955810546875,4.414999961853027,28.795000076293945,88.67518203212127,526.3883411845222,224.48252056131807,49.08000183105469,133.3000030517578,17090.964268217605,739.7999877929688,153.84247454666607,7.1579999923706055,59.72853510802671,65.3294755153624,50.08037170431473,483.9892104505464,4.455999851226807,27.799999237060547,85.40437747270633,504.87383132684425,215.71444759528234,48.2400016784668,131.14999389648438,16552.443006034962,712.0,149.14775373207104,7.059999942779541,58.56650135106121,62.77448508443111,49.39509881480545,466.7823430934291,4.390999794006348,27.860000610351562,85.40437747270633,510.1329337364989,218.00610527554747,48.900001525878906,132.3000030517578,16561.890747476762,712.0,150.1408738438246,7.107999801635742,58.994128922525576,63.054231626071434,49.543265448676216,466.7823430934291,4.400000095367432,3683602,761554,92621,210316,2668090,1332455,4458,32153,990832,3135221,3029910,4354521,1700141,141395,1243294
2025-03-06,29.165000915527344,90.3832778930664,567.9830932617188,215.01698303222656,48.5099983215332,133.10000610351562,17478.322265625,752.2000122070312,157.31837463378906,7.165999889373779,59.68204879760742,67.13848876953125,50.5804328918457,498.4502868652344,4.435999870300293,29.295000076293945,90.3832778930664,569.895494249132,219.99884077067748,48.95000076293945,134.0,17478.322265625,757.5999755859375,157.81493466906116,7.28000020980835,59.77501716885033,67.23173524775,50.932329979002404,498.4502868652343,4.449999809265137,28.75,88.34810467092426,525.9102715386284,209.6365675526456,48.38999938964844,131.39999389648438,17005.935177364867,735.0,153.48134110613566,7.052000045776367,58.705944731975286,65.32947721223657,49.580308976467805,482.15867941142005,4.388999938964844,28.7549991607666,88.76604017232621,534.5160759819878,219.20174049184067,48.630001068115234,133.5,17100.412595016893,736.0,153.6619046345671,7.199999809265137,59.03131275385266,65.6278702110867,50.33966343173087,483.6231280866536,4.420000076293945,2236754,718328,153959,372409,2354610,1410338,3690,34373,772890,3251791,2486695,3666692,1760776,127589,1197176
2025-03-07,28.899999618530273,90.90115356445312,555.552490234375,214.71807861328125,48.380001068115234,131.64999389648438,17270.46875,765.5999755859375,158.4017791748047,7.168000221252441,59.92375564575195,68.07096862792969,50.728599548339844,498.084228515625,4.436999797821045,29.184999465942383,91.6734258230123,570.8516982270601,217.90646467497464,48.75,133.5,17440.528070295404,767.4000244140625,158.89833924015318,7.168000221252441,59.92375564575195,68.29476160129168,50.858244914034366,504.3079819110733,4.439000129699707,28.579999923706055,89.20214905022972,548.8590867375754,212.02787834883446,47.650001525878906,129.5,16902.006889359956,740.0,154.42932620424688,7.047999858856201,58.7989078254083,65.8703175661607,49.93220255042059,489.6638299862508,4.377999782562256,29.0,89.91082258000735,570.3735979772887,215.016993132314,48.4900016784668,132.25,17421.632590262583,750.0,155.0161611512219,7.099999904632568,58.99412864455973,66.22465703350473,50.45078754576996,497.53503930064034,4.40500020980835,2058927,658491,136412,270698,1628020,527922,5152,45579,1031894,2411318,2497495,4715725,1556354,103487,2105645
2025-03-10,28.424999237060547,87.31234741210938,559.3772583007812,211.82859802246094,46.900001525878906,128.0,17005.93359375,741.2000122070312,152.57850646972656,7.185999870300293,60.23983383178711,66.01951599121094,49.9136848449707,479.5959777832031,4.416999816894531,28.899999618530273,91.21914622885767,562.7239598461705,215.1166119811033,48.38999938964844,131.60000610351562,17346.052265625,765.0,158.4017662395318,7.248000144958496,60.23983383178711,68.18286698485541,50.80268466681343,492.0434846323737,4.435999870300293,28.25,86.33110395138075,550.2933541061532,209.43729717576622,46.47999954223633,127.5,16902.00844401042,731.2000122070312,150.90826287070706,7.078000068664551,59.356683905844,65.2921763958411,49.56178775744374,473.5552874311364,4.388999938964844,28.850000381469727,91.12829189325127,556.0305567553919,213.72169788976552,47.689998626708984,131.3000030517578,17336.604524739585,765.0,158.266347040093,7.131999969482422,59.88657102441334,68.05232049410317,50.74712085323402,489.663832278652,4.435999870300293,1802020,628657,127306,334970,3297850,763016,3482,27872,847980,2990794,3811479,3767898,1313008,109228,1501961
2025-03-11,28.6299991607666,87.5122299194336,565.114501953125,208.93911743164062,46.720001220703125,128.25,16996.486328125,740.0,151.946533203125,7.179999828338623,60.68605041503906,65.5719223022461,49.15433120727539,478.86376953125,4.394000053405762,28.729999542236328,88.91140885031776,574.1984068068555,215.3159046701607,47.38999938964844,129.75,17327.157268360897,766.7999877929688,154.7904467117576,7.326000213623047,61.63427394230038,66.82144784844701,50.28410050829572,490.39601659606126,4.443999767303467,28.209999084472656,86.76721328680607,557.4648978657731,205.75073141409246,46.36000061035156,127.5,16788.636022833867,740.0,150.68256092897707,7.127999782562256,60.1933492318013,65.23622929665481,48.987643296333296,474.104409078326,4.377999782562256,28.424999237060547,87.40320055914368,573.720306551396,211.72896089827915,46.650001525878906,128.10000610351562,16987.038586975403,741.2000122070312,152.12709673482772,7.127999782562256,60.1933492318013,66.20600830011296,49.728476493536306,478.6807064632519,4.415999889373779,3498472,716275,156709,411471,1961930,740526,2733,50034,512140,2256723,3947107,2462246,2010787,124295,1535049
2025-03-12,28.5,91.67342376708984,604.3187255859375,208.93911743164062,47.5,129.14999389648438,16826.42578125,756.5999755859375,156.912109375,7.369999885559082,61.5134162902832,66.80279541015625,50.487831115722656,488.7485656738281,4.489999771118164,29.040000915527344,91.8551324361787,613.8807307376137,211.92823217373396,47.650001525878906,131.0,17166.544438254492,760.0,157.45379998143628,7.4019999504089355,61.810896643693944,66.87739543804453,50.50635238728045,489.84688822996594,4.489999771118164,28.5,87.80296811617293,577.0670109036603,207.64383133604875,46.599998474121094,128.39999389648438,16646.91871227541,743.7999877929688,153.39105844064804,7.25,60.69534709152644,66.03816290992694,49.358058278696504,479.0468374644563,4.394000053405762,28.899999618530273,87.96650869104946,579.4575121915793,210.0351322517777,46.630001068115234,130.4499969482422,17100.410254948063,745.0,153.70705495982187,7.260000228881836,61.54130396521373,66.28060944343873,49.358058278696504,479.0468374644563,4.394000053405762,4507485,706532,177164,323682,1372880,1628083,3996,42682,1069938,2654199,2902305,5439779,1437064,99272,1179564
2025-03-13,32.380001068115234,94.03567504882812,607.1873168945312,212.52606201171875,47.880001068115234,132.60000610351562,16892.560546875,765.2000122070312,159.21432495117188,7.480000019073486,61.941043853759766,69.0220947265625,50.6359977722168,498.26727294921875,4.550000190734863,32.974998474121094,95.44394155414011,615.3150211364266,213.22351908017475,48.06999969482422,133.39999389648438,17005.93343645134,776.2000122070312,160.4331390912022,7.480000019073486,62.182748857304496,69.65618075204911,50.98789486678761,502.477444124918,4.550000190734863,29.84000015258789,90.4014460614338,597.6253119040662,206.54783250479795,47.5,128.0,16628.0238045302,746.7999877929688,155.87383770725432,7.289999961853027,61.271718377967645,66.95199725424632,50.22854039552571,483.2569954425441,4.461999893188477,30.5,91.31000330828239,605.2749158964383,207.64383212567913,47.5,129.0500030517578,16816.978620490772,754.0,157.18295427500723,7.369999885559082,61.58778815049522,67.58608327973293,50.56191268596132,485.087514364675,4.461999893188477,15869693,759107,114977,249698,1901530,1197127,3347,27993,920427,3595052,2849423,5387535,1865012,107410,2778906
2025-03-14,32.02000045776367,97.94247436523438,611.0120849609375,215.2162628173828,48.29999923706055,137.14999389648438,17005.93359375,795.0,166.16612243652344,7.763999938964844,62.64756393432617,72.84526062011719,51.67316436767578,518.9521484375,4.800000190734863,33.38999938964844,98.57846166781391,620.095989197446,215.31590605746413,48.4900016784668,137.89999389648438,17119.306484375,802.7999877929688,167.65578874066165,7.78000020980835,62.69404812204365,73.31150011102213,51.85837355115848,521.514863923849,4.835999965667725,31.920000076293945,93.76310546802586,607.1872831771445,210.83223391543532,47.599998474121094,133.5500030517578,16826.426516927084,757.5999755859375,158.4017668621866,7.4120001792907715,61.56920028569509,68.70505166432135,50.543395060316925,494.0570782922353,4.559000015258789,32.44499969482422,94.8988020310191,615.3149869677047,213.2235196431478,47.790000915527344,134.10000610351562,16987.038111979167,775.0,159.80115829171538,7.478000164031982,61.913157741835875,69.02209110329667,50.69156170058881,494.42320444586,4.559999942779541,8013481,623904,111662,250543,1891610,1289245,4054,66282,1056407,5230275,3833050,6363078,3944077,115050,4528540
2025-03-17,31.575000762939453,100.2138671875,610.055908203125,215.2162628173828,48.560001373291016,138.8000030517578,17223.232421875,809.2000122070312,166.88839721679688,7.72599983215332,62.89856719970703,73.77774047851562,52.39548110961914,526.0911254882812,4.809999942779541,32.244998931884766,100.39557586433153,622.486514483126,219.20174916585287,48.619998931884766,138.8000030517578,17364.948541638096,816.5999755859375,168.24264437697823,7.8460001945495605,63.20533872417059,73.88963340454224,52.56216549299589,530.1182894502329,4.843999862670898,30.799999237060547,97.71533475648722,604.7968055462015,214.0206199535266,48.119998931884766,136.10000610351562,16920.904699713727,787.2000122070312,165.53415005661552,7.673999786376953,62.08049088782752,72.47226846562086,51.59908407399366,516.2063345106776,4.739999771118164,31.899999618530273,98.124182745229,612.4464094108175,215.7144486109416,48.29999923706055,138.0,17015.382112889125,795.0,166.1209849822483,7.763999938964844,62.65686219006161,72.82660792178868,51.82133227354362,517.304657033301,4.800000190734863,3991791,724130,81672,238362,1526740,875851,4600,34778,599273,3807351,2738559,4412831,1840437,107285,1545763
2025-03-18,31.469999313354492,100.66814422607422,601.92822265625,216.41189575195312,49.11000061035156,139.0,17317.7109375,830.0,168.19749450683594,7.800000190734863,63.58648681640625,74.6356201171875,52.67329025268555,535.2437133789062,4.765999794006348,31.899999618530273,103.48467026306048,615.7931300883638,218.0060962995665,49.5,141.8000030517578,17449.97932436579,842.7999877929688,171.22197146590128,7.8480000495910645,63.93974251532009,75.60539913224206,53.43264470278245,540.7352700603512,4.89900016784668,31.1200008392334,100.07758063805898,592.8443177869341,212.8249673249578,48.5,137.8000030517578,17147.651582958264,810.0,167.02381091813433,7.7220001220703125,62.90785600067406,73.74044112965642,51.950974812112676,527.1894414187209,4.742000102996826,31.829999923706055,100.07758063805898,612.9245285506851,216.01335321676137,48.619998931884766,139.0,17289.36771174304,810.0,167.43008229757726,7.72599983215332,63.11237507096297,74.15072705253512,52.599205168495,527.1894414187209,4.809999942779541,3252411,754665,76509,282651,1819130,1084748,5313,36375,1357522,4623975,3463003,4406368,2108681,105623,1297753
2025-03-19,31.065000534057617,100.12300109863281,594.2786254882812,217.4082794189453,48.81999969482422,138.89999389648438,17270.46875,825.5999755859375,165.08273315429688,7.8480000495910645,63.45634078979492,73.94558715820312,52.46956253051758,530.6674194335938,4.7870001792907715,31.559999465942383,101.16784326948225,601.9282296779936,218.80320877676272,49.220001220703125,139.5,17336.60293011488,841.2000122070312,168.28777372288127,7.894000053405762,63.80029823942923,75.43755212753474,52.76589581753739,537.2572986647743,4.840000152587891,30.940000534057617,99.07816585952473,589.0195226078539,212.62569271278744,48.56999969482422,136.60000610351562,17053.17072962254,817.4000244140625,164.67644798826052,7.691999912261963,63.04730264159075,73.51664055991077,51.673165496937536,528.8369005284327,4.699999809265137,31.5,100.57727970058984,597.6253273212803,216.21263654326185,48.869998931884766,138.5,17185.439089852298,831.0,167.47523094303736,7.71999979019165,63.16815159788238,74.4118266557599,52.228793059528265,529.5690969178963,4.699999809265137,3652308,272091,71876,207029,1466890,747451,4343,40532,1099958,3514830,2549336,6440671,1805314,95607,962778
2025-03-20,31.290000915527344,98.0333251953125,588.5413818359375,221.6926727294922,46.61000061035156,138.1999969482422,17147.650390625,822.7999877929688,162.50965881347656,7.809999942779541,63.47492980957031,73.01310729980469,51.96949768066406,526.0911254882812,4.75,31.290000915527344,101.12242112244373,595.7128852701691,221.6926727294922,49.11000061035156,141.0,17289.366509555784,840.0,165.75985750019188,7.875999927520752,63.837483768654685,74.11343278559875,52.469561416608116,530.8504858443138,4.940000057220459,30.454999923706055,97.26105294646506,586.1508806911936,214.81771502734026,46.25,134.6999969482422,16920.904600335743,812.2000122070312,159.7560201728031,7.71999979019165,62.74982189140158,72.22982125376059,51.41387366244046,518.2199164916534,4.682000160217285,30.940000534057617,99.48701535756794,593.8004843543739,216.81045815299862,49.0,140.0,17261.02328576963,840.0,165.48900531361318,7.78000020980835,63.45634039044672,73.94558628389288,52.451040144991154,530.6674227800426,4.880000114440918,3277448,429818,65003,251282,5277950,838725,6887,40017,1143523,2449880,2156479,4585376,1934747,75415,2938082
2025-03-21,31.510000228881836,97.0339126586914,584.7166137695312,221.89195251464844,45.88999938964844,135.1999969482422,16996.486328125,819.0,159.80116271972656,7.800000190734863,63.40055847167969,70.98030853271484,51.895416259765625,517.4877319335938,4.724999904632568,31.75,98.66931147525322,595.234819413791,225.27962508029577,46.689998626708984,138.0,17204.336633416136,830.0,162.7353648600605,7.875999927520752,63.781708945526425,72.75201305342694,52.48808282274206,528.2877826165693,4.748000144958496,30.799999237060547,94.67165837075534,580.8918117170731,219.1021089910048,45.43000030517578,134.6999969482422,16835.874728581854,803.0,156.28012566177154,7.74399995803833,63.02871334620823,70.15972240766861,51.24718588179589,513.2775048110742,4.682000160217285,31.34000015258789,97.57904559754535,588.063315565432,221.6926812351219,46.61000061035156,137.0,17147.650186518553,819.5999755859375,162.50965700311176,7.77400016784668,63.47493033377044,71.50249452919836,51.78428862977902,519.8673842345356,4.699999809265137,7765693,855595,110623,654792,7931590,1049982,11048,113731,3551973,6151047,7101346,6682486,4201489,316340,4398590
2025-03-24,32.6349983215332,98.62389373779297,589.4976196289062,222.9879608154297,46.130001068115234,139.64999389648438,17138.203125,839.4000244140625,160.56857299804688,8.0,64.4696273803711,71.59574127197266,53.09926986694336,530.1182861328125,4.771999835968018,32.63999938964844,99.57787470554061,594.7567224804212,225.2796184713151,46.2599983215332,140.10000610351562,17175.99409109702,842.0,162.50965503383873,8.0,64.82289015955897,72.08063436839548,53.395603144020335,530.8504825223115,4.788000106811523,31.59000015258789,97.03391852647175,578.5013136666477,220.7959463980964,45.560001373291016,137.39999389648438,16845.32313774807,819.0,160.38799569378463,7.8460001945495605,63.58648461738288,71.1108552898005,51.969497040230316,523.5284069013142,4.632999897003174,31.639999389648438,98.71474807780581,594.2786222211926,221.8919460050512,45.939998626708984,138.8000030517578,17081.516675854466,822.4000244140625,161.60682361698406,7.880000114440918,63.67944589361994,71.52114123956136,52.24730904591857,526.2741852591881,4.701000213623047,3581272,262252,44503,184696,2676000,940448,3054,23777,478436,3181487,4869695,2675069,1388313,63940,3444346
2025-03-25,32.31999969482422,106.25576782226562,603.3624877929688,228.86654663085938,45.58000183105469,140.75,16987.0390625,864.2000122070312,164.94729614257812,8.289999961853027,64.98092651367188,73.38609313964844,53.48820495605469,540.9183349609375,4.869999885559082,32.76499938964844,106.30119845755101,608.1434900734201,228.86654663085938,46.0,142.0,17194.889373609567,871.7999877929688,165.12785966967365,8.300000190734863,65.07388779201943,73.75908615581662,53.58081131124561,545.8607583362389,4.900000095367432,32.185001373291016,99.16902541747393,590.9318818637951,221.59303112782257,44.86000061035156,138.0500030517578,16920.904872601503,834.5999755859375,160.70399126332,7.9720001220703125,64.14426082356202,71.6330352121831,52.784414319459906,527.921639598074,4.78000020980835,32.599998474121094,100.94070928573642,597.1471848283819,223.18723172148836,45.599998474121094,139.8000030517578,17147.65066653921,842.5999755859375,161.60682267491168,8.0,64.54400070369834,72.73336069704168,53.43264467551138,533.7793224233939,4.78000020980835,1997366,806743,70934,305370,2656240,810304,1837,25707,669622,3470391,3514607,3303180,1239170,45808,2494260
2025-03-26,31.225000381469727,106.11949157714844,586.15087890625,210.63294982910156,44.52000045776367,136.3000030517578,16949.24609375,852.0,164.81187438964844,8.210000038146973,65.1761474609375,73.19960021972656,53.56229019165039,538.90478515625,4.89900016784668,31.985000610351562,107.20975752504538,607.1872889159359,219.20175165706559,45.5,141.9499969482422,17015.380275832635,868.7999877929688,166.6626815099798,8.357999801635742,66.28240582529013,74.2812792556479,53.78454191216576,545.4946647622205,4.925000190734863,31.045000076293945,105.61978230751292,583.7603777687857,199.27431968824143,44.25,135.39999389648438,16760.29128779961,843.7999877929688,162.82564807012054,8.057999610900879,64.60907444160472,72.69606071482353,53.11779028319091,532.3149055502795,4.802000045776367,31.940000534057617,106.25576962182917,606.2310884609502,218.50429457884152,45.310001373291016,140.75,17005.932535535117,865.7999877929688,165.17300143824846,8.289999961853027,65.07388792679612,73.33014670830326,53.41412355549723,544.3963421840576,4.836999893188477,6319909,378433,75005,1270461,3344160,986186,3138,17288,423842,3146158,2374055,2592886,1481747,39990,1855352
2025-03-27,31.90999984741211,108.48173522949219,573.7202758789062,209.63656616210938,45.720001220703125,136.1999969482422,17024.830078125,856.4000244140625,165.39871215820312,8.343999862670898,64.9251480102539,72.6401138305664,54.729103088378906,534.5115356445312,4.9029998779296875,32.18000030517578,108.93601384692579,583.7603807067871,213.02423852383927,45.970001220703125,138.89999389648438,17090.964268217605,866.2000122070312,166.25639924559906,8.37600040435791,65.26911256274066,72.93850681904479,55.09952145234759,538.5386996966442,4.929999828338623,31.059999465942383,104.43865137528817,567.9830731201172,205.35218069819888,44.06999969482422,134.5,16656.36816189477,835.7999877929688,161.01998806944957,8.137999534606934,64.01411749770833,71.44654187665286,53.191872883280126,527.1894598137842,4.816999912261963,31.125,105.66520918775218,579.9355788675945,210.23439516812735,44.099998474121094,138.8000030517578,16835.875249288983,850.0,162.5096543909207,8.1899995803833,64.79500079417596,72.54686735558879,54.17347907499721,535.2437320550049,4.860000133514404,3521958,466616,50765,343076,4747960,996989,3548,23022,740376,2073904,2550735,2339346,2117119,65016,1401397
2025-03-28,31.514999389648438,109.9354248046875,561.2896728515625,217.6075439453125,45.599998474121094,129.85000610351562,16939.80078125,835.4000244140625,162.96107482910156,8.574000358581543,64.18144989013672,71.5211410522461,52.96962356567383,518.5859985351562,5.047999858856201,31.90999984741211,110.75312769784753,571.8078779646241,219.79957355337507,46.38999938964844,135.35000610351562,17100.412389326546,856.2000122070312,164.04446980127435,8.657999992370605,65.19473993088215,72.26712714590407,54.54389628024003,532.6810168591044,5.047999858856201,31.309999465942383,106.57376582715814,560.3334723867387,206.846743194644,44.880001068115234,129.85000610351562,16845.323364734384,830.2000122070312,161.4714084643783,8.199999809265137,64.02341499997314,71.1668015705964,52.74737184549985,515.2910867554567,4.889999866485596,31.799999237060547,108.48173462337053,568.9392765701527,209.23802887180955,44.900001525878906,134.5,17090.964647674988,856.2000122070312,163.9541949229934,8.199999809265137,64.79500003120936,72.24848069497541,54.54389628024003,532.6810168591044,4.889999866485596,2524863,542452,51371,548759,1580980,1410187,2946,29180,787187,5954104,1876376,2421729,1647771,60821,3048449
2025-03-31,31.260000228881836,108.79972839355469,540.7313842773438,211.031494140625,45.13999938964844,125.44999694824219,16637.47265625,811.2000122070312,158.7177734375,7.934000015258789,63.27041244506836,70.12242126464844,51.85837173461914,507.4198913574219,4.947000026702881,31.78499984741211,109.93542493210954,556.5086925719081,218.3050093863595,45.84000015258789,128.9499969482422,16883.113933400768,829.7999877929688,161.06512696804228,8.564000129699707,63.77241188485259,71.1481539044715,52.78441408702305,518.586012615698,5.041999816894531,30.864999771118164,107.61860122076102,535.9503817638393,209.43729360335442,44.66999816894531,123.80000305175781,16514.652017674616,801.2000122070312,157.4538011277174,7.895999908447266,62.19204879450658,69.37644229798228,51.52499592254233,503.20966412126245,4.906000137329102,31.149999618530273,109.93542493210954,550.7714895557029,216.0133518153167,45.20000076293945,128.9499969482422,16816.97974339864,829.7999877929688,160.7039998944557,8.564000129699707,63.66086118211694,71.11085388900062,52.19174754669594,518.586012615698,4.96999979019165,7139001,695148,77494,349952,2914580,1435224,4142,34948,700092,6047677,3475578,3417549,2361225,77845,1913981
2025-04-01,32.099998474121094,111.88882446289062,535.8547973632812,209.23802185058594,45.5099983215332,128.25,16996.486328125,832.2000122070312,163.41249084472656,8.248000144958496,64.0977783203125,70.60731506347656,53.284481048583984,520.9656982421875,5.059999942779541,32.375,112.61566608915817,552.1102062824732,214.1202362790637,46.060001373291016,129.8000030517578,17138.202445368956,835.4000244140625,164.08961442557487,8.303999900817871,64.74852147080522,71.53979411689966,53.747502252970214,523.711476635035,5.107999801635742,31.655000686645508,109.39029207587892,533.5598927593618,208.2416503179641,45.119998931884766,126.30000305175781,16637.472164440314,815.5999755859375,160.026872940485,7.909999847412109,62.47093108281735,70.215675568459,52.13618690737471,508.1520657422328,4.934000015258789,31.979999542236328,109.39029207587892,545.0342990552621,212.12749321382003,45.29999923706055,126.75,16637.472164440314,819.0,160.47828866105053,8.020000457763672,62.591787131082725,70.3089220509512,52.13618690737471,508.1520657422328,4.982999801635742,3636425,607526,63114,235194,1126900,1126840,3648,18132,741181,4379321,2812006,2510329,2074795,83591,2004849
2025-04-02,32.099998474121094,111.4345474243164,530.6912841796875,215.71444702148438,46.15999984741211,127.80000305175781,17039.001953125,837.5999755859375,165.62442016601562,8.244000434875488,64.2744140625,70.47676849365234,53.728981018066406,527.0064086914062,5.070000171661377,32.30500030517578,112.47938964184014,538.3408882759712,218.50429048554167,46.33000183105469,129.10000610351562,17100.412273443995,840.2000122070312,166.12098019900722,8.380000114440918,64.51611908287514,71.0176080515093,53.85862639017284,529.7521871901768,5.130000114440918,31.600000381469727,110.11713526074588,519.790574997744,203.2598022742855,45.29999923706055,126.80000305175781,16821.703896611623,817.0,161.56167880245295,8.196000099182129,63.66086389384506,69.20859641314321,53.17335345287558,517.121617268434,5.013999938964844,32.099998474121094,111.93424974974658,538.3408882759712,208.64020272370593,45.5,128.25,16996.48711598108,817.0,163.41248595663208,8.248000144958496,63.91186007818309,70.40216846203403,53.43264772965988,517.8538136955048,5.041999816894531,2978215,501970,70240,518305,2223280,624645,3484,14932,769652,2658841,2754901,1834015,1506508,78902,2448613
2025-04-03,31.040000915527344,106.30119323730469,512.5234375,211.6293182373047,45.439998626708984,120.6500015258789,15395.09375,796.2000122070312,156.1446990966797,8.246000289916992,62.03401184082031,67.06388854980469,52.376956939697266,500.6469421386719,5.090000152587891,31.934999465942383,110.61683997129782,530.4999941578552,215.71444781070133,46.13999938964844,125.69999694824219,16250.114298864682,832.7999877929688,164.13476307136003,8.444000244140625,64.94374175109299,69.74943264603952,53.5993325673059,524.2606258603627,5.230000019073486,30.905000686645508,103.9389458850462,511.56723705690297,211.2307756853057,44.52000045776367,118.25,15173.071839521324,791.2000122070312,155.87384690199113,8.0,61.7272332335177,66.67224907385386,52.21026903297143,500.6469421386719,4.943999767303467,31.7450008392334,108.11830765161758,516.348239272388,213.2235188521482,45.599998474121094,124.0,16061.159481436023,823.7999877929688,162.55480800781086,8.029999732971191,63.31689452705256,69.3764396199791,52.48808103332408,524.2606258603627,4.949999809265137,1641130,517962,37559,208438,3057340,1555961,22426,19587,1201424,3685887,3662814,3100454,1174151,110243,3301530
2025-04-04,30.100000381469727,94.44451904296875,511.7585144042969,211.92822265625,44.77000045776367,109.19999694824219,14516.4541015625,713.0,140.5708465576172,7.927999973297119,59.672760009765625,59.71595764160156,48.69131088256836,456.8975524902344,4.900000095367432,31.53499984741211,104.93835757296146,539.2970768699686,221.9915812507318,47.22999954223633,119.80000305175781,15654.906896380777,795.0,155.648128218094,8.350000381469727,61.35538262737368,67.04524335054215,52.302874107815235,503.2096607353207,5.1479997634887695,29.93000030517578,93.39968379867437,506.7862601792258,209.93547958434652,44.290000915527344,108.94999694824219,14313.327669292019,706.0,140.164575181878,7.900000095367432,58.75242771000695,58.89537510323699,48.524622968664666,454.6094037456549,4.857999801635742,30.975000381469727,103.5755217603256,512.714714895201,210.23439408581666,45.099998474121094,119.80000305175781,15541.534003950741,795.0,154.3841697655468,8.180000305175781,61.26242134492136,66.6722503175241,51.858374181595835,498.8164263183294,5.041999816894531,3514706,920208,124155,579779,6050420,2653617,12420,60560,1601598,6018245,5861870,8254510,3406082,156709,6608408
2025-04-07,29.1200008392334,90.78303527832031,508.5074157714844,204.6547088623047,43.970001220703125,107.94999694824219,14327.4990234375,705.0,135.65042114257812,7.458000183105469,59.50542449951172,60.536537170410156,48.06159973144531,447.104248046875,4.854000091552734,29.739999771118164,95.44393822856742,521.7029710391773,209.73620981325888,44.959999084472656,110.0999984741211,14832.953159773739,721.2000122070312,139.9388703966696,7.728000164031982,60.063199264549986,61.63686271492842,49.506223547222646,456.89753548171035,4.900000095367432,27.969999313354492,83.13298519002554,472.3630484341177,194.5913653994944,41.959999084472656,100.0,13340.210102930267,652.0,126.5769625971196,7.070000171661377,53.45355092224371,55.40790248421074,42.227530057488,419.463401068715,4.340000152587891,28.799999237060547,86.76721405079168,478.1002514515361,204.25616632645162,43.13999938964844,102.0,13888.179073163947,652.0,130.50428479289118,7.311999797821045,55.57309928488369,56.041988511801776,44.45003312685948,430.4465146338378,4.513000011444092,3444692,858631,104892,651357,3836700,2324382,10781,46481,1827690,7085292,7239518,6066366,3356853,171621,7289499
2025-04-08,30.315000534057617,92.30941009521484,527.8226928710938,213.42279052734375,45.20000076293945,108.5999984741211,14639.2744140625,725.2000122070312,140.93199157714844,7.771999835968018,59.198646545410156,62.92368698120117,50.43226623535156,476.3010559082031,5.010000228881836,30.344999313354492,93.53596092835585,535.4722971156024,215.2162624215414,45.36000061035156,111.44999694824219,15017.18404721029,735.2000122070312,149.14774931536834,7.797999858856201,60.435052134669476,63.22207998104577,50.580432872111636,479.04683434918894,5.044000148773193,29.315000534057617,87.94833969607555,506.9775329771776,204.55508949967756,43.06999969482422,107.55000305175781,14228.29768801428,695.2000122070312,136.50810930938604,7.449999809265137,57.776318396596636,59.95840343276097,48.09863905695191,448.3856138266783,4.85699987411499,29.5,92.67283436141179,513.4796849126401,205.05327529232002,43.90999984741211,111.0,14643.998284476847,720.5999755859375,148.96718578479147,7.460000038146973,59.821494921656814,61.56226136051926,48.487578686304154,466.7823349675836,4.889999866485596,3280682,776060,110892,390649,2658220,1692227,6570,47383,1262642,6050204,4818823,4624151,2742494,176082,3534801
2025-04-09,30.0,89.85631561279297,526.4839477539062,199.8721466064453,45.34000015258789,106.5,14577.8642578125,701.2000122070312,135.96641540527344,7.5960001945495605,57.6740608215332,60.18219757080078,48.7098274230957,456.5314025878906,4.98199987411499,30.334999084472656,92.80912674763569,531.6474535612896,209.73621924490752,45.93000030517578,108.9000015258789,14894.363579028779,730.0,140.5708473153263,7.78000020980835,58.87328052114698,62.00985561956204,50.30262143561232,478.3145663300848,5.039999961853027,29.239999771118164,87.27600935507078,508.69864261619796,197.33139601671294,44.18000030517578,104.5999984741211,14171.611397743842,692.7999877929688,134.74758749537222,7.519999980926514,57.014026492441815,59.32431501177241,48.06160058783551,454.15175036256824,4.880000114440918,29.280000686645508,88.13005540915192,512.7146962039578,205.85037613361607,44.20000076293945,105.94999694824219,14266.088807062135,720.0,136.3275424576295,7.590000152587891,57.66476256549212,60.66708353710462,49.54326697210354,466.78231960274775,4.900000095367432,3019507,368431,125984,514477,3488310,1059734,4030,34642,980849,4173667,3466844,4310203,2093503,143553,4453124
2025-04-10,30.565000534057617,95.08051300048828,546.5641479492188,211.6293182373047,46.790000915527344,111.4000015258789,14927.4306640625,740.4000244140625,148.42547607421875,7.776000022888184,59.775020599365234,63.912113189697266,50.91381072998047,486.0027770996094,4.909999847412109,32.06999969482422,98.57845685746958,561.2896580642971,215.11661877927907,47.70000076293945,118.0,15678.526067728937,788.7999877929688,153.02992170681628,8.178000450134277,62.4709333003468,65.92626418310488,53.06222881545447,506.68761871382594,5.150000095367432,30.360000610351562,93.763100892657,535.2809944339235,207.2452893516207,46.150001525878906,110.0,14927.4306640625,722.5999755859375,145.80727053481314,7.539999961853027,58.73383577711263,63.333973633406465,49.80255914342496,473.73827789351344,4.763999938964844,32.0,98.12417825443976,560.3334576246646,214.21989043556945,47.5,117.5,15588.772528926029,788.7999877929688,152.57850600856608,8.14799976348877,62.28501073217267,65.18028523209296,52.78441680195844,506.68761871382594,5.099999904632568,3004672,492324,92147,457669,3157680,1650940,4432,41557,1944083,4895487,3884708,5457193,2399882,87012,7848298
2025-04-11,30.510000228881836,95.26222229003906,559.18603515625,209.63656616210938,46.599998474121094,111.69999694824219,14455.0439453125,736.7999877929688,148.96719360351562,7.811999797821045,59.90516662597656,62.065799713134766,50.524871826171875,477.76544189453125,4.994999885559082,31.3799991607666,97.03391301245021,561.098436137196,213.32315302684827,47.189998626708984,114.05000305175781,15191.967754289215,762.4000244140625,151.54026882165874,7.880000114440918,60.61167804500128,65.34812976387755,51.35830782061378,495.7045051070551,5.056000232696533,30.354999542236328,93.99024080691498,543.5043821296003,206.54782350681165,46.119998931884766,110.9000015258789,14374.738145616318,727.2000122070312,146.48440704345703,7.75600004196167,59.49612847312663,61.692813806039126,50.13593220270868,476.3010490921636,4.848999977111816,30.5,94.76251998249343,546.9466805505647,210.23439516812735,46.70000076293945,112.30000305175781,14941.602614059946,757.0,148.1997813381424,7.76800012588501,59.775019412340896,63.81886477918494,50.89528664617787,492.7757195023199,4.889999866485596,2796071,336958,98975,218761,1430760,1298335,11498,19597,2210972,3158512,2294039,3958191,1066330,71127,3428981
2025-04-14,31.165000915527344,98.57846069335938,607.3785400390625,218.006103515625,48.68000030517578,115.19999694824219,14913.259765625,769.5999755859375,153.6619110107422,7.881999969482422,60.42575454711914,63.94941329956055,52.28435134887695,496.2536926269531,4.920000076293945,31.165000915527344,98.6693150311524,609.4821927101824,218.006103515625,48.77000045776367,115.5,15059.699756988437,774.0,154.65503112249573,7.940000057220459,60.89056804363545,64.3037527682498,52.50660307195091,499.5486043526397,5.021999835968018,30.725000381469727,97.03391615565317,565.1144683008753,209.33767385918003,46.599998474121094,113.25,14747.924291504989,742.0,151.49512102742594,7.802000045776367,60.07249884306355,63.20342723318801,51.19162106995352,488.0163574497322,4.9019999504089355,30.84000015258789,97.17019419647187,565.1144683008753,213.2235169179032,47.16999816894531,114.0999984741211,14809.33461046385,742.0,151.85624809927373,7.866000175476074,60.51871582792418,63.52047380138397,51.524996888278814,488.0163574497322,4.956999778747559,1194759,359232,126692,276248,3055800,649187,3195,17800,841042,1770382,2424315,2306820,1566936,62539,1890540
2025-04-15,31.510000228881836,98.0333251953125,611.9683227539062,220.4970245361328,48.79999923706055,114.1500015258789,14738.4765625,782.7999877929688,157.363525390625,7.230000019073486,58.612979888916016,65.38542938232422,51.876895904541016,507.0537414550781,4.699999809265137,31.780000686645508,100.7589968489445,616.7493252754211,221.69266734178592,49.2400016784668,116.80000305175781,15234.482985276441,793.2000122070312,159.62060402853953,7.900000095367432,60.68604761140634,66.35520838626302,53.24743823877839,513.277494618027,4.979000091552734,30.899999618530273,96.39791943043672,599.9202197444276,216.51153838167374,48.18000030517578,112.1500015258789,14672.342372796473,772.2000122070312,153.75219956996173,7.050000190734863,58.25972064652553,63.94941088308313,50.9138109564051,496.6197612532196,4.429999828338623,31.200000762939453,98.98730611503882,607.3785720056214,218.10572372140348,48.790000915527344,115.19999694824219,15116.386217948717,778.0,155.28701028852066,7.881999969482422,60.42575319398465,64.11725738596196,52.28435329064248,501.56218468841666,4.921999931335449,1476798,549960,81401,280209,2195980,608480,4135,22331,1404958,10794907,3768430,4582158,2459330,64927,8868791
2025-04-16,30.8799991607666,94.35366821289062,603.3624877929688,219.69993591308594,49.25,114.0,14601.484375,777.5999755859375,157.99549865722656,7.309999942779541,59.36598205566406,65.19892883300781,52.13618469238281,510.71478271484375,4.802000045776367,31.329999923706055,97.94247347850273,615.7930937221424,221.99159361408863,49.45000076293945,114.69999694824219,14880.19274708832,793.5999755859375,159.44003444110973,7.309999942779541,59.45894333915181,66.09410780365151,52.43251796799464,519.135180985969,4.818999767303467,30.19499969482422,93.35425663285318,584.2384786711631,215.2162637515944,48.59000015258789,111.69999694824219,14469.215995025881,759.0,155.96412796020508,7.079999923706055,57.952948559927265,64.56484283952061,51.00641540382695,503.3927069769965,4.580999851226807,30.200000762939453,96.39792200777063,611.012091441691,218.20537852592207,48.79999923706055,112.0,14880.19274708832,759.0,156.1898358154297,7.25,58.39916910391062,64.78864291786907,51.00641540382695,507.05374484592016,4.670000076293945,10385626,703885,79005,254766,2599300,515370,4161,18157,805724,2865715,2348873,2031294,1758681,66455,2213593
2025-04-17,31.100000381469727,96.5342025756836,602.0238037109375,220.7959442138672,50.81999969482422,114.1500015258789,14747.923828125,794.4000244140625,159.44003295898438,7.389999866485596,59.21723937988281,65.9076156616211,52.525123596191406,525.72509765625,5.118000030517578,31.290000915527344,98.1696083096623,612.3508156675703,221.9915870475462,51.13999938964844,115.3499984741211,15031.356060568145,807.5999755859375,162.41936559936252,7.441999912261963,59.94235083627628,67.13848765064627,52.691811502983256,530.8505286915164,5.118000030517578,30.6200008392334,94.35366390762576,593.6092510915502,216.41190021914616,49.25,113.80000305175781,14606.207711903426,781.4000244140625,157.99549718852933,7.294000148773193,59.10568513514747,65.16162961980274,51.913935782145046,512.5453380469813,4.78000020980835,30.75,94.35366390762576,603.3625077384554,219.20174363334618,49.25,114.0,14643.99867622918,785.0,157.99549718852933,7.3460001945495605,59.31020065945468,65.27352966035053,52.15470524052702,512.5453380469813,4.803999900817871,3619677,400073,79988,153822,3133060,449271,2489,16015,710460,3121185,1638034,2178485,1172877,78251,3976940
2025-04-22,31.56999969482422,98.6693115234375,602.788818359375,224.38287353515625,51.97999954223633,116.94999694824219,14960.2626953125,825.4000244140625,162.64508056640625,7.642000198364258,61.3367919921875,67.26903533935547,53.432647705078125,557.5761108398438,5.50600004196167,31.700000762939453,98.6693115234375,611.0121193121075,224.68178804552457,52.779998779296875,116.94999694824219,15061.60641034526,830.4000244140625,162.64508056640625,7.670000076293945,61.3367919921875,67.41823539607749,53.432647705078125,557.5761108398438,5.619999885559082,31.100000381469727,96.03449423065848,599.3464615433254,220.09847276233958,50.79999923706055,114.5,14651.405659022177,794.4000244140625,159.25946262142597,7.388000011444092,59.4031661485422,65.73977032920615,52.265832291514194,525.1759014818035,4.929999828338623,31.25,97.2156213752033,607.1873173132836,220.69630178307625,50.81999969482422,114.5,14960.2626953125,794.4000244140625,159.25946262142597,7.3979997634887695,59.4031661485422,65.92626328585841,52.5251265681792,525.3589645584324,5.01200008392334,5071928,472440,97930,349577,3205380,791114,2900,24584,705226,4104228,4758469,3336460,1845263,180050,10919812
2025-04-23,33.099998474121094,103.39381408691406,599.346435546875,225.1799774169922,52.0,123.6500015258789,15148.47265625,861.0,173.2533416748047,7.7179999351501465,62.36867141723633,70.90570831298828,54.54389572143555,566.9117431640625,5.564000129699707,33.18000030517578,103.53009212409675,611.9682932678942,228.6672779522111,52.880001068115234,124.5,15322.204741508045,866.7999877929688,173.34363032604512,7.855999946594238,62.50811688437435,71.05490126262431,54.54389572143555,570.389718008755,5.679999828338623,31.725000381469727,99.25987597608312,588.828230506333,224.48252035063317,51.720001220703125,119.05000305175781,14969.91467973479,830.7999877929688,165.85012688485264,7.354000091552734,61.6156758241785,68.01502466056536,53.52524701888352,555.0133699470053,5.329999923706055,31.735000610351562,100.39557249754861,607.1872909767387,225.67816320773773,52.5,121.4000015258789,15071.258396135314,831.0,166.48210611519355,7.699999809265137,62.18274885604635,68.07097112739754,53.82158028769871,559.9557376116721,5.50600004196167,6406939,357340,72701,302362,3594830,1242858,5341,28475,1710346,5477423,3374414,3059899,1484676,99314,6036243
2025-04-24,33.81999969482422,102.0309829711914,599.5377197265625,225.1799774169922,52.2599983215332,125.5999984741211,15056.78125,868.5999755859375,173.11793518066406,7.949999809265137,63.493526458740234,71.44654846191406,54.729103088378906,567.27783203125,5.72599983215332,33.81999969482422,103.30295758855749,602.215069481999,225.5785199682191,52.279998779296875,125.5999984741211,15056.78125,876.4000244140625,173.93047799701125,7.96999979019165,63.493526458740234,71.70764146161646,54.729103088378906,574.7829711713757,5.866000175476074,32.5099983215332,100.07758347774809,591.6968638727611,217.1093615255446,50.7400016784668,122.0999984741211,14718.968850160256,849.2000122070312,169.50660928380535,7.6620001792907715,61.783009103529075,69.50699030090959,53.71045788632202,555.3794584241992,5.5,32.95500183105469,103.21210324899445,598.5815192166318,224.18360583550106,51.79999923706055,123.0,15051.955358573718,860.0,173.25335439135026,7.7179999351501465,62.15486131922638,70.90570889724444,54.15495780354164,558.3083000231516,5.52400016784668,5120846,749170,55936,260253,2869530,735342,9040,26107,935242,5432530,3650223,2029623,1927886,82803,8996723
2025-04-25,33.224998474121094,97.39733123779297,600.493896484375,223.8846893310547,53.060001373291016,125.75,14863.7451171875,864.4000244140625,173.07278442382812,7.99399995803833,63.95833969116211,71.05490112304688,55.006919860839844,568.3761596679688,5.920000076293945,33.900001525878906,101.30413005755211,605.0836470781286,226.67453277512558,53.08000183105469,126.9000015258789,15129.169137137276,875.0,175.5555708857081,8.204000473022461,64.35807958020028,72.41632680346103,55.006919860839844,574.7829762825835,5.929999828338623,33.224998474121094,97.26105320014909,596.6690945959394,222.68904648457394,52.0,123.6500015258789,14825.137987012988,854.2000122070312,171.76368159005978,7.932000160217285,63.44704201012802,70.83110814190714,54.2290441051235,565.6303811188482,5.73199987411499,33.81999969482422,99.94129422718146,599.5376960122661,225.08033217753547,52.0,125.5999984741211,15129.169137137276,873.0,173.47905581691288,7.949999809265137,63.493526196582415,71.80088721251349,54.636501488566765,574.5999132067072,5.736000061035156,3613507,599742,52569,83194,2064640,753619,11325,20263,583919,3909793,3114131,1558746,1402923,50712,6648153
2025-04-28,33.59000015258789,97.89704132080078,618.0880126953125,227.27235412597656,53.34000015258789,125.25,15148.47265625,868.0,173.65963745117188,8.071999549865723,64.44174194335938,70.7005615234375,55.0439567565918,555.7455444335938,5.8480000495910645,33.900001525878906,100.12300375679058,619.4266583482095,227.67089666020502,54.220001220703125,126.9000015258789,15172.60211253584,882.0,175.23959251171917,8.197999954223633,64.5904856644938,71.87548712236632,55.28472974908747,576.6134485415442,5.99399995803833,33.34000015258789,97.39733207268476,600.493900544803,223.18722473473053,53.119998931884766,124.5,14815.486159505415,860.0,173.07278873444255,7.995999813079834,63.94904077896086,70.42081496179948,54.30312357308832,552.816703046179,5.791999816894531,33.349998474121094,97.39733207268476,600.493900544803,223.18722473473053,53.20000076293945,125.75,14863.745072077096,860.0,175.14930385495623,7.995999813079834,63.95833903465451,71.1481545992082,54.9143113910501,568.5591766234058,5.900000095367432,2238970,273101,72667,213884,2510760,667445,17060,23704,683516,1980964,2609165,1969729,1464325,114250,4920485
2025-04-29,33.505001068115234,96.39791870117188,611.9683227539062,233.05130004882812,53.63999938964844,124.5,15056.78125,865.4000244140625,173.88534545898438,8.276000022888184,63.89326858520508,70.71920776367188,55.451419830322266,550.6200561523438,6.010000228881836,34.20000076293945,99.98672384368237,626.3113303184509,233.54948582507907,54.31999969482422,126.5,15278.772255608974,884.4000244140625,175.9167162527757,8.338000297546387,64.56259408589219,71.70764039473282,55.6551467559136,568.0099854931904,6.010000228881836,33.30500030517578,96.12535569691553,607.9522689634643,226.57488495756567,53.34000015258789,123.75,14965.089312900642,863.0,172.53109826312348,8.10200023651123,63.60507938439743,70.02917525840334,54.8772709996039,547.6912706379718,5.8480000495910645,33.63999938964844,97.71533081617247,618.6617262840272,227.17271397043618,53.34000015258789,125.30000305175781,15148.473187099358,867.0,174.24647253410131,8.10200023651123,64.4417451258705,70.86840782656807,55.04395891399679,555.9286055888992,5.8480000495910645,2380416,438195,61961,267426,2714000,549465,6276,31562,700009,3954657,2049596,2415097,1676896,137550,5868356
2025-04-30,32.96500015258789,92.89997863769531,605.4661254882812,232.054931640625,52.880001068115234,119.55000305175781,14863.7451171875,823.0,170.04830932617188,8.232000350952148,63.42845153808594,67.49282836914062,54.48833465576172,528.2877807617188,5.909999847412109,33.80500030517578,96.76134694292959,617.7054793510417,234.54586055563138,54.18000030517578,124.30000305175781,15172.602158583604,872.0,175.6910058955814,8.394000053405762,64.30229607049543,71.2413979836774,55.655146518973105,557.2099578604116,6.0879998207092285,32.665000915527344,91.31000345318708,599.3464193759796,229.8629172361041,52.439998626708984,118.69999694824219,14776.879074294846,816.4000244140625,167.52037850785348,8.116000175476074,62.824192586665234,67.32498186230688,54.11791628478307,519.3182490688081,5.863999843597412,33.5,96.6704926044489,608.1434750267222,233.05130320662755,53.34000015258789,124.0999984741211,15056.780768060065,865.4000244140625,174.4270335983649,8.293999671936035,64.0605981639199,70.88705140577824,55.4514195942491,557.2099578604116,5.955999851226807,2144159,801633,47523,235407,3114630,1204340,3170,51185,1952606,4708615,2805313,5160112,1799932,242868,7295101
2025-05-02,33.415000915527344,94.03567504882812,633.1959838867188,256.6653137207031,53.720001220703125,123.05000305175781,15182.25390625,829.7999877929688,171.13169860839844,8.314000129699707,64.20003509521484,69.93592834472656,56.56267166137695,539.8200073242188,6.026000022888184,33.64500045776367,94.94423229567671,634.9171331173784,256.8645697837688,54.119998931884766,123.9000015258789,15206.38336255364,850.0,174.74302429245384,8.350000381469727,64.47892601807047,69.97322836022047,56.69231703256376,539.8200073242188,6.061999797821045,32.97999954223633,92.76369351689178,605.4661693379176,231.75602532402863,52.959999084472656,121.69999694824219,14815.48617043468,815.0,168.96489493229666,8.199999809265137,63.540000809780054,68.40666328072858,54.65502303979155,527.3725012673231,5.889999866485596,33.51499938964844,93.26340277535517,605.4661693379176,232.55311038998374,53.47999954223633,122.9000015258789,14984.392364560157,846.5999755859375,174.15617560312631,8.199999809265137,63.95833719406348,68.55585622845372,55.09952296924835,528.2877607086538,5.909999847412109,1824509,351264,66792,716893,3358980,715018,4385,32143,1838483,2549678,1993265,2490841,2142297,129710,3888703
2025-05-05,33.224998474121094,92.7636947631836,617.1318359375,249.59107971191406,53.720001220703125,122.8499984741211,15133.9951171875,804.0,170.58999633789062,8.37399959564209,63.9769287109375,69.67483520507812,56.48858642578125,503.94183349609375,6.0,33.375,94.35366996653013,633.9609416625356,254.67258082933446,53.900001525878906,123.8499984741211,15230.512943189971,828.7999877929688,171.899099159196,8.395999908447266,64.13496359591036,69.91728174815722,56.58118925279495,529.2030279678004,6.019999980926514,32.79499816894531,91.58257448545696,609.2909800394399,245.40632213467447,52.7400016784668,122.30000305175781,14989.218378183792,795.4000244140625,167.92664636845257,8.21399974822998,63.16815068212003,68.63045611618008,55.80331349513707,499.914725412549,5.929999828338623,33.20000076293945,94.03567631220918,633.3872446980778,254.07475180254724,53.70000076293945,123.19999694824219,15182.254030188735,828.7999877929688,171.899099159196,8.314000129699707,63.91185510580214,69.89862818332395,56.56267151344934,526.2741865396745,6.019999980926514,1486605,324867,55532,214037,1380310,421414,1819,15455,689394,1981893,1309920,966932,729888,143884,2254835
2025-05-06,32.650001525878906,90.67401123046875,610.055908203125,242.31756591796875,53.47999954223633,123.44999694824219,14834.7900390625,782.0,166.39999389648438,8.338000297546387,64.44174194335938,68.16421508789062,55.13656234741211,490.9452209472656,6.116000175476074,32.880001068115234,92.763688629068,620.3828617479874,250.48780985697542,53.70000076293945,123.80000305175781,15143.647086069657,812.0,172.0,8.369999885559082,64.44174194335938,69.56293362094276,56.488583330119184,505.04018380990846,6.116000175476074,32.130001068115234,89.42019785956788,600.1113998343859,239.2288231330665,52.720001220703125,120.0999984741211,14583.843688369187,767.0,164.60000610351562,8.010000228881836,62.28500763434729,66.72819654024705,54.506853267028035,481.0603736004427,5.949999809265137,32.72999954223633,92.6728342955187,613.3070131903252,250.08926730518925,53.70000076293945,122.94999694824219,15008.522128004026,806.0,171.0,8.366000175476074,63.8653706627,69.56293362094276,56.488583330119184,503.9418612310385,6.0,1726413,375548,53332,305623,1829130,649835,5645,25616,1272965,2957858,3542260,2075865,1943949,191595,4708748
2025-05-07,33.380001068115234,92.49112701416016,611.3945922851562,244.1110382080078,53.779998779296875,124.0,14979.5673828125,788.7999877929688,168.25,8.545999526977539,65.01811218261719,68.96614837646484,55.821834564208984,496.0706481933594,6.4679999351501465,33.68000030517578,93.85396283304223,617.322988397418,246.20342461687457,54.400001525878906,127.19999694824219,15037.478081457395,793.7999877929688,169.1999969482422,8.576000213623047,65.49221682803463,69.74943446302146,55.95147993458562,498.8164266888946,6.49399995803833,32.66999816894531,90.90115189213107,606.8047834265944,241.7197524865234,53.31999969482422,122.94999694824219,14699.665672695515,775.0,165.0,8.300000190734863,64.2000359144631,67.73527633837625,54.76614679677475,491.860476845408,6.105999946594238,32.810001373291016,91.2191455301886,610.0558883077684,242.91539534726562,53.70000076293945,123.5,14825.138853092783,782.0,165.0,8.338000297546387,64.44174091118961,68.14556938915592,55.358813365680184,495.88758512105574,6.116000175476074,3973404,372415,49081,223234,2014160,856032,4223,32256,926144,3391165,2802503,2461064,2134061,141441,6782000
2025-05-08,33.65999984741211,93.62682342529297,590.931884765625,244.1110382080078,55.619998931884766,124.0,15114.69140625,794.2000122070312,171.0,8.711999893188477,65.24122619628906,69.525634765625,55.840354919433594,493.5079345703125,6.610000133514404,34.11000061035156,94.62623497167498,611.394597971179,246.4026958930943,56.0,124.5999984741211,15240.16457884339,805.7999877929688,173.5,8.763999938964844,65.46433470083063,70.42081378799458,56.39598246809031,499.73168801029357,6.659999847412109,33.02000045776367,92.26398760793349,584.6209850691765,240.32482314613762,54.29999923706055,122.4000015258789,14844.44149604885,775.2000122070312,168.6999969482422,8.479999542236328,64.79500209471446,68.94750231544387,55.488457825208144,489.6638334899397,6.453999996185303,33.5,93.39968412239972,610.055893981341,244.1110382080078,54.540000915527344,123.8499984741211,15008.521798670978,796.2000122070312,169.64999389648438,8.505999565124512,64.9623352462435,69.1899417429551,56.35893992499892,496.9859095047425,6.4679999351501465,3939307,337344,68294,170639,5427630,528561,3668,29990,764758,3961060,2548488,1927371,1308051,102105,6941902
2025-05-09,33.88999938964844,97.57904815673828,608.1434936523438,242.41720581054688,54.91999816894531,126.25,15828.9228515625,817.7999877929688,178.39999389648438,8.836000442504883,67.18414306640625,72.99445343017578,57.50722885131836,500.8299865722656,6.636000156402588,34.095001220703125,97.94247243608619,609.4821976434861,245.00776276823643,56.08000183105469,126.69999694824219,15910.96300048828,825.0,178.75,8.90999984741211,67.45373575913051,73.05039989242654,57.9702500289701,507.9689991718092,6.682000160217285,33.5,93.76310362119763,579.4574798008181,240.9226484568486,54.7400016784668,123.6500015258789,15158.123986816407,794.7999877929688,172.0500030517578,8.694000244140625,65.25981537712539,69.99186997571759,55.84035331828632,490.21294334204345,6.579999923706055,33.65999984741211,94.44452154557187,581.3698807242531,242.8157483568303,55.720001220703125,124.19999694824219,15182.253442382813,794.7999877929688,173.0,8.711999893188477,65.25981537712539,70.12241646380274,55.84035331828632,496.9858856762025,6.610000133514404,1505931,508066,92811,185516,1735810,720530,6213,29224,929465,3160296,6448094,3037915,1673203,123755,3772400
2025-05-12,34.63999938964844,97.26105499267578,598.5814819335938,244.1110382080078,54.97999954223633,129.6999969482422,15693.798828125,828.0,178.75,8.878000259399414,67.39795684814453,72.75200653076172,57.6553955078125,512.7999877929688,6.677999973297119,35.2400016784668,99.03273883211327,624.5901458561123,248.09652454609773,56.20000076293945,132.3000030517578,16335.642384133802,849.5999755859375,182.60000610351562,8.991999626159668,68.30899442002932,75.064557520034,58.896292405672895,530.5999755859375,6.769999980926514,33.95500183105469,96.30706712113768,595.3303770575875,241.12192345444038,54.97999954223633,126.8499984741211,15471.807823791129,819.7999877929688,177.5,8.802000045776367,66.77510846636643,72.60281359410705,57.025689955942866,506.0,6.622000217437744,33.959999084472656,97.71533361117172,611.9682882388179,244.80849527648877,55.5,126.9000015258789,16002.655877632995,825.2000122070312,180.60000610351562,8.802000045776367,67.39795684814453,73.21824601846379,57.599835227319694,512.0,6.630000114440918,2878995,287585,98634,155943,1110840,1414377,5158,20981,795286,2312916,2357988,2189610,1610166,132781,3351539
2025-05-13,34.880001068115234,97.94247436523438,602.4063110351562,239.92626953125,54.97999954223633,129.4499969482422,15983.3515625,820.0,181.8000030517578,9.489999771118164,67.8627700805664,72.91985321044922,58.007293701171875,527.2000122070312,7.1020002365112305,34.97999954223633,97.98789806870907,609.8646632136983,245.80485552751503,55.400001525878906,131.25,16012.306909533514,828.2000122070312,181.8000030517578,9.489999771118164,68.04869264105099,73.10635327453926,58.211024153730776,528.5999755859375,7.1020002365112305,34.375,96.3070685418274,596.477856301806,235.94078337692167,54.439998626708984,128.5,15553.847248169535,806.0,176.8000030517578,8.88599967956543,66.9982166985801,71.26004176842301,57.19237542350757,510.20001220703125,6.769999980926514,34.72999954223633,97.30648013091313,606.4223647810933,244.11102695261013,55.0,130.5,15751.708786231884,828.0,179.0,8.890000343322754,67.3979565868639,72.7893067227112,57.43314841881742,516.2000122070312,6.78000020980835,4543556,213654,81623,223146,1015510,644931,5093,23353,748238,6764597,2529606,2400782,1630463,139393,8980562
2025-05-14,33.58000183105469,97.3519058227539,598.3902587890625,233.15093994140625,55.08000183105469,127.1500015258789,15814.4453125,821.4000244140625,182.5,9.215999603271484,67.72332763671875,73.6285400390625,57.859127044677734,525.2000122070312,6.98199987411499,34.95000076293945,98.80559596322084,627.6500289869308,239.62735493977863,55.880001068115234,130.89999389648438,16012.306849824534,830.5999755859375,183.89999389648438,9.649999618530273,68.45773384064711,73.85233300419337,58.34066950257581,531.0,7.199999809265137,33.5,96.17077868452,595.7129090723427,230.85928236283598,54.20000076293945,126.5,15549.021299015867,802.2000122070312,180.5500030517578,9.1899995803833,67.08188980967329,72.2671215702871,57.22941794839343,518.2000122070312,6.98199987411499,34.91999816894531,97.94246939187086,620.5741219710279,239.12916917067307,55.400001525878906,130.89999389648438,15983.351502898993,818.2000122070312,182.25,9.5,67.95573439394325,73.23690057152096,58.34066950257581,527.2000122070312,7.099999904632568,4704162,277339,130245,274923,1730400,700858,5479,27369,840895,4274660,2684213,2160231,1266146,113457,6078612
2025-05-15,33.48500061035156,96.89762878417969,595.712890625,230.36109924316406,55.560001373291016,123.75,15877.1826171875,812.4000244140625,180.89999389648438,9.020000457763672,66.65425109863281,72.37902069091797,58.48883819580078,525.2000122070312,6.880000114440918,33.66999816894531,97.39733109554086,603.3624943569422,233.35021389217593,55.599998474121094,127.5,15978.526336020612,824.7999877929688,182.6999969482422,9.1899995803833,67.5559903968562,73.36744612909096,58.748128938943296,528.0,7.01800012588501,33.07500076293945,94.94422937715312,593.8004896920145,228.76691388574503,54.560001373291016,122.9000015258789,15640.71393991024,790.0,179.10000610351562,8.956000328063965,66.20803412357834,72.099274152369,57.37758660257775,510.79998779296875,6.840000152587891,33.58000183105469,97.39733109554086,593.8004896920145,231.45711402917107,55.040000915527344,127.30000305175781,15828.923703457447,824.7999877929688,182.5,9.170000076293945,67.5559903968562,73.33014611633443,58.34067155220914,524.0,6.980000019073486,2060200,321780,57345,159356,1896070,953236,4938,21518,549119,2013401,2073460,1645222,1712632,79734,2917991
2025-05-16,33.5099983215332,97.48819732666016,598.9639892578125,230.75965881347656,52.02000045776367,123.4000015258789,15587.62890625,812.4000244140625,181.8000030517578,9.593999862670898,67.29570007324219,71.95008850097656,58.63700485229492,534.2000122070312,7.214000225067139,34.20000076293945,98.30589331992995,611.394595191513,235.44260209334846,55.540000915527344,125.3499984741211,16002.655558243034,829.5999755859375,183.8000030517578,10.0600004196167,67.72332765555524,73.08770699111646,59.61860754159125,536.7999877929688,7.291999816894531,33.27000045776367,97.2610580103648,593.6092316846504,229.26510147712872,51.400001525878906,122.0,15409.07092806695,804.2000122070312,179.75,9.4399995803833,66.65425515352695,71.01760943039419,58.48883820867068,528.7999877929688,6.881999969482422,33.75,97.30648171457878,595.9041361248404,233.64913024904635,55.5,124.0,15828.92347136223,818.0,182.25,9.470000267028809,66.65425515352695,72.43497448740908,59.04446223911874,529.0,6.881999969482422,1574259,561293,109069,135503,6263270,982822,5963,19510,518376,9212307,2245164,1840412,1447411,107406,7907455
2025-05-19,33.33000183105469,95.85279083251953,596.8603515625,231.3574676513672,53.2400016784668,124.1500015258789,15423.5478515625,806.5999755859375,178.75,9.47599983215332,67.14696502685547,70.49541473388672,57.93321228027344,512.0,7.322000026702881,33.7400016784668,97.1247723815743,602.788806213592,231.85565341943794,53.439998626708984,124.69999694824219,15549.021019316138,815.0,179.35000610351562,9.595999717712402,67.2027403803285,70.9243542430351,58.52587883535408,534.4000244140625,7.3460001945495605,32.75,94.12653065392675,588.6369924136156,226.37560997065978,51.400001525878906,121.94999694824219,15095.387258976063,772.2000122070312,172.75,9.175999641418457,65.38996337504803,68.25746359177512,56.581187727353004,495.20001220703125,7.127999782562256,33.2599983215332,97.1247723815743,598.9640042918353,230.75965385173615,52.380001068115234,122.9000015258789,15442.85141583229,797.0,178.0,9.593999862670898,66.37537287218468,70.02917520904057,58.34066965374855,534.2000122070312,7.1620001792907715,1822659,370590,80272,183135,2801370,517814,3493,41402,634915,3539214,3671074,4803647,2373002,102725,4948396
2025-05-20,33.79999923706055,96.94305419921875,606.42236328125,229.06581115722656,53.380001068115234,123.5999984741211,15278.771484375,803.4000244140625,181.5,9.505999565124512,67.85346984863281,70.868408203125,57.7850456237793,515.5999755859375,7.4019999504089355,34.2400016784668,98.30589005168243,616.3668133740955,232.95166928854763,53.70000076293945,124.69999694824219,15597.280302432091,816.4000244140625,181.8000030517578,9.670000076293945,67.99291531118057,71.61439429306867,58.47031500316685,521.0,7.526000022888184,33.55500030517578,96.39792124458161,602.9800064953122,228.06943961638882,52.81999969482422,122.25,15278.771484375,790.0,178.10000610351562,9.300000190734863,66.94243939930371,70.51406872323959,57.22941807913313,513.0,7.199999809265137,33.560001373291016,96.48877558173086,603.5537618072251,231.15819747435506,53.29999923706055,124.19999694824219,15447.677675768911,790.0,180.0,9.399999618530273,67.29569509093263,71.0362547176498,57.877648448268,513.0,7.199999809265137,2926972,326455,64861,174804,1579000,328080,3123,12598,874959,2720996,2702032,2766085,2379550,97682,3161210
2025-05-21,32.974998474121094,95.76193237304688,616.7493286132812,224.18360900878906,52.720001220703125,122.3499984741211,15056.78125,800.0,179.39999389648438,9.477999687194824,66.63566589355469,70.10377502441406,55.65514373779297,512.5999755859375,7.406000137329102,33.45000076293945,97.76075548432311,623.6339839538921,228.96619570832803,53.7599983215332,124.19999694824219,15327.031169871794,804.0,181.4499969482422,9.526000022888184,67.6675524657941,71.0922005374819,57.877646787459916,515.0,7.561999797821045,32.560001373291016,94.98966012240567,605.8486194604935,223.7850664519208,52.279998779296875,121.9000015258789,14931.308072916667,790.2000122070312,177.5,9.305999755859375,66.37537145956482,69.35778894125873,55.544019645080986,501.20001220703125,7.202000141143799,33.45000076293945,97.66990114867264,608.1435240279797,228.16909539116753,53.5,124.0,15317.379387019231,801.0,181.10000610351562,9.505999565124512,67.5002193164447,70.68191459457196,57.877646787459916,515.0,7.4039998054504395,4026706,169214,152212,178998,1195330,411487,3153,19993,632104,2589343,2504490,2653945,2209224,93395,3316652
2025-05-22,32.224998474121094,94.580810546875,615.0281372070312,219.20175170898438,52.7400016784668,122.0999984741211,14955.4365234375,802.7999877929688,178.85000610351562,9.210000038146973,65.55729675292969,69.84268188476562,55.65514373779297,510.6000061035156,7.331999778747559,32.79499816894531,96.03450079446665,622.1039854749944,223.28688134493052,52.7400016784668,126.5999984741211,15129.168603090211,803.4000244140625,179.35000610351562,9.5,67.52810866147462,70.08512842842597,56.30337408832676,513.2000122070312,7.579999923706055,31.225000381469727,93.5813989348896,612.5419810357116,216.8104659535287,52.0,120.8499984741211,14801.008008190645,780.4000244140625,177.0500030517578,9.180000305175781,65.25981637923343,69.24589586517902,55.0809984707813,504.0,7.289999961853027,32.3650016784668,96.03450079446665,613.8806850019486,223.28688134493052,52.58000183105469,122.3499984741211,15056.780236568247,790.0,178.0,9.369999885559082,67.46303505136892,69.93592836640406,55.82183164314655,507.6000061035156,7.406000137329102,6123298,186198,45903,279233,1309630,912415,5419,32048,321637,3448369,2938339,2079976,2254060,57160,4739565
2025-05-23,33.05500030517578,93.99024200439453,611.9683227539062,217.4082794189453,52.720001220703125,123.5999984741211,14496.9775390625,791.5999755859375,176.5,8.97599983215332,65.58518981933594,69.11534881591797,54.284603118896484,496.8999938964844,7.150000095367432,33.15999984741211,95.85278708538536,629.7536287892028,220.79595197070984,53.220001220703125,127.30000305175781,15105.039845960593,817.4000244140625,180.6999969482422,9.38599967956543,66.39396079643677,70.29026728082752,56.06260631863452,514.7999877929688,7.409999847412109,32.30500030517578,91.35543160146909,597.8165669625917,212.3267933964346,51.5,121.0999984741211,14294.290103429801,770.2000122070312,170.0,8.800000190734863,64.33018765453974,66.56035113108183,52.98814591139692,485.3999938964844,7.0,32.439998626708984,94.58080558605563,615.7931247711182,220.69630872964285,52.47999954223633,124.0,15027.825584767184,801.7999877929688,179.0,9.220000267028809,65.53870563082816,69.8426813268383,55.69218795502246,509.6000061035156,7.323999881744385,5696142,272867,95371,262748,827620,973528,8081,23540,650629,3149205,2428784,2734452,2786424,100198,3252240
2025-05-26,33.51499938964844,96.89762878417969,629.9448852539062,219.3013916015625,54.47999954223633,127.30000305175781,15080.91015625,826.4000244140625,181.8000030517578,9.199999809265137,66.84017944335938,70.7005615234375,56.02556228637695,509.20001220703125,7.2820000648498535,33.79999923706055,97.39733109554086,633.9609390742575,220.6963057370411,54.599998474121094,127.5999984741211,15201.5574375,832.0,182.85000610351562,9.232000350952148,66.84017944335938,71.40924759580336,56.30337428541499,512.0,7.3480000495910645,33.0,94.30824209660562,615.9843811318517,217.8068342263681,52.5,125.55000305175781,14603.1469225,800.2000122070312,178.14999389648438,9.050000190734863,66.16154864591587,70.01052901611448,54.76614412266188,497.1000061035156,7.205999851226807,33.119998931884766,94.30824209660562,615.9843811318517,219.69993415357814,52.720001220703125,126.9000015258789,14767.227225,808.5999755859375,178.39999389648438,9.100000381469727,66.4404395692468,70.62596149176728,54.98839584143504,498.0,7.205999851226807,2339439,149562,67280,137938,1100530,618002,2831,14742,408976,1316859,1732845,2033240,966538,47096,1421280
2025-05-27,33.54999923706055,97.48819732666016,632.4310302734375,219.40101623535156,55.099998474121094,125.8499984741211,15047.12890625,842.0,184.60000610351562,9.244000434875488,67.49092102050781,71.87548828125,56.48858642578125,511.79998779296875,7.322000026702881,33.834999084472656,97.6244753710439,640.2718276372038,221.09484486028566,55.34000015258789,127.30000305175781,15191.905643641758,844.5999755859375,185.5500030517578,9.345999717712402,67.49092102050781,72.1552277331478,56.67379561238006,514.7999877929688,7.3480000495910645,33.2400016784668,95.53479782017179,628.2237247537877,217.90645888333498,53.84000015258789,124.5,14892.700386365459,813.4000244140625,181.10000610351562,9.083999633789062,66.23592594737168,70.04783016136503,55.67366812428933,508.3999938964844,7.242000102996826,33.25,96.89763371794389,634.9171282138738,220.69630231445066,54.099998474121094,127.0,15191.905643641758,826.2000122070312,181.75,9.199999809265137,66.84018493591616,70.58866261406773,56.13668932450065,509.20001220703125,7.288000106811523,2152184,148776,77419,220776,1099990,592270,3064,22132,756320,2292865,3430193,2492651,1328971,92064,1487311
2025-05-28,35.20500183105469,97.71533203125,628.2236938476562,218.30502319335938,55.29999923706055,124.6500015258789,14815.4853515625,856.4000244140625,186.60000610351562,9.472000122070312,69.30369567871094,72.54686737060547,57.322025299072266,511.3999938964844,7.449999809265137,35.369998931884766,98.0333256727073,647.9213997164069,220.79595218824744,55.79999923706055,126.0999984741211,15191.904849094055,865.4000244140625,187.64999389648438,9.54800033569336,69.36876928500351,72.621460282053,57.340543038191704,513.0,7.550000190734863,33.369998931884766,96.12535689222193,623.4426916113728,217.80683739438174,54.97999954223633,124.30000305175781,14805.833569574512,834.4000244140625,184.5,9.251999855041504,67.18414016127177,71.33464185289547,56.340419094887665,506.3999938964844,7.26200008392334,33.529998779296875,97.66990139743831,637.5944465584032,220.6963089470823,55.47999954223633,125.5999984741211,15051.95401026822,842.0,184.5500030517578,9.399999618530273,67.39795749194232,71.80088134213008,56.544149550915186,512.7999877929688,7.322000026702881,4023403,206427,123453,338354,1896710,500074,3552,17865,782790,2853766,6140059,2939690,2247667,129895,3760377
2025-05-29,34.599998474121094,95.03508758544922,601.4500732421875,219.69993591308594,54.599998474121094,123.44999694824219,14226.7275390625,847.5999755859375,185.0,9.706000328063965,67.51880645751953,70.88705444335938,56.52562713623047,502.6000061035156,7.257999897003174,35.380001068115234,98.30589232050116,632.2397389024709,229.36473730939403,55.79999923706055,125.9000015258789,14940.95945079291,867.5999755859375,188.5500030517578,9.87399959564209,70.15895082564685,72.91985906245337,57.74800278253541,518.0,7.565999984741211,34.54999923706055,94.98966388169704,594.9479219605864,218.00610724831836,54.2599983215332,122.9000015258789,14135.03560444846,844.4000244140625,184.0500030517578,9.552000045776367,67.03540353820979,70.88705444335938,56.26633287037367,495.20001220703125,7.254000186920166,35.20000076293945,98.12418364200896,631.0922867088136,224.7814371108126,55.560001373291016,125.5,14907.17821172458,856.7999877929688,187.60000610351562,9.553999900817871,69.43384290043667,72.73336609764682,57.37758442135215,512.7999877929688,7.449999809265137,4415350,654769,144734,527755,1910300,520883,7447,26627,838803,6043950,3391991,3565038,1859592,134134,3070035
2025-05-30,34.44499969482422,94.44451904296875,596.4778442382812,220.99522399902344,54.959999084472656,122.9000015258789,13917.8701171875,820.0,184.3000030517578,9.338000297546387,68.3647689819336,70.197021484375,56.6552734375,500.6000061035156,6.874000072479248,34.67499923706055,95.35307625139266,610.0559026466734,224.58215263824047,55.15999984741211,123.0,14357.026213118173,847.5999755859375,185.14999389648438,9.784000396728516,68.3647689819336,70.42081446355165,56.6552734375,505.0,7.317999839782715,34.04499816894531,92.85454392822692,589.5931891504638,218.6039230361213,53.34000015258789,121.0999984741211,13758.615708773079,801.5999755859375,181.35000610351562,9.093999862670898,66.74722002211918,68.6864099821194,55.15508576184507,492.6000061035156,6.77400016784668,34.51499938964844,95.35307625139266,607.18730122357,219.69993787787945,54.2599983215332,123.0,14188.120022375606,847.5999755859375,184.0,9.699999809265137,67.58387863039115,70.197021484375,56.50710679709669,496.20001220703125,7.300000190734863,8529249,468555,1453824,690726,3182050,1372428,12846,92119,1463506,7205334,7189082,7712966,4245637,280069,6179337
2025-06-02,35.20000076293945,92.71826934814453,563.393310546875,220.69630432128906,54.099998474121094,125.4000015258789,13898.5673828125,803.0,183.39999389648438,9.407999992370605,68.78309631347656,68.01502227783203,57.35906219482422,495.6000061035156,7.050000190734863,35.43000030517578,93.76310463138194,592.8442724069823,227.1727195722524,54.79999923706055,125.4000015258789,14024.040560574002,811.5999755859375,184.75,9.407999992370605,69.34087106715876,68.20151523690642,57.4887110918792,497.0,7.127999782562256,33.880001068115234,91.35543348471316,559.3772570291687,217.6075463509986,53.13999938964844,117.0,13720.009399074977,773.0,172.1999969482422,9.02400016784668,66.43114125558127,62.476094599468304,54.729101765419955,474.0,6.679999828338623,34.279998779296875,93.21797167235772,591.6968202073743,218.8032044062231,53.13999938964844,117.75,13792.39777086046,785.5999755859375,176.0,9.197999954223633,66.74721810791202,66.67225020689528,55.3773321204099,485.0,6.769999980926514,3884891,478074,195258,321324,2830320,706630,10169,70490,2035728,3736225,3584910,9009889,2893031,184646,3613579
2025-06-03,34.5,91.31000518798828,555.1699829101562,235.64187622070312,54.220001220703125,122.55000305175781,13763.4423828125,785.2000122070312,177.0,9.539999961853027,69.0712890625,66.97064208984375,56.9886474609375,485.1000061035156,7.0,35.33000183105469,93.58139835186859,576.0152003477504,235.9407907322809,54.619998931884766,124.75,13946.826257478304,819.2000122070312,184.1999969482422,9.618000030517578,69.1363626689186,68.44396063034057,57.50722891967831,499.5,7.170000076293945,34.04499816894531,90.63767475236743,551.3451809380247,218.40464502518472,53.08000183105469,121.19999694824219,13483.540679375219,777.2000122070312,175.8000030517578,9.277999877929688,66.81229516469573,66.2246560375225,55.784793104126166,478.1000061035156,6.920000076293945,35.150001525878906,93.58139835186859,567.0268923685027,222.78868905367057,54.439998626708984,124.5999984741211,13946.826257478304,790.4000244140625,183.39999389648438,9.411999702453613,68.69943684332611,67.88447464822477,57.41462609706638,495.3999938964844,7.079999923706055,3341837,230224,83651,777763,1655470,543559,5080,37345,1264509,4009230,2696822,4944570,1290826,71058,2093603
2025-06-04,35.70000076293945,91.58257293701172,570.5999755859375,256.9642333984375,53.880001068115234,126.25,13831.0048828125,793.7999877929688,180.0,9.890000343322754,69.90795135498047,66.95199584960938,57.41462707519531,486.6000061035156,7.073999881744385,35.70000076293945,92.71826949162872,590.0,259.554805678518,54.5,126.69999694824219,13975.781626177599,803.2000122070312,180.0,9.890000343322754,70.41924906971096,67.64202832590472,57.599836256145686,499.3999938964844,7.170000076293945,34.5,90.45595696397766,556.2000122070312,233.7487869342692,53.63999938964844,123.30000305175781,13724.835271011427,777.4000244140625,175.60000610351562,9.529999732971191,68.3647741393702,66.07546330252457,56.61823006990861,484.3999938964844,6.978000164031982,34.5,91.35543362608831,563.0,236.93717306122832,54.2400016784668,123.30000305175781,13773.09418546646,783.0,178.0,9.565999984741211,68.41125123639654,67.17578882030647,57.08125125599889,487.0,7.0,2868747,308527,108462,1207638,1367580,723870,4561,23224,830327,3477664,5282048,4086953,1859364,55621,2324712
2025-06-05,35.314998626708984,89.25666046142578,557.7999877929688,258.06024169921875,52.41999816894531,131.1999969482422,13816.52734375,780.0,176.10000610351562,9.657999992370605,69.53610229492188,65.68382263183594,56.618228912353516,478.29998779296875,7.00600004196167,35.81999969482422,92.35484394737396,578.0,262.64355709262077,55.02000045776367,131.1999969482422,14163.99153122817,800.4000244140625,181.10000610351562,9.947999954223633,70.18683835659584,67.06388755935228,57.9332108909023,492.3999938964844,7.0980000495910645,34.494998931884766,89.03860866680289,556.2000122070312,249.19254063339508,52.02000045776367,125.9000015258789,13758.616645836972,780.0,174.64999389648438,9.607999801635742,68.8481732097338,65.10568309426819,56.47006227713673,475.79998779296875,6.9720001220703125,35.75,92.35484394737396,574.0,254.07475534092964,53.86000061035156,127.0,13937.174631068809,797.4000244140625,179.85000610351562,9.895999908447266,69.90794742016921,66.97064108277688,57.599835078521735,486.6000061035156,7.050000190734863,2350112,429772,43142,931887,2805590,1633066,5490,15155,740676,1924822,2517891,5972162,1112815,54357,1506039
2025-06-06,33.83000183105469,88.13005065917969,550.2000122070312,266.3301086425781,51.79999923706055,128.14999389648438,13811.701171875,774.2000122070312,171.64999389648438,9.859999656677246,68.5321044921875,64.37834930419922,56.34041976928711,464.1000061035156,6.953999996185303,34.29999923706055,90.07436256248207,562.0,266.92793766627153,52.560001373291016,131.14999389648438,13985.433262087263,780.0,176.0500030517578,9.90999984741211,69.48961918020646,65.47867477955104,56.8034409693856,478.5,7.046000003814697,33.25,86.14939563513671,544.4000244140625,250.48780675236307,50.880001068115234,127.0,13618.665516083594,746.4000244140625,166.5500030517578,9.468000411987305,67.86277190842905,62.196344802730344,54.72910443861294,457.79998779296875,6.814000129699707,33.599998474121094,89.94716510576072,558.0,255.17076529663953,52.5,131.10000610351562,13773.094040716718,780.0,176.0,9.657999992370605,69.40595615348228,65.42272831759671,56.76639842556058,478.3999938964844,6.98799991607666,14314927,698527,119233,660478,2426210,774584,3838,40086,2027454,1857260,3330931,10059104,2205011,211702,1343723
2025-06-09,33.75,88.78421783447266,573.4000244140625,267.027587890625,52.08000183105469,129.35000610351562,13913.044921875,790.0,174.0500030517578,10.170000076293945,69.39665985107422,65.68382263183594,56.859004974365234,471.8999938964844,7.085999965667725,34.0,89.58374573935612,575.0,270.51488847874884,52.79999923706055,129.8000030517578,14067.473446848986,796.0,175.5,10.244999885559082,69.44313694751008,65.68382263183594,57.30350490403063,472.5,7.196000099182129,33.310001373291016,87.23966631119123,551.2000122070312,262.3446292238338,51.36000061035156,127.94999694824219,13777.919962522763,772.0,170.0,9.880000114440918,68.42984687981613,64.11725763691864,55.95148031048887,464.1000061035156,6.980000019073486,33.83000183105469,88.56616602982115,556.0,266.33011561026103,52.02000045776367,128.1999969482422,13811.701202360822,774.2000122070312,171.6999969482422,9.899999618530273,68.53210642146304,64.39699706664486,56.34041995680323,464.1000061035156,6.980000019073486,4502368,235664,56552,437638,891710,428810,2709,12438,713939,2956139,3303007,6329798,772772,105259,1629062
2025-06-10,34.02000045776367,90.6376724243164,580.5999755859375,268.5221252441406,53.13999938964844,129.60000610351562,14067.4736328125,805.7999877929688,179.6999969482422,10.609999656677246,72.32498168945312,67.95906829833984,58.28510665893555,479.79998779296875,7.355999946594238,34.474998474121094,92.49113003024523,593.4000244140625,269.418853532789,53.5,130.89999389648438,14217.076268358705,819.5999755859375,182.3000030517578,10.770000457763672,72.32498168945312,68.57450786531022,58.8407342115638,486.0,7.48799991607666,33.45000076293945,88.80238291326556,574.5999755859375,263.63991086652544,52.18000030517578,128.3000030517578,13816.527276412415,791.7999877929688,173.25,10.1899995803833,69.30369401245461,65.14298479310506,56.82196152208104,467.20001220703125,7.067999839782715,33.79999923706055,89.40203402036384,575.0,266.230482905723,52.34000015258789,128.3000030517578,14048.17006693557,796.7999877929688,174.0500030517578,10.199999809265137,69.39665529171022,65.68382433118502,57.118294803787556,472.0,7.085999965667725,9599613,374381,79343,313091,2403790,702927,5505,29124,1155925,6155038,5869520,5696715,1868643,226649,3268236
2025-06-11,34.19499969482422,90.16521453857422,588.2000122070312,267.32647705078125,52.459999084472656,128.3000030517578,13922.6962890625,781.7999877929688,182.3000030517578,10.6850004196167,71.45113372802734,67.77257537841797,58.1184196472168,475.3999938964844,7.5,34.599998474121094,91.17371358457062,591.5999755859375,267.32647705078125,53.29999923706055,130.0,14226.72743852903,811.0,182.3000030517578,10.71500015258789,72.39005900942628,67.97772190085661,58.67404720845705,481.3999938964844,7.5,33.8650016784668,89.20214612524988,573.5999755859375,260.05297683462067,51.220001220703125,127.8499984741211,13826.17846383503,776.2000122070312,176.1999969482422,10.515000343322754,70.60516973065502,66.89604282408933,57.13681696106376,470.5,7.328000068664551,34.15999984741211,90.85571995109008,590.0,265.03483462838733,53.29999923706055,129.60000610351562,14125.383722040186,805.7999877929688,179.75,10.649999618530273,72.04609445678732,67.97772190085661,58.248068550972846,480.0,7.355999946594238,7698960,247851,94144,287919,1574570,756699,4741,24240,863076,3195939,2357914,2991663,1451380,82173,2172068
2025-06-12,33.915000915527344,89.838134765625,572.7999877929688,267.7250671386719,51.380001068115234,126.0999984741211,13966.1298828125,782.7999877929688,180.0,10.734999656677246,72.10186767578125,66.72819519042969,56.5811882019043,477.79998779296875,7.418000221252441,34.13999938964844,90.51047209439528,587.0,273.80290971067393,52.70000076293945,128.14999389648438,14661.058252931713,794.2000122070312,184.0,10.970000267028809,72.26920081907564,68.81695327979516,57.69243976828632,479.79998779296875,7.74399995803833,33.29999923706055,88.22090403485055,564.5999755859375,263.24139483725133,51.02000045776367,124.75,13797.223681741858,764.4000244140625,177.89999389648438,10.329999923706055,70.69813601577454,66.0568091698658,56.11816701029274,461.79998779296875,7.2820000648498535,34.0,89.76545545667643,587.0,267.1272380837794,52.70000076293945,127.80000305175781,14294.290502035461,780.0,180.0,10.630000114440918,71.39535626408596,67.17578824222235,57.044209393515864,473.20001220703125,7.5,3623470,314867,79090,371599,1695970,520442,13925,26066,1132333,5858447,2689921,5582233,2083207,59784,3324059
2025-06-13,33.255001068115234,87.67577362060547,568.2000122070312,270.0166931152344,50.7599983215332,123.8499984741211,13609.013671875,766.7999877929688,176.75,9.600000381469727,71.8415756225586,65.60922241210938,54.63650131225586,468.0,7.289999961853027,33.56999969482422,89.36569064078549,578.0,270.0166931152344,51.040000915527344,125.6500015258789,13835.83056640625,783.5999755859375,179.64999389648438,10.5,72.04609470361262,66.39250135014161,55.85887699121248,473.3999938964844,7.389999866485596,32.83000183105469,87.31234933842043,564.2000122070312,262.3446199304022,50.02000045776367,123.4000015258789,13512.495844414894,761.0,175.0,9.553999900817871,71.0142081346519,64.99378286286966,54.358689300233245,462.20001220703125,7.136000156402588,33.279998779296875,89.36569064078549,564.2000122070312,263.0420921860586,50.20000076293945,125.0,13753.79041306516,775.0,175.0,10.300000190734863,71.58128118939578,65.2735294060241,55.56254370737884,470.0,7.2820000648498535,3430810,234725,48809,276632,1913660,509723,8347,25214,901881,8642745,2634024,2530735,3522311,61948,3109770
2025-06-16,33.099998474121094,88.40261840820312,555.5999755859375,263.9388122558594,51.5,125.1500015258789,13720.0087890625,765.2000122070312,176.85000610351562,9.869999885559082,73.0872802734375,65.62786865234375,54.48833465576172,468.29998779296875,7.415999889373779,33.439998626708984,89.20214624945915,574.0,272.0094277314587,51.84000015258789,126.75,13840.656070007475,787.5999755859375,180.0,10.024999618530273,74.16564394931248,66.85874063264708,55.192125321535485,477.8999938964844,7.429999828338623,32.95000076293945,87.47588618163644,555.0,262.24499889870884,50.29999923706055,123.94999694824219,13589.709725641927,763.5999755859375,175.6999969482422,9.303999900817871,71.7579133255328,65.14298270857277,54.006792186518034,464.0,7.269999980926514,33.25,88.13004847527378,568.2000122070312,270.01668467115496,50.7599983215332,124.3499984741211,13705.531115349102,772.0,176.75,9.600000381469727,71.76720448931802,65.9635616573583,54.6365012976389,464.0,7.276000022888184,3104432,239810,41375,197276,1029550,484033,5031,21160,693505,6552693,3065764,2613246,2565821,50298,7467315
2025-06-17,33.255001068115234,90.03801727294922,545.4000244140625,265.4333801269531,50.63999938964844,123.44999694824219,13343.58984375,751.0,176.5,10.375,75.87615966796875,65.68382263183594,55.5255012512207,474.0,7.820000171661377,33.349998474121094,91.21914440747307,558.5999755859375,266.0312091502332,51.619998931884766,125.1500015258789,13720.009376412749,766.2000122070312,178.14999389648438,10.395000457763672,75.87615966796875,66.00086207504235,55.67366789337092,477.79998779296875,7.820000171661377,32.67499923706055,88.09370541648049,537.4000244140625,256.0674934517226,50.060001373291016,123.0999984741211,13198.813100418174,741.7999877929688,173.5500030517578,9.805999755859375,72.66894220436791,64.78864365106178,54.04383482971856,463.5,7.363999843597412,32.75,89.0386057377513,555.5999755859375,263.6399234639601,51.599998474121094,125.0,13710.35759352396,766.0,175.60000610351562,9.850000381469727,72.78979825575182,65.36677607437939,54.17348020002858,470.6000061035156,7.392000198364258,3926151,344934,35625,192253,1618500,465469,7379,30873,1310768,6727670,5006044,4116568,3988053,113251,13342323
2025-06-18,33.11000061035156,89.60191345214844,550.0,269.3192138671875,50.79999923706055,122.6500015258789,13425.6298828125,745.2000122070312,175.1999969482422,10.625,75.83897399902344,65.31082916259766,55.062477111816406,466.6000061035156,8.199999809265137,33.33000183105469,90.99200485740549,557.5999755859375,269.3192138671875,51.279998779296875,124.80000305175781,13502.844145258581,752.4000244140625,176.5,10.829999923706055,76.78719043879259,65.87031513245655,55.71070746131321,472.3999938964844,8.347999572753906,32.709999084472656,88.63883810771739,545.4000244140625,263.44062788944996,50.31999969482422,122.3499984741211,13203.638878280013,735.2000122070312,173.35000610351562,10.375,75.27190094938506,64.76998964222568,54.26608012808357,463.5,7.800000190734863,33.255001068115234,90.8557198912204,550.0,265.0348284275261,50.97999954223633,123.80000305175781,13415.97810000674,751.0,176.5,10.399999618530273,75.7646021352204,65.68382218058696,55.56254082707719,472.3999938964844,7.800000190734863,3115621,371987,39639,181753,1096310,512129,6709,24416,734444,4588925,2661168,1898570,1605755,85162,5749758
2025-06-20,32.540000915527344,89.42020416259766,542.4000244140625,269.5185241699219,51.0,121.75,13555.9287109375,753.0,175.60000610351562,10.595000267028809,76.9731216430664,65.75841522216797,55.65514373779297,468.3999938964844,7.938000202178955,33.11000061035156,89.67459908716397,559.7999877929688,271.71055390446855,51.20000076293945,122.8499984741211,13642.794754653014,753.0,176.1999969482422,10.744999885559082,77.14045479373578,66.00086175147555,55.93295926842975,472.0,8.149999618530273,32.470001220703125,88.76604182414613,537.5999755859375,267.2268815984994,50.52000045776367,121.5,13300.156471108492,741.2000122070312,174.0,10.335000038146973,75.48571270712021,64.93783627237706,54.82170774359627,464.0,7.539999961853027,33.09000015258789,89.60191977424631,559.7999877929688,269.2196248455968,51.099998474121094,122.6500015258789,13353.241275601304,745.2000122070312,175.1999969482422,10.625,75.87616145367639,64.97513628567438,55.17360482518397,466.6000061035156,8.10200023651123,5489858,517410,98334,568628,2147830,1149805,6425,173451,1626987,4739936,6057273,5192356,3005017,175617,10989836
2025-06-23,32.0,86.31293487548828,526.5999755859375,270.41522216796875,50.2599983215332,120.5,13184.3349609375,725.2000122070312,170.4499969482422,10.755000114440918,77.36356353759766,63.912113189697266,55.02543640136719,457.6000061035156,8.067999839782715,32.45000076293945,89.40203077316983,544.0,272.60725165623586,50.900001525878906,122.69999694824219,13512.495567578697,750.0,175.0500030517578,10.78499984741211,77.90274892392951,65.73977122391449,55.8218334116042,465.0,8.100000381469727,31.68000030517578,86.31293487548828,524.0,263.9388073425425,49.77000045776367,119.5,13005.776983794496,725.2000122070312,169.9499969482422,10.279999732971191,76.4060488195378,63.72561311625651,54.76614566596772,454.29998779296875,7.739999771118164,32.45000076293945,89.40203077316983,537.5999755859375,266.3300928890231,50.720001220703125,122.0,13512.495567578697,750.0,174.1999969482422,10.550000190734863,76.97312188231933,65.53462470025484,55.562542676204735,464.20001220703125,7.929999828338623,2749378,457291,52861,218537,873570,554710,4913,15670,739275,3587135,2364440,2042062,927654,46566,2428498
2025-06-24,32.38999938964844,90.7648696899414,540.5999755859375,274.9985656738281,50.560001373291016,124.80000305175781,13541.451171875,767.0,181.10000610351562,10.875,76.70352935791016,67.79122161865234,56.618228912353516,473.20001220703125,8.161999702453613,32.68000030517578,90.7648696899414,540.7999877929688,277.98768051810885,51.119998931884766,125.30000305175781,13584.884194165405,768.0,181.35000610351562,11.100000381469727,77.06608333753647,67.79122161865234,56.766395547570305,474.70001220703125,8.161999702453613,31.8700008392334,87.31234940419516,529.0,273.30472176599625,50.459999084472656,123.0,13343.589625885379,732.0,174.0,10.755000114440918,74.37946174877149,64.90053809185326,55.78479291397332,460.1000061035156,7.906000137329102,32.54999923706055,87.31234940419516,530.0,274.0021940590679,50.65999984741211,123.0,13396.674430906984,732.0,174.0,10.755000114440918,76.78719238744324,64.93783810620394,56.21077154865017,460.1000061035156,8.069999694824219,3018379,728369,35392,329345,1396050,541089,4162,32048,921710,16851696,4392582,3981623,1049195,84909,3671330
2025-06-25,32.60499954223633,90.00167846679688,532.0,274.20147705078125,51.279998779296875,123.80000305175781,13444.93359375,756.4000244140625,177.25,11.204999923706055,76.20152282714844,66.29925537109375,56.859004974365234,467.29998779296875,8.173999786376953,32.8650016784668,90.63767269730835,545.5999755859375,276.9913053738215,51.599998474121094,125.69999694824219,13657.272817771895,767.0,180.0,11.390000343322754,77.62385093706499,67.60472739185548,57.025692889561185,473.20001220703125,8.468000411987305,32.41999816894531,88.7660400591227,532.0,272.60727640610907,50.84000015258789,123.6500015258789,13343.589873194096,752.5999755859375,176.25,10.854999542236328,75.54148853854295,65.96356236249073,56.395983772725685,464.20001220703125,8.052000045776367,32.5,90.63767269730835,540.5999755859375,275.4967479707253,50.86000061035156,125.25,13657.272817771895,767.0,180.0,10.875,76.7871852569697,67.56742737820512,56.61823197127267,473.20001220703125,8.161999702453613,2175894,502216,39693,252372,1608020,348818,2393,19766,520811,4440053,2645897,2660352,1285713,44246,3066813
2025-06-26,33.130001068115234,91.31000518798828,561.4000244140625,274.6000061035156,51.560001373291016,130.0,13927.5224609375,771.2000122070312,182.14999389648438,11.3100004196167,76.88945007324219,68.72370147705078,57.859127044677734,473.0,8.312000274658203,33.32500076293945,92.17313181756607,564.0,275.6960208932462,51.939998626708984,130.0,14033.692070826837,781.0,183.64999389648438,11.510000228881836,77.08467089659749,68.89154798656102,58.1369390500805,481.6000061035156,8.34000015258789,32.404998779296875,90.4559591402119,535.7999877929688,270.9134191944709,51.0,124.5999984741211,13536.625260890398,753.0,178.5,11.229999542236328,75.59726908115854,66.8587434221593,57.04420876726782,467.70001220703125,8.092000007629395,32.54999923706055,90.54682041216059,536.4000244140625,274.30107639349086,51.20000076293945,124.6500015258789,13560.754717683429,753.0,178.5,11.300000190734863,76.1364544556587,66.87739698668844,57.04420876726782,467.70001220703125,8.100000381469727,3417626,861055,99055,158189,1097920,1083298,6915,24185,949132,3233220,2237373,3620879,1426122,66299,1738276
2025-06-27,33.869998931884766,92.76000213623047,556.5999755859375,275.29998779296875,52.18000030517578,129.0,14381.15625,774.0,182.0,11.234999656677246,75.86685943603516,68.76100158691406,57.43314743041992,482.0,8.251999855041504,34.0,93.5999984741211,565.7999877929688,278.6000061035156,52.18000030517578,131.75,14521.107099412751,778.0,183.0,11.489999771118164,77.17762980754985,69.0780481560941,58.32214724571554,488.0,8.336000442504883,33.14500045776367,91.95999908447266,550.4000244140625,271.1000061035156,51.380001068115234,127.0,13956.477810402685,765.7999877929688,180.0,11.100000381469727,75.113863841601,67.90312258789814,57.00716879382884,472.5,8.12399959564209,33.310001373291016,93.4000015258789,565.2000122070312,278.0,51.560001373291016,130.0,14004.736723993288,777.7999877929688,182.14999389648438,11.3100004196167,76.9266336402355,68.81695516632843,58.32214724571554,481.20001220703125,8.300000190734863,2506095,577564,48010,168775,1592290,681046,8149,12458,503542,3802740,2174032,1667724,829041,80408,1915830
2025-06-30,34.59000015258789,94.5999984741211,557.2000122070312,280.79998779296875,52.599998474121094,128.89999389648438,14159.1650390625,798.0,185.0,11.404999732971191,76.32237243652344,70.15972137451172,58.34067153930664,493.6000061035156,8.411999702453613,35.0,95.91999816894531,567.5999755859375,286.6000061035156,53.0,131.0,14429.414951191846,810.0,185.60000610351562,11.550000190734863,76.9917049863721,70.49541439995082,58.414756627371794,495.20001220703125,8.416000366210938,34.084999084472656,93.19999694824219,556.4000244140625,276.0,52.13999938964844,128.3000030517578,13946.825822389443,772.0,182.0,11.25,75.60656279390193,68.81695638700587,57.5627957774797,483.1000061035156,8.260000228881836,34.11000061035156,93.19999694824219,560.0,276.0,52.5,130.10000610351562,14241.205190958908,772.0,182.8000030517578,11.364999771118164,76.22941115848687,69.05939581651702,57.67391987700599,487.6000061035156,8.260000228881836,5947842,848313,35375,301069,1476120,458871,6393,49349,843953,3733636,2735737,3578187,1713022,81648,2312345
2025-07-01,34.025001525878906,93.23999786376953,543.4000244140625,276.0,52.20000076293945,129.35000610351562,14357.02734375,793.4000244140625,182.5,11.5600004196167,76.6756362915039,69.22724151611328,57.56279373168945,487.0,8.491999626159668,34.84000015258789,95.5199966430664,557.2000122070312,282.3999938964844,53.060001373291016,130.64999389648438,14718.969209558823,818.5999755859375,186.0500030517578,11.850000381469727,77.0753761758758,70.49541357193193,58.65552401381464,498.0,8.6899995803833,33.92499923706055,93.0,541.4000244140625,274.3999938964844,51.97999954223633,128.1999969482422,14188.121139705881,780.5999755859375,181.5,11.425000190734863,75.86685826707956,69.22724151611328,57.04420873137827,485.5,8.3100004196167,34.5,94.45999908447266,552.4000244140625,278.0,52.81999969482422,128.1999969482422,14188.121139705881,780.5999755859375,184.35000610351562,11.425000190734863,76.22941222122024,70.1597205504358,58.34066946587058,495.20001220703125,8.399999618530273,2325618,370495,39271,166155,1496190,833224,8249,34876,740771,4421666,3714885,4045669,1380072,92562,3424923
2025-07-02,34.150001525878906,94.45999908447266,540.0,269.79998779296875,50.58000183105469,136.0,14453.544921875,787.0,183.6999969482422,11.199999809265137,77.82837677001953,70.34622192382812,58.025814056396484,490.1000061035156,8.289999961853027,34.23500061035156,94.83999633789062,549.7999877929688,275.70001220703125,51.79999923706055,136.0,14607.973448586186,802.5999755859375,185.39999389648438,11.609999656677246,77.87485386643294,70.70056140227854,58.48883523575891,497.3999938964844,8.529999732971191,33.71500015258789,92.91999816894531,535.7999877929688,267.29998779296875,50.459999084472656,129.4499969482422,14313.594069542989,786.7999877929688,182.4499969482422,11.03499984741211,76.40604853642485,69.376442856529,57.21089579159867,488.0,8.260000228881836,34.025001525878906,93.23999786376953,549.7999877929688,275.1000061035156,51.619998931884766,129.4499969482422,14361.852984140234,795.0,183.35000610351562,11.5600004196167,76.67564122859183,69.65618230343703,57.91468996246945,488.0,8.491999626159668,1736029,554605,38930,197843,1663000,1512926,4791,23800,709289,5868958,3136024,3748693,1129627,52684,1879650
2025-07-03,34.35499954223633,98.9000015258789,550.4000244140625,269.5,52.15999984741211,134.89999389648438,14361.8525390625,806.2000122070312,189.25,11.380000114440918,78.23741149902344,72.24847412109375,58.8592529296875,519.0,8.527999877929688,34.79999923706055,99.4000015258789,560.0,273.79998779296875,52.20000076293945,137.75,14718.968496014993,807.4000244140625,189.9499969482422,11.430000305175781,78.98110884138644,72.45361351964597,59.37783791646126,523.2000122070312,8.527999877929688,34.060001373291016,94.12000274658203,540.0,267.6000061035156,50.959999084472656,134.60000610351562,14361.8525390625,785.0,183.6999969482422,11.229999542236328,77.9027452125882,70.30891614546371,58.118416224990355,489.0,8.300000190734863,34.150001525878906,94.37999725341797,540.0,267.70001220703125,51.0,136.0,14429.415017404863,785.0,183.6999969482422,11.25,77.9027452125882,70.34621615817775,58.118416224990355,492.0,8.300000190734863,2530687,1264563,58561,126223,5166610,981604,4569,44154,629171,7650587,2460132,2804827,1877336,157224,2533703
2025-07-04,34.41999816894531,97.0,540.2000122070312,269.8999938964844,52.20000076293945,132.4499969482422,14284.638671875,787.0,188.5,11.420000076293945,78.54418182373047,71.72628784179688,57.13681411743164,512.5999755859375,8.472000122070312,34.56999969482422,98.9800033569336,554.7999877929688,270.1000061035156,52.36000061035156,134.0500030517578,14453.544872387036,804.0,190.5,11.4399995803833,78.55348007945985,72.75201338857933,58.80368965305112,521.5999755859375,8.557999610900879,33.755001068115234,96.83999633789062,536.4000244140625,267.1000061035156,51.2400016784668,130.10000610351562,14048.16999115815,779.0,185.64999389648438,11.289999961853027,77.54019007217967,70.71920874601017,56.8590021169236,507.3999938964844,8.402000427246094,34.189998626708984,98.9000015258789,554.5999755859375,269.8999938964844,51.939998626708984,134.0500030517578,14361.852934966217,790.2000122070312,189.25,11.375,78.23741030957132,71.76358785803905,58.67404428831879,521.5999755859375,8.527999877929688,1676902,457871,27102,142962,1211370,842609,4326,24481,376575,1731345,1422472,1841945,1655050,69273,551847
2025-07-07,34.5,98.95999908447266,546.0,274.0,52.439998626708984,131.39999389648438,13961.302734375,784.2000122070312,188.39999389648438,11.520000457763672,78.4977035522461,71.74494171142578,56.48858642578125,513.0,8.78600025177002,34.75,99.55999755859375,548.0,278.0,52.560001373291016,132.10000610351562,14361.851689422745,794.0,189.35000610351562,11.520000457763672,78.823071572982,72.360374196406,57.41462882620389,519.0,8.78600025177002,34.04499816894531,96.86000061035156,536.4000244140625,269.20001220703125,52.060001373291016,130.14999389648438,13903.392042078942,778.4000244140625,186.60000610351562,11.149999618530273,77.76329739544737,71.37194866167226,56.26633469534839,510.0,8.411999702453613,34.33000183105469,97.9800033569336,542.2000122070312,272.0,52.29999923706055,130.9499969482422,14308.766888151356,788.2000122070312,188.25,11.399999618530273,78.54418064521356,71.72628814610022,57.266462183439124,512.0,8.470000267028809,1506428,475458,31352,150786,1958490,420706,3537,14301,402139,2259436,1498276,961092,1536882,38690,2551387
2025-07-08,34.97999954223633,100.5,536.5999755859375,274.0,52.70000076293945,132.3000030517578,13999.91015625,795.0,190.4499969482422,11.420000076293945,79.82707214355469,73.19960021972656,57.692440032958984,517.5999755859375,8.5,35.060001373291016,101.05000305175781,549.4000244140625,280.0,53.02000045776367,133.3000030517578,14149.512781153051,799.5999755859375,191.5,11.630000114440918,79.89214574912158,73.19960021972656,57.692440032958984,521.0,8.84000015258789,34.505001068115234,98.68000030517578,535.4000244140625,272.20001220703125,52.34000015258789,131.39999389648438,13855.133422472854,781.0,189.3000030517578,11.319999694824219,78.49770526483852,71.80088174419038,56.044085713682584,514.0,8.5,34.70000076293945,98.68000030517578,545.2000122070312,274.5,52.400001525878906,131.39999389648438,13999.91015625,781.0,189.39999389648438,11.520000457763672,78.49770526483852,71.80088174419038,56.48858563576033,514.0,8.78600025177002,6796744,425252,65486,187202,5189120,657905,4886,19444,562404,4893948,3107983,3667669,3231290,68520,2181449
2025-07-09,35.20000076293945,101.94999694824219,539.0,269.3999938964844,54.400001525878906,130.0,14091.6025390625,791.7999877929688,191.5,11.854999542236328,79.80847930908203,74.02017974853516,56.52562713623047,516.0,8.649999618530273,35.29999923706055,103.05000305175781,540.2000122070312,275.70001220703125,54.599998474121094,134.9499969482422,14159.165016989513,797.7999877929688,192.35000610351562,11.859999656677246,81.48181080431557,74.0947797752393,57.61835741589266,522.0,8.710000038146973,34.459999084472656,99.68000030517578,529.5999755859375,267.3999938964844,52.47999954223633,128.8000030517578,13816.526736073953,781.7999877929688,189.75,10.8100004196167,79.52029719864957,72.95715426787649,56.39598176958772,508.20001220703125,8.302000045776367,34.88999938964844,99.91999816894531,535.2000122070312,274.0,52.720001220703125,134.5,14062.647191379496,790.0,191.4499969482422,11.449999809265137,79.57607255099356,73.38609375005015,57.599836144576365,520.0,8.531999588012695,4057396,683281,55134,137668,2521120,1798803,5606,20847,457823,9685962,6041858,3453830,1946301,64407,2443916
2025-07-10,34.82500076293945,98.83999633789062,549.0,267.8999938964844,52.70000076293945,130.89999389648438,14067.4736328125,767.0,185.14999389648438,11.614999771118164,79.01829528808594,72.3603744506836,55.28472900390625,506.20001220703125,8.609999656677246,35.81999969482422,102.5,557.5999755859375,272.0,54.540000915527344,134.1999969482422,14183.295028074077,794.2000122070312,192.0,12.0,80.82177394425825,74.18803257522255,56.72935280912317,521.7999877929688,8.732000350952148,34.619998931884766,98.36000061035156,542.0,266.6000061035156,52.70000076293945,130.14999389648438,13995.085260774013,763.0,184.0,11.414999961853027,78.59996597355725,72.2857744176206,55.08099855647464,501.3999938964844,8.473999977111816,35.0,102.19999694824219,542.0,272.0,54.459999084472656,131.5,14091.603090158662,791.7999877929688,191.4499969482422,11.890000343322754,79.80847682246856,74.02018605795618,56.72935280912317,519.5999755859375,8.699999809265137,14322117,371646,49537,155593,1510210,853826,4272,38834,593230,3747417,3120680,2444087,3716309,76565,1852170
2025-07-11,34.7599983215332,96.55999755859375,557.4000244140625,269.0,52.79999923706055,132.75,14077.125,770.7999877929688,184.9499969482422,11.78499984741211,80.84036254882812,72.62146759033203,55.618106842041016,503.3999938964844,8.708000183105469,34.900001525878906,98.91999816894531,563.5999755859375,269.0,53.58000183105469,132.9499969482422,14217.07584847446,774.5999755859375,186.9499969482422,11.78499984741211,80.84036254882812,72.90121415772516,55.747752210559945,509.79998779296875,8.755999565124512,34.474998474121094,95.66000366210938,547.2000122070312,263.79998779296875,52.58000183105469,129.6999969482422,14004.736630099416,756.5999755859375,182.3000030517578,11.595000267028809,79.20421705345647,71.68898851802255,55.04395802064101,500.20001220703125,8.59000015258789,34.625,98.86000061035156,553.0,267.8999938964844,53.0,132.10000610351562,14110.906239286938,770.0,186.35000610351562,11.619999885559082,80.2268124208707,72.36037458836549,55.562543027288044,504.3999938964844,8.609999656677246,4578691,428141,44044,130250,737360,461545,4728,20160,537285,1389099,1728871,1624568,1836945,36021,1903423
2025-07-14,35.54999923706055,97.08000183105469,568.0,269.0,53.099998474121094,132.8000030517578,14217.076171875,770.0,187.0,11.925000190734863,81.99309539794922,72.90120697021484,55.321773529052734,505.0,8.845999717712402,35.63999938964844,97.63999938964844,573.2000122070312,269.8999938964844,53.36000061035156,135.1999969482422,14241.20562905741,771.2000122070312,187.0,11.960000038146973,82.01169190902641,73.19959995936455,55.65514581965898,507.6000061035156,8.87399959564209,34.459999084472656,95.73999786376953,557.4000244140625,266.1000061035156,52.220001220703125,131.89999389648438,14014.388731542771,761.0,182.89999389648438,11.654999732971191,80.31977111803668,72.11792092729061,55.15508561746393,498.29998779296875,8.555999755859375,34.7599983215332,96.55999755859375,560.0,269.8999938964844,52.81999969482422,133.0,14163.991366073702,770.7999877929688,184.0500030517578,11.734999656677246,80.7845846000942,72.54686751880271,55.56254299436358,500.20001220703125,8.699999809265137,2931944,241156,42285,101147,831790,729981,2592,13933,512549,1691974,3171589,1475215,1081063,32414,1496998
2025-07-15,35.564998626708984,96.4000015258789,573.2000122070312,266.79998779296875,52.29999923706055,131.39999389648438,14183.2939453125,770.4000244140625,186.9499969482422,11.890000343322754,81.34236145019531,73.21824645996094,55.451419830322266,502.79998779296875,8.821999549865723,35.869998931884766,99.26000213623047,586.0,271.1000061035156,53.720001220703125,134.85000610351562,14496.976866865856,783.5999755859375,191.64999389648438,12.210000038146973,82.68102658251566,74.35587195509375,56.173731770977206,515.4000244140625,8.96399974822998,34.900001525878906,96.22000122070312,572.2000122070312,265.0,51.81999969482422,130.64999389648438,14144.686816505933,755.0,186.0,11.805000305175781,81.06347051679822,72.82660699534966,55.06248018588171,500.79998779296875,8.755999565124512,35.45500183105469,97.80000305175781,575.0,269.0,53.220001220703125,134.0,14274.985876228096,770.0,187.39999389648438,11.960000038146973,82.17902715789553,73.36744651176527,55.52550138529055,510.0,8.845999717712402,3088830,386493,46596,128833,1738650,410187,5142,47038,898385,3784461,2129590,2539660,1486869,89756,1953389
2025-07-16,35.904998779296875,96.87999725341797,572.0,265.3999938964844,50.41999816894531,130.60000610351562,14299.1162109375,778.5999755859375,188.64999389648438,12.0,81.34236145019531,73.59123992919922,55.26620864868164,497.29998779296875,8.918000221252441,35.904998779296875,97.36000061035156,578.5999755859375,266.79998779296875,52.86000061035156,132.3000030517578,14511.455432429653,779.0,189.1999969482422,12.119999885559082,81.71421366389441,74.00153295994211,55.69218728894086,509.79998779296875,9.057999610900879,35.314998626708984,96.05999755859375,569.0,262.1000061035156,50.41999816894531,130.0,14072.2993152527,759.7999877929688,185.85000610351562,11.84000015258789,80.72880423371812,72.39766796440178,54.988396645580906,497.0,8.765999794006348,35.564998626708984,96.5,575.0,265.0,52.439998626708984,131.1999969482422,14188.120708793875,770.0,187.0,11.84000015258789,81.34236145019531,73.2182469116375,55.155084553955604,504.6000061035156,8.765999794006348,2442823,200447,33878,83573,1670950,347275,4833,14865,582887,2360752,1261913,7090717,1137590,52217,2499857
2025-07-17,35.65999984741211,98.5199966430664,580.0,267.1000061035156,51.119998931884766,130.4499969482422,14709.31640625,820.7999877929688,192.85000610351562,12.1850004196167,80.43132781982422,75.19510650634766,56.451541900634766,511.79998779296875,8.899999618530273,36.21500015258789,99.0,582.0,267.1000061035156,51.380001068115234,131.1999969482422,14829.96368648499,822.2000122070312,194.39999389648438,12.210000038146973,81.43532671822838,75.45619948985751,56.451541900634766,514.0,8.96399974822998,35.400001525878906,96.0199966430664,569.7999877929688,260.0,50.47999954223633,129.14999389648438,14299.115653451034,778.5999755859375,187.3000030517578,11.859999656677246,79.10196087818484,73.38609495738622,55.1736059763554,498.8999938964844,8.710000038146973,35.9900016784668,97.22000122070312,570.0,266.0,50.47999954223633,130.60000610351562,14303.941544660434,779.0,189.8000030517578,12.09000015258789,81.34236543337423,73.72178796882751,55.56254207524791,499.29998779296875,8.918000221252441,2412613,321533,38310,225109,921710,314663,7611,27158,886724,4798146,2234519,2454702,965298,41096,2880064
2025-07-18,36.220001220703125,100.5,624.0,269.6000061035156,50.900001525878906,131.8000030517578,15240.1650390625,854.0,197.75,12.239999771118164,81.25869750976562,76.66842651367188,57.59983825683594,519.5999755859375,8.770000457763672,36.58000183105469,101.0999984741211,629.4000244140625,272.79998779296875,52.29999923706055,133.39999389648438,15302.901627253701,872.4000244140625,199.25,12.350000381469727,81.85365820798168,77.56360552326001,58.025816915017955,529.4000244140625,8.958000183105469,35.810001373291016,98.87999725341797,583.0,265.5,50.7599983215332,131.14999389648438,14675.535745341693,820.7999877929688,193.1999969482422,12.100000381469727,80.50569483507734,75.53080096578373,56.54415048109292,513.0,8.633999824523926,36.01499938964844,98.94000244140625,583.0,268.3999938964844,51.41999816894531,131.1999969482422,14738.272333532894,820.7999877929688,193.5,12.180000305175781,80.64514030020413,75.53080096578373,56.54415048109292,513.0,8.899999618530273,3088613,337264,119631,215865,1929380,633862,7590,50972,984457,3221055,1829844,3680868,1606123,70752,1757809
2025-07-21,36.31999969482422,100.1500015258789,627.5999755859375,265.20001220703125,51.040000915527344,134.0,15211.2099609375,845.4000244140625,196.8000030517578,12.15999984741211,80.79388427734375,75.10186004638672,57.525753021240234,522.5999755859375,8.789999961853027,36.54999923706055,100.6500015258789,639.4000244140625,270.8999938964844,51.5,134.89999389648438,15384.942054399984,855.0,198.4499969482422,12.3149995803833,82.0488792824847,77.0414180875635,58.08138058196493,527.5999755859375,8.831999778747559,36.119998931884766,98.9000015258789,617.7999877929688,262.20001220703125,50.7400016784668,132.1999969482422,15080.910890840636,829.7999877929688,193.3000030517578,11.970000267028809,80.28258660108695,74.56102051513065,57.1923771913197,517.4000244140625,8.637999534606934,36.20000076293945,100.19999694824219,624.4000244140625,270.1000061035156,51.220001220703125,133.0,15153.299263116673,854.0,197.85000610351562,12.21500015258789,81.26798893079169,77.0227645234511,57.78504729594033,527.5999755859375,8.71399974822998,1919224,226819,60019,214376,1089620,689299,3438,15771,1367336,2375242,1634376,2488387,995509,52642,1966701
2025-07-22,36.04999923706055,98.69999694824219,623.5999755859375,255.89999389648438,50.20000076293945,135.14999389648438,15298.076171875,837.0,195.5,12.149999618530273,80.58937072753906,74.41182708740234,57.19237518310547,518.4000244140625,8.618000030517578,36.435001373291016,100.0999984741211,637.0,265.20001220703125,51.2400016784668,135.60000610351562,15452.504701054811,843.0,196.6999969482422,12.180000305175781,80.78459155571298,75.62404551953159,57.52575100132007,525.0,8.744000434875488,35.96500015258789,98.16000366210938,616.4000244140625,253.60000610351562,50.02000045776367,133.0500030517578,15133.995859621451,823.4000244140625,194.4499969482422,11.895000457763672,79.55748414112584,73.85233399568864,56.41449945146183,515.4000244140625,8.5600004196167,36.25,99.26000213623047,628.0,265.20001220703125,51.20000076293945,134.0,15307.727954948738,840.2000122070312,196.3000030517578,12.100000381469727,80.75670387918693,75.53079904232936,57.52575100132007,525.0,8.723999977111816,1348607,184752,75805,395346,1101610,551230,4671,18169,828917,1924917,1602487,2845667,1534362,54011,1566705
2025-07-23,36.494998931884766,98.80000305175781,632.2000122070312,257.1000061035156,50.060001373291016,137.75,15645.5390625,848.7999877929688,197.14999389648438,12.649999618530273,79.6969223022461,74.48641967773438,57.41462707519531,524.7999877929688,8.847999572753906,36.654998779296875,100.9000015258789,636.0,259.6000061035156,50.79999923706055,138.60000610351562,15843.40059907079,856.0,198.89999389648438,12.670000076293945,81.24939762131493,75.79189169565714,58.396233261432386,529.5999755859375,8.880000114440918,36.165000915527344,98.31999969482422,623.0,252.39999389648438,49.70000076293945,135.60000610351562,15462.155199336828,840.4000244140625,194.89999389648438,12.149999618530273,79.0275897570811,73.90828725303655,57.04420871329456,522.0,8.605999946594238,36.20000076293945,99.36000061035156,623.4000244140625,256.20001220703125,50.5,136.0,15462.155199336828,849.4000244140625,197.60000610351562,12.149999618530273,80.78458414189379,75.67999876919959,57.599836256145686,524.5999755859375,8.609999656677246,1628704,261503,55452,228207,1392120,1021126,7466,24605,616972,4662391,2475431,5285231,1476010,86347,1955622
2025-07-24,36.404998779296875,102.4000015258789,625.7999877929688,253.8000030517578,49.9900016784668,137.8000030517578,15587.62890625,860.0,202.0,12.569999694824219,79.01829528808594,76.72437286376953,57.877647399902344,537.0,8.753999710083008,36.76499938964844,102.4000015258789,636.0,262.1000061035156,50.47999954223633,140.10000610351562,15717.927971410603,865.0,203.0,12.75,80.08736776048181,76.79897289301951,58.06285657809628,539.4000244140625,8.829999923706055,36.20000076293945,98.5999984741211,623.5999755859375,252.6999969482422,49.650001525878906,136.64999389648438,15520.066428018576,848.5999755859375,198.1999969482422,12.274999618530273,78.20022607840022,74.76616833858479,57.15533549077436,527.2000122070312,8.600000381469727,36.494998931884766,99.58000183105469,632.4000244140625,258.29998779296875,50.060001373291016,139.0,15645.539601876935,848.5999755859375,198.39999389648438,12.720000267028809,79.62255425878718,75.06456134133437,57.85912612882583,529.7999877929688,8.819999694824219,1011097,396380,38652,229225,2412460,853460,4882,17552,852439,3153540,2380967,1995485,945616,57542,1348264
2025-07-25,36.29999923706055,102.69999694824219,618.2000122070312,253.3000030517578,51.20000076293945,135.89999389648438,15544.1962890625,877.0,202.60000610351562,12.520000457763672,77.35426330566406,76.81761932373047,57.877647399902344,537.5999755859375,8.704000473022461,36.40999984741211,102.69999694824219,624.5999755859375,254.39999389648438,51.41999816894531,137.4499969482422,15606.93287762438,878.7999877929688,203.60000610351562,12.539999961853027,78.82307569609279,76.81761932373047,57.91468994205538,541.0,8.791999816894531,35.91999816894531,100.1500015258789,616.4000244140625,248.89999389648438,49.70000076293945,135.35000610351562,15302.901717670658,849.0,199.75,12.279999732971191,76.78719025736552,75.97839389475719,57.118292948621324,533.0,8.600000381469727,36.189998626708984,101.9000015258789,621.0,252.3000030517578,50.0,136.89999389648438,15606.93287762438,855.0,201.89999389648438,12.5,78.64644429310073,76.78031930911493,57.65539567955537,538.5999755859375,8.63599967956543,1001120,300262,37007,187092,2452120,336230,2912,20491,596355,2085270,3067905,2281943,1277716,45349,651013
2025-07-28,36.31999969482422,100.80000305175781,583.4000244140625,249.8000030517578,49.33000183105469,131.9499969482422,15322.205078125,864.2000122070312,197.6999969482422,12.055000305175781,77.82837677001953,74.93401336669922,56.710838317871094,526.2000122070312,8.425999641418457,37.08000183105469,103.9000015258789,620.7999877929688,256.8999938964844,52.060001373291016,137.25,15679.321039000984,889.7999877929688,205.0,12.350000381469727,78.86955451357044,77.54495742485781,58.285107577019986,544.5999755859375,8.699999809265137,36.064998626708984,100.44999694824219,580.0,248.1999969482422,49.33000183105469,131.89999389648438,15080.910509965552,862.5999755859375,197.1999969482422,11.819999694824219,76.88015321929545,74.6915668335523,56.54415040271415,525.0,8.20199966430664,36.400001525878906,102.9000015258789,620.0,255.3000030517578,51.34000015258789,136.75,15587.629103100395,877.0,204.0,12.270000457763672,77.39145092728309,77.3957573693058,58.044338106555195,540.0,8.62600040435791,2576761,319831,70755,210324,3483940,572329,2434,25243,495266,4232025,1757644,1349536,1344001,49818,1899235
2025-07-29,36.88999938964844,103.0,568.0,252.10000610351562,50.79999923706055,132.89999389648438,15597.2802734375,878.0,202.39999389648438,12.050000190734863,78.85095977783203,76.51922607421875,57.7850456237793,535.4000244140625,8.399999618530273,37.064998626708984,103.80000305175781,598.0,254.89999389648438,50.900001525878906,133.8000030517578,15684.14631456432,882.7999877929688,204.0,12.164999961853027,79.92933047380252,76.61247966758195,57.7850456237793,537.0,8.553999900817871,35.845001220703125,99.9000015258789,560.0,250.6999969482422,49.400001525878906,131.5500030517578,15322.204476535911,856.4000244140625,196.3000030517578,11.944999694824219,77.56807710494493,74.43047506223925,56.61823025282227,519.4000244140625,8.272000312805176,36.564998626708984,100.4000015258789,580.0,250.6999969482422,49.5,132.0,15365.63749709932,856.4000244140625,198.0,12.015000343322754,77.60526303506367,74.44912151236169,56.95160607309571,524.0,8.425999641418457,3381238,556510,182861,149946,1646870,599797,4275,14175,963814,2455182,2444477,2813741,1842769,73878,2022415
2025-07-30,37.75,102.44999694824219,565.4000244140625,254.3000030517578,50.20000076293945,133.35000610351562,16287.3818359375,886.4000244140625,204.5,12.170000076293945,78.75800323486328,77.19061279296875,58.80369186401367,552.0,8.444000244140625,37.75,103.69999694824219,572.0,254.8000030517578,50.439998626708984,134.0,16311.51129050926,891.4000244140625,205.39999389648438,12.279999732971191,79.27859210284909,77.19061279296875,58.80369186401367,555.7999877929688,8.470000267028809,36.654998779296875,101.55000305175781,549.2000122070312,249.6999969482422,49.72999954223633,131.5,15544.194635127315,868.2000122070312,201.1999969482422,12.024999618530273,78.21881785445433,76.0902872554527,57.50723110280214,531.0,8.314000129699707,36.65999984741211,103.19999694824219,568.0,252.10000610351562,50.400001525878906,132.5500030517578,15635.8865625,878.0,202.39999389648438,12.199999809265137,79.01829766885618,76.83627332348915,57.785046646327025,538.0,8.399999618530273,4116205,322680,139424,103308,1361320,324391,8640,13724,487680,2359914,1710180,11768254,1859885,53118,1087270
2025-07-31,37.01499938964844,101.25,562.5999755859375,251.1999969482422,49.61000061035156,127.80000305175781,16108.8251953125,888.5999755859375,204.6999969482422,12.109999656677246,77.77259826660156,76.81761932373047,58.35919189453125,549.4000244140625,8.338000297546387,38.439998626708984,104.1500015258789,569.4000244140625,255.5,51.20000076293945,130.9499969482422,16432.15991313333,892.0,207.60000610351562,12.170000076293945,79.03688446219581,77.8992984048299,58.93333718773094,554.2000122070312,8.442000389099121,36.79999923706055,101.19999694824219,559.4000244140625,250.1999969482422,48.900001525878906,127.4000015258789,15988.177912543531,854.5999755859375,203.10000610351562,11.979999542236328,77.62385454212509,76.51922632105655,58.00729479689275,543.0,8.220000267028809,37.720001220703125,103.0,567.7999877929688,254.3000030517578,50.70000076293945,130.60000610351562,16321.164412985881,886.4000244140625,204.39999389648438,12.149999618530273,78.75800061753915,77.19061235563547,58.89629464428028,550.0,8.399999618530273,5886493,272938,44159,103936,1678592,1464222,4663,33917,1003082,2863832,2197787,2392957,973966,51665,1399674
2025-08-01,35.689998626708984,99.05999755859375,535.4000244140625,247.10000610351562,47.5099983215332,126.5,15621.41015625,866.0,199.5500030517578,11.970000267028809,76.64774322509766,75.68000030517578,57.74800491333008,524.2000122070312,8.206000328063965,37.0,101.25,559.0,251.0,50.099998474121094,128.5,16128.128743338739,886.0,203.0,12.100000381469727,77.7725981351998,76.70572579927212,58.22954738760782,542.4000244140625,8.300000190734863,35.3849983215332,97.66000366210938,535.4000244140625,245.5,47.099998474121094,126.1500015258789,15505.58876491543,855.4000244140625,198.60000610351562,11.819999694824219,75.89474762555842,74.97131426147729,57.09977452362652,520.4000244140625,8.086000442504883,36.709999084472656,101.19999694824219,558.7999877929688,250.60000610351562,49.9900016784668,127.94999694824219,16128.128743338739,880.0,202.39999389648438,12.020000457763672,77.7725981351998,76.70572579927212,58.13694102760936,541.0,8.300000190734863,2692586,384811,58450,162444,2734862,1088436,4408,23738,628727,2345504,3436380,3007222,1337724,54527,1785450
2025-08-04,36.125,100.30000305175781,540.0,247.3000030517578,47.79999923706055,126.80000305175781,15862.705078125,890.2000122070312,203.89999389648438,11.720000267028809,77.0474853515625,76.72000122070312,57.988773345947266,534.7999877929688,8.0600004196167,36.125,100.8499984741211,545.5999755859375,248.89999389648438,48.41999816894531,127.80000305175781,15915.789883680029,890.2000122070312,204.60000610351562,12.0,77.28919036418864,76.95999908447266,57.988773345947266,534.7999877929688,8.194000244140625,35.04499816894531,99.05999755859375,531.0,241.60000610351562,47.15999984741211,125.55000305175781,15254.642759949233,856.0,199.6999969482422,11.375,76.13645483799614,75.36000061035156,57.247940142080616,523.5999755859375,7.702000141143799,35.584999084472656,99.05999755859375,536.7999877929688,247.10000610351562,47.66999816894531,127.5,15602.106941763957,866.0,199.9499969482422,11.90999984741211,76.61985777075708,75.68000030517578,57.78504642274104,523.5999755859375,8.180000305175781,1287216,169540,42579,203802,1721330,386224,3377,22426,510463,3488695,1776492,2764341,895645,61122,2209878
2025-08-05,35.814998626708984,99.73999786376953,534.2000122070312,246.3000030517578,48.470001220703125,126.55000305175781,15640.7138671875,869.2000122070312,204.3000030517578,11.75,76.8057861328125,76.4800033569336,58.26658630371094,520.5999755859375,8.104000091552734,36.494998931884766,101.1500015258789,548.0,252.39999389648438,48.61000061035156,128.1999969482422,16017.133392531723,907.0,206.8000030517578,11.904999732971191,77.92133570800941,77.83999633789062,58.71108976583351,540.0,8.156000137329102,35.625,98.86000061035156,529.0,243.6999969482422,47.150001525878906,125.9000015258789,15558.673714227862,864.2000122070312,203.10000610351562,11.675000190734863,76.44323216624893,76.12000274658203,57.8035651021904,518.2000122070312,7.949999809265137,36.125,100.30000305175781,545.0,250.0,48.0,127.80000305175781,15968.874479026053,898.0,206.0,11.744999885559082,77.48440987843506,77.69999694824219,58.248068564312966,540.0,7.989999771118164,1724233,277187,45119,181625,2045351,458795,3223,19346,773470,1852355,2421668,2886475,1282528,56679,1399791
2025-08-06,36.14500045776367,106.8499984741211,532.7999877929688,248.0,48.54999923706055,128.0,15814.4453125,902.7999877929688,212.5,11.899999618530273,78.39544677734375,79.4000015258789,58.78517150878906,539.7999877929688,8.34000015258789,36.14500045776367,107.19999694824219,541.7999877929688,248.89999389648438,49.040000915527344,128.1999969482422,15848.226550579799,903.5999755859375,214.0,11.930000305175781,78.41403619668681,79.54000091552734,58.78517150878906,540.0,8.34000015258789,35.32500076293945,100.5,530.0,244.8000030517578,47.900001525878906,126.44999694824219,15481.45882285627,869.2000122070312,205.0,11.579999923706055,76.39674730463511,76.86000061035156,57.785047547249306,519.7999877929688,8.069999694824219,35.61000061035156,101.0,538.7999877929688,246.3000030517578,48.470001220703125,127.0999984741211,15684.146251335062,869.2000122070312,205.0,11.755000114440918,76.97311859914609,76.94000244140625,58.34067157781901,524.5999755859375,8.10200023651123,2214806,1094640,48622,145882,2140610,424318,2927,18900,903615,2336911,4202016,3395674,1679937,68471,954000
2025-08-07,37.275001525878906,114.0,562.7999877929688,248.89999389648438,48.16999816894531,133.14999389648438,15857.87890625,943.2000122070312,218.10000610351562,11.914999961853027,76.89875030517578,81.5,60.85950469970703,553.2000122070312,8.222000122070312,37.59000015258789,114.5999984741211,570.0,252.60000610351562,49.099998474121094,133.60000610351562,16248.776103878195,954.7999877929688,223.0,12.039999961853027,78.7301167188144,82.12000274658203,60.970625260613446,558.7999877929688,8.399999618530273,35.654998779296875,105.55000305175781,535.2000122070312,247.10000610351562,48.0,127.69999694824219,15635.887905127815,893.0,211.60000610351562,11.880000114440918,76.89875030517578,79.30000305175781,58.48883499923264,534.0,8.199999809265137,36.14500045776367,106.8499984741211,539.0,248.0,48.83000183105469,128.1999969482422,15799.968210305082,902.4000244140625,212.0,11.9350004196167,78.39545041518036,79.4000015258789,58.766646999212384,538.5999755859375,8.343999862670898,2734993,1179929,124182,178128,2232305,1323072,4652,35118,1074007,2886844,2215147,4770231,2960300,86500,1314038
2025-08-08,37.78499984741211,115.5999984741211,576.7999877929688,256.3999938964844,47.75,135.25,16248.7763671875,961.5999755859375,222.10000610351562,11.78499984741211,77.98641204833984,83.5199966430664,60.78541946411133,567.5999755859375,8.15999984741211,37.97999954223633,115.75,588.0,257.5,48.34000015258789,135.25,16287.383498443069,964.4000244140625,223.10000610351562,11.9399995803833,78.07008217028232,83.94000244140625,60.896547089883136,570.0,8.281999588012695,36.834999084472656,112.55000305175781,560.0,247.39999389648438,47.31999969482422,131.9499969482422,15587.629244435886,932.2000122070312,214.1999969482422,11.625,77.01030081646275,80.81999969482422,59.21114675805643,547.0,8.107999801635742,37.25,114.0,566.7999877929688,250.0,48.220001220703125,133.0,15742.05776945816,942.7999877929688,219.0,11.824999809265137,77.06608326192155,81.5,60.840979744426,550.0,8.210000038146973,2360460,400441,54854,197306,1695440,504451,3105,24838,701835,1866992,1909684,3402977,1705626,84338,596429
2025-08-11,37.290000915527344,115.0,566.4000244140625,255.8000030517578,47.54999923706055,133.9499969482422,15742.056640625,982.5999755859375,219.0,11.3149995803833,77.79119110107422,82.87999725341797,60.34092330932617,564.0,8.402000427246094,37.88999938964844,116.4000015258789,581.7999877929688,263.0,48.11000061035156,136.25,16306.685894749196,992.0,222.60000610351562,11.800000190734863,78.88815129352749,83.94000244140625,61.081752955054164,573.2000122070312,8.470000267028809,37.099998474121094,113.6500015258789,563.4000244140625,254.0,47.119998931884766,133.5,15742.056640625,960.7999877929688,217.8000030517578,11.229999542236328,77.78189284476343,82.45999908447266,59.89641986977539,556.2000122070312,7.980000019073486,37.76499938964844,115.5999984741211,579.0,257.8999938964844,47.959999084472656,135.5,16263.25287520118,961.7999877929688,221.5,11.670000076293945,78.08867147059587,83.5199966430664,60.97062532888084,565.0,8.119999885559082,1736241,242021,44804,224519,1743619,423383,2461,33672,409361,2895836,2522530,1585779,668848,59258,1895699
2025-08-12,37.23500061035156,117.55000305175781,570.2000122070312,252.5,47.27000045776367,135.9499969482422,15693.798828125,982.4000244140625,219.6999969482422,11.8149995803833,79.26000213623047,83.37999725341797,60.78541946411133,572.2000122070312,8.753999710083008,37.5099983215332,118.0,580.0,257.20001220703125,47.81999969482422,136.3000030517578,16021.959443227244,999.0,222.1999969482422,11.8149995803833,79.26000213623047,83.87999725341797,61.007667650512474,573.4000244140625,8.805999755859375,37.04499816894531,114.05000305175781,563.0,251.39999389648438,46.63999938964844,133.9499969482422,15660.017588335062,973.4000244140625,217.89999389648438,11.354999542236328,78.06078242289917,82.0999984741211,60.32239828777584,563.5999755859375,8.342000007629395,37.310001373291016,114.05000305175781,563.2000122070312,256.1000061035156,47.75,133.9499969482422,15824.097895886185,982.5999755859375,219.60000610351562,11.369999885559082,78.08867009885014,83.26000213623047,60.340923091309044,570.0,8.418000221252441,1096121,401994,37034,125003,2023021,543211,2147,20976,436057,2777513,3390676,2010072,738069,52566,1970507
2025-08-13,37.89500045776367,117.75,560.4000244140625,255.0,47.5,136.75,15930.267578125,995.0,218.10000610351562,11.614999771118164,78.55999755859375,85.13999938964844,60.65577697753906,567.2000122070312,8.315999984741211,38.07500076293945,118.6500015258789,579.5999755859375,259.0,47.939998626708984,136.75,15930.267578125,1004.5,222.60000610351562,11.920000076293945,80.77999877929688,86.45999908447266,61.69294700518656,576.2000122070312,8.850000381469727,37.2599983215332,115.8499984741211,556.0,253.5,47.0,134.39999389648438,15611.758744390905,972.5999755859375,214.89999389648438,11.505000114440918,78.0999984741211,84.0199966430664,59.87790475566054,559.4000244140625,8.25,37.470001220703125,117.55000305175781,579.4000244140625,255.0,47.29999923706055,135.9499969482422,15828.923858300515,990.0,221.0,11.824999809265137,80.19999694824219,84.4800033569336,61.02619534920908,573.0,8.755999565124512,2572929,247525,29833,218382,2720255,534530,1995,22448,647349,2544461,3486291,3801558,1601465,49662,1905060
2025-08-14,37.67499923706055,115.69999694824219,557.0,246.60000610351562,47.220001220703125,131.5500030517578,15809.619140625,991.5999755859375,210.8000030517578,11.454999923706055,78.13999938964844,83.27999877929688,60.10015106201172,549.0,8.236000061035156,37.79999923706055,117.0999984741211,564.0,255.10000610351562,47.43000030517578,136.0,15964.04765481914,1007.5,214.5,11.755000114440918,79.37999725341797,84.55999755859375,60.729860154498915,566.7999877929688,8.461999893188477,37.334999084472656,113.25,554.0,245.0,46.2599983215332,130.8000030517578,15606.931715745193,971.4000244140625,208.89999389648438,11.305000305175781,77.30000305175781,82.30000305175781,59.39635688449249,541.2000122070312,8.095999717712402,37.75,116.0,564.0,255.10000610351562,47.0,134.60000610351562,15906.136961996337,973.0,214.0,11.614999771118164,78.94999694824219,84.13999938964844,60.65577506946687,566.7999877929688,8.315999984741211,1667674,404031,27256,156000,1887861,810825,2724,20701,1181492,1537528,1460963,3540964,1529404,59154,1097405
2025-08-18,37.875,115.80000305175781,565.4000244140625,255.0,48.380001068115234,131.5,15872.3564453125,993.2000122070312,211.6999969482422,11.40999984741211,78.94999694824219,82.5,60.17423629760742,545.0,8.52400016784668,38.59000015258789,116.4000015258789,572.4000244140625,256.70001220703125,48.779998779296875,132.64999389648438,16142.606357424844,998.7999877929688,213.0,11.449999809265137,78.9800033569336,83.62000274658203,60.69281776384411,553.0,8.52400016784668,37.42499923706055,112.80000305175781,558.0,245.0,47.61000061035156,130.39999389648438,15713.102032817726,977.0,206.5,11.119999885559082,76.54000091552734,80.69999694824219,59.26671166655063,535.4000244140625,8.116000175476074,37.67499923706055,116.0,562.5999755859375,247.8000030517578,47.959999084472656,132.0500030517578,15973.70016235463,985.0,212.89999389648438,11.404999732971191,78.0,83.62000274658203,60.65577522123541,550.0,8.229999542236328,3124350,163815,27762,220994,1988069,334631,2866,18169,1060744,1486851,2265064,2431207,1265844,48691,1368249
2025-08-19,38.5,116.8499984741211,579.7999877929688,253.8000030517578,48.970001220703125,132.60000610351562,16311.513671875,1000.0,213.39999389648438,11.399999618530273,79.37999725341797,82.94000244140625,60.58169174194336,555.2000122070312,8.734000205993652,38.599998474121094,118.30000305175781,584.5999755859375,257.5,49.0,134.85000610351562,16374.250262920674,1005.5,215.1999969482422,11.550000190734863,80.02999877929688,83.5,60.748379655529874,557.4000244140625,8.739999771118164,37.834999084472656,114.44999694824219,566.0,251.0,47.52000045776367,131.6999969482422,15819.272726747411,982.5999755859375,209.89999389648438,11.274999618530273,78.4800033569336,81.63999938964844,59.80381952196816,537.5999755859375,8.449999809265137,38.099998474121094,115.69999694824219,566.0,254.3000030517578,48.70000076293945,131.8000030517578,15906.138775887574,993.2000122070312,212.5,11.40999984741211,79.0,82.22000122070312,60.43352863272356,550.0,8.449999809265137,2867057,296653,53647,152386,1620830,384142,3132,22362,694983,1715505,1938632,1992528,965806,39790,1971455
2025-08-20,37.959999084472656,117.05000305175781,583.0,251.89999389648438,49.630001068115234,131.5500030517578,16263.2529296875,985.2000122070312,213.0,11.295000076293945,80.19000244140625,82.58000183105469,60.1371955871582,550.0,8.65999984741211,38.52000045776367,117.4000015258789,586.5999755859375,256.0,50.36000061035156,133.0500030517578,16398.377879845142,999.5999755859375,215.3000030517578,11.364999771118164,80.77999877929688,83.5,60.618734525456915,554.5999755859375,8.708000183105469,37.599998474121094,115.05000305175781,574.5999755859375,250.60000610351562,48.31999969482422,130.60000610351562,16089.520850913392,976.5999755859375,210.8000030517578,11.119999885559082,77.55000305175781,81.5,59.61860703997944,540.4000244140625,8.482000350952148,38.400001525878906,117.0,584.0,253.5,48.599998474121094,131.3000030517578,16311.511840458086,998.0,212.0,11.3100004196167,78.88999938964844,81.87999725341797,60.58169198171966,554.5999755859375,8.619999885559082,2116562,230667,51191,104760,1932183,496030,2722,14040,432983,1931074,2740111,1592681,1214259,41875,1071398
2025-08-21,38.47999954223633,118.0,572.0,260.8999938964844,49.63999938964844,130.89999389648438,16325.990234375,997.5999755859375,214.5,11.449999809265137,83.19999694824219,83.73999786376953,60.98915100097656,555.4000244140625,8.680000305175781,38.63999938964844,118.19999694824219,589.0,262.70001220703125,50.68000030517578,132.10000610351562,16456.289299207434,1002.5,215.8000030517578,11.449999809265137,83.19999694824219,83.76000213623047,61.100278628732354,559.0,8.6899995803833,37.8650016784668,116.05000305175781,572.0,252.1999969482422,49.369998931884766,129.39999389648438,16118.476908901124,970.0,212.89999389648438,11.15999984741211,79.12000274658203,82.23999786376953,59.87790298398899,544.5999755859375,8.5,37.900001525878906,117.0,585.2000122070312,253.0,49.880001068115234,131.5,16200.517060832657,980.0,214.39999389648438,11.295000076293945,80.19999694824219,82.62000274658203,60.24831427955645,552.4000244140625,8.593999862670898,2168915,167148,61540,268115,2506751,468992,2020,30181,408753,1092002,3199345,984314,1215878,28387,1290224
2025-08-22,38.34000015258789,107.0,578.5999755859375,257.8999938964844,46.0,131.35000610351562,16287.3818359375,920.0,190.39999389648438,11.645000457763672,83.4000015258789,73.5,57.76652526855469,509.79998779296875,8.425999641418457,38.54999923706055,112.8499984741211,592.0,265.6000061035156,47.900001525878906,132.85000610351562,16504.546927083335,987.0,201.0,11.845000267028809,83.9000015258789,78.0199966430664,60.007549688951755,535.4000244140625,8.800000190734863,37.375,105.5999984741211,570.0,254.89999389648438,44.900001525878906,129.8000030517578,15973.69892650463,909.0,188.10000610351562,11.414999961853027,82.37999725341797,73.5,57.26646153021344,509.79998779296875,8.362000465393066,37.900001525878906,112.3499984741211,572.0,259.8999938964844,46.849998474121094,130.3000030517578,16195.689908564815,950.0,200.0,11.430000305175781,82.69000244140625,77.9000015258789,60.007549688951755,525.0,8.600000381469727,3740805,1115893,49375,276119,10579082,586286,4335,67428,2920051,3301749,3615392,14583891,3783893,187118,1672924
2025-08-25,38.28499984741211,108.19999694824219,560.0,259.0,45.70000076293945,131.85000610351562,16909.923828125,938.2000122070312,191.6999969482422,11.619999885559082,83.80000305175781,74.45999908447266,58.71108627319336,523.0,8.616000175476074,38.599998474121094,110.5,582.5999755859375,260.29998779296875,46.63999938964844,133.0,16967.834526166524,959.5999755859375,194.10000610351562,11.755000114440918,84.0999984741211,74.91999816894531,59.06297982196389,527.7999877929688,8.633999824523926,38.130001068115234,108.05000305175781,559.7999877929688,255.60000610351562,45.54999923706055,130.85000610351562,16210.169560123253,925.2000122070312,190.85000610351562,11.4399995803833,82.18000030517578,73.68000030517578,57.97024956877469,514.0,8.260000228881836,38.334999084472656,108.44999694824219,582.0,255.60000610351562,46.20000076293945,132.60000610351562,16253.602583654396,925.2000122070312,190.89999389648438,11.645000457763672,83.4000015258789,74.0,57.97024956877469,515.4000244140625,8.425999641418457,1972728,271325,40162,81865,2453896,370312,4918,19175,1051275,1519131,2347825,3859634,2172104,51263,1346792
2025-08-26,38.084999084472656,109.4000015258789,565.5999755859375,260.20001220703125,46.060001373291016,131.75,16803.75390625,942.2000122070312,191.4499969482422,11.8149995803833,83.25,74.30000305175781,58.67404556274414,529.4000244140625,8.720000267028809,38.5099983215332,109.69999694824219,569.7999877929688,265.79998779296875,46.93000030517578,132.8000030517578,17218.780567920734,953.4000244140625,192.8000030517578,11.835000038146973,83.66000366210938,74.81999969482422,58.988900112177696,538.4000244140625,8.75,37.150001525878906,106.4000015258789,551.2000122070312,255.60000610351562,45.54999923706055,130.10000610351562,16649.325380977167,913.5999755859375,188.35000610351562,11.46500015258789,82.66000366210938,73.05999755859375,57.65539682866085,507.20001220703125,8.460000038146973,38.25,108.0,560.2000122070312,259.0,45.84000015258789,131.85000610351562,16876.14227747164,940.2000122070312,191.75,11.640000343322754,83.5,74.80000305175781,58.80369093029243,525.0,8.616000175476074,4265993,365152,98207,393845,4174008,793635,6242,47657,1572908,3728658,2257434,5887943,2229423,101855,1939481
2025-08-27,37.279998779296875,107.3499984741211,541.5999755859375,257.6000061035156,45.380001068115234,128.0,16601.06640625,908.0,188.85000610351562,11.484999656677246,80.4800033569336,73.77999877929688,57.970252990722656,519.2000122070312,8.520000457763672,38.56999969482422,110.30000305175781,568.5999755859375,264.0,46.470001220703125,132.89999389648438,16914.74934706577,952.4000244140625,193.0,11.890000343322754,83.5999984741211,74.83999633789062,59.21114995153073,534.2000122070312,8.729999542236328,37.22999954223633,106.75,538.5999755859375,255.8000030517578,45.29999923706055,127.9000015258789,16446.637881540697,907.7999877929688,188.14999389648438,11.4399995803833,79.04000091552734,73.13999938964844,57.76652606429574,511.3999938964844,8.482000350952148,38.47999954223633,109.4000015258789,562.0,260.3999938964844,46.099998474121094,131.6999969482422,16803.753844930958,952.4000244140625,191.4499969482422,11.8149995803833,83.25,74.30000305175781,58.74812875022281,529.4000244140625,8.642000198364258,1167712,225300,61472,137200,1300062,682233,2521,19500,695084,2181216,3722428,3763543,1827942,77799,936372
2025-08-28,36.84000015258789,107.1500015258789,539.7999877929688,254.8000030517578,45.099998474121094,128.0,16581.763671875,902.0,186.14999389648438,11.515000343322754,78.18000030517578,73.19999694824219,57.06272888183594,514.0,8.92199993133545,37.61000061035156,108.75,545.2000122070312,259.3999938964844,45.79999923706055,130.3000030517578,16977.486786279467,930.0,191.14999389648438,11.699999809265137,81.36000061035156,74.5999984741211,58.84073203899751,529.5999755859375,8.991999626159668,36.564998626708984,106.44999694824219,538.7999877929688,250.0,44.84000015258789,128.0,16456.29048925895,902.0,186.0,11.449999809265137,77.91999816894531,73.0999984741211,57.04420761084172,514.0,8.45199966430664,37.5,107.19999694824219,543.2000122070312,257.8999938964844,45.599998474121094,129.0,16818.232362189865,906.0,190.0,11.449999809265137,80.4800033569336,73.73999786376953,58.7110866746092,525.7999877929688,8.520000457763672,1656379,178813,66438,150223,1432210,544111,2912,18273,671187,1857393,2385184,2282410,1650065,43758,3455919
2025-08-29,36.51499938964844,103.69999694824219,532.5999755859375,252.0,45.43000030517578,128.0,16649.32421875,878.2000122070312,183.25,11.345000267028809,77.77999877929688,71.0,56.08112716674805,506.0,8.446000099182129,37.04499816894531,107.5,544.0,258.20001220703125,45.81999969482422,129.60000610351562,16827.882188632248,913.0,186.4499969482422,11.680000305175781,78.91000366210938,73.63999938964844,57.6924389113836,521.0,8.92199993133545,36.34000015258789,103.30000305175781,532.5999755859375,246.1999969482422,44.95000076293945,127.25,16533.502832880436,863.7999877929688,182.10000610351562,11.279999732971191,77.0999984741211,70.55999755859375,56.02556335285426,505.6000061035156,8.267999649047852,36.60499954223633,106.44999694824219,540.0,257.70001220703125,45.33000183105469,128.89999389648438,16552.80639719203,902.0,185.9499969482422,11.5600004196167,78.05000305175781,73.04000091552734,57.04420854624127,519.7999877929688,8.92199993133545,1813022,233318,42711,325699,1820081,658355,2829,40564,811357,2468512,2094517,2930715,2213065,61141,3129479
2025-09-01,35.415000915527344,102.5,530.4000244140625,245.6999969482422,45.61000061035156,129.39999389648438,16687.931640625,874.0,181.6999969482422,10.925000190734863,77.81999969482422,70.12000274658203,55.74775314331055,493.0,7.900000095367432,36.80500030517578,105.9000015258789,542.0,257.6000061035156,45.83000183105469,130.89999389648438,16852.011940156885,892.0,186.64999389648438,11.505000114440918,78.83000183105469,71.80000305175781,57.08125292655139,517.5999755859375,8.628000259399414,35.0,101.44999694824219,530.4000244140625,242.60000610351562,45.150001525878906,128.9499969482422,16383.900497374747,865.4000244140625,178.64999389648438,10.595000267028809,76.91999816894531,69.31999969482422,55.210646856092524,492.70001220703125,7.630000114440918,36.5,104.0999984741211,533.0,253.0,45.459999084472656,129.0,16649.324511323382,878.5999755859375,184.10000610351562,11.345000267028809,77.77999877929688,71.0,56.34041971363981,505.79998779296875,8.470000267028809,3307720,215900,55744,272349,1138871,775723,3693,14991,709793,2998019,2039521,2562502,1306326,53883,5082499
2025-09-02,34.46500015258789,103.0,517.4000244140625,248.89999389648438,45.400001525878906,130.75,16374.248046875,863.4000244140625,182.85000610351562,10.614999771118164,77.69000244140625,71.13999938964844,56.54414749145508,502.79998779296875,7.894000053405762,35.415000915527344,104.94999694824219,534.0,250.60000610351562,46.0,131.1999969482422,16639.67204999263,890.0,183.5,10.949999809265137,78.30000305175781,71.58000183105469,57.007168669146935,503.3999938964844,7.980000019073486,34.224998474121094,100.19999694824219,513.4000244140625,243.89999389648438,45.02000045776367,127.69999694824219,16118.475825688918,849.2000122070312,178.1999969482422,10.40999984741211,76.83999633789062,68.83999633789062,55.340289603399256,480.8999938964844,7.610000133514404,35.415000915527344,104.94999694824219,534.0,248.8000030517578,45.61000061035156,129.5,16552.80601260868,890.0,182.0,10.920000076293945,78.0,70.0999984741211,56.02556250071455,493.1000061035156,7.900000095367432,3685975,175175,68015,118874,1949581,522046,3349,22879,594101,3463605,2138023,3073982,1024269,64958,3168068
2025-09-03,34.51499938964844,103.6500015258789,520.0,245.89999389648438,46.15999984741211,133.85000610351562,16456.2890625,861.0,181.0,10.805000305175781,79.62000274658203,71.62000274658203,56.67379379272461,496.8999938964844,8.107999801635742,34.935001373291016,104.75,524.7999877929688,252.10000610351562,46.79999923706055,134.9499969482422,16755.49431818182,876.4000244140625,185.85000610351562,10.8100004196167,80.30000305175781,72.5199966430664,57.173857520714165,508.79998779296875,8.140000343322754,34.11000061035156,102.0,513.4000244140625,245.89999389648438,45.290000915527344,130.64999389648438,16350.119455645161,851.2000122070312,180.35000610351562,10.609999656677246,77.91999816894531,71.04000091552734,56.321896702742556,493.70001220703125,7.9120001792907715,34.43000030517578,103.0,517.5999755859375,250.6999969482422,45.5,131.0500030517578,16417.681932734606,866.2000122070312,183.5,10.614999771118164,78.0,71.5,56.988648340061964,500.6000061035156,7.964000225067139,4961368,208934,55702,166137,1487614,1093197,2134,17367,766950,1963527,3871472,4061316,1451189,35593,2757742
2025-09-04,34.810001373291016,106.8499984741211,521.0,250.0,47.560001373291016,131.10000610351562,16533.50390625,883.0,188.14999389648438,10.864999771118164,80.4800033569336,73.5999984741211,57.04420852661133,501.79998779296875,8.600000381469727,35.0099983215332,107.75,524.7999877929688,252.0,48.08000183105469,133.1999969482422,16654.151191029992,887.7999877929688,188.39999389648438,10.979999542236328,81.1500015258789,74.05999755859375,57.359063073425176,505.0,8.600000381469727,34.48500061035156,102.05000305175781,514.2000122070312,245.5,46.15999984741211,131.10000610351562,16239.124531386822,843.5999755859375,177.5500030517578,10.694999694824219,79.01000213623047,70.16000366210938,56.15520870004444,488.3999938964844,8.04800033569336,34.69499969482422,103.6500015258789,520.0,246.0,46.29999923706055,133.0500030517578,16451.463752599608,867.0,179.60000610351562,10.800000190734863,79.69999694824219,71.4000015258789,56.91456316014173,500.0,8.109999656677246,3210706,238717,27656,193379,2048349,591242,2183,20057,923462,1630961,2890197,3060972,827756,65997,2617415
2025-09-05,34.88999938964844,104.0999984741211,527.5999755859375,250.1999969482422,47.41999816894531,132.5,16789.275390625,877.2000122070312,180.10000610351562,11.125,81.08000183105469,71.26000213623047,56.52562713623047,492.8999938964844,9.390000343322754,35.92499923706055,108.19999694824219,535.0,253.5,48.209999084472656,134.60000610351562,16982.31103754222,895.0,189.4499969482422,11.354999542236328,82.05000305175781,74.55999755859375,57.655396425953946,508.79998779296875,9.411999702453613,34.7599983215332,104.0999984741211,524.7999877929688,249.0,47.310001373291016,131.8000030517578,16485.244246730384,874.5999755859375,180.10000610351562,10.770000457763672,80.0199966430664,71.26000213623047,56.39598176958772,491.8999938964844,8.510000228881836,35.119998931884766,108.0,526.5999755859375,250.39999389648438,47.880001068115234,132.0,16485.244246730384,889.2000122070312,189.25,10.899999618530273,80.48999786376953,74.0,57.41462696398474,508.79998779296875,8.609999656677246,3472965,237513,58049,191397,1290639,1126721,3681,25900,603845,2984296,2629582,3953561,893622,72891,7076843
2025-09-08,36.0,107.4000015258789,539.4000244140625,255.0,47.709999084472656,133.5500030517578,17074.00390625,907.4000244140625,183.0500030517578,11.399999618530273,83.04000091552734,72.86000061035156,57.24794006347656,507.6000061035156,9.35200023651123,36.0,107.8499984741211,539.4000244140625,256.0,48.029998779296875,133.8000030517578,17151.218169251697,910.0,183.1999969482422,11.399999618530273,83.04000091552734,73.5,57.39610670404645,511.6000061035156,9.470000267028809,34.915000915527344,104.4000015258789,533.0,248.5,47.459999084472656,132.10000610351562,16721.71383130476,878.2000122070312,180.10000610351562,10.960000038146973,81.19999694824219,71.72000122070312,56.78491887012423,498.5,9.1899995803833,34.9900016784668,104.4000015258789,533.5999755859375,251.0,47.79999923706055,133.0500030517578,16721.71383130476,878.2000122070312,181.10000610351562,11.0,81.47000122070312,71.87999725341797,56.859003956694856,498.6000061035156,9.336000442504883,2393561,171938,37777,191374,1105772,559943,2064,26556,659674,1864728,2253385,2193660,899582,57892,2608905
2025-09-09,35.52000045776367,106.8499984741211,525.5999755859375,252.5,47.0,134.25,16885.794921875,891.5999755859375,180.85000610351562,11.015000343322754,82.44000244140625,72.18000030517578,57.155338287353516,502.20001220703125,8.800000190734863,36.25,107.8499984741211,538.0,256.1000061035156,48.0,136.60000610351562,17185.00020485764,912.4000244140625,183.0,11.390000343322754,83.19000244140625,73.13999938964844,57.52575312929433,509.6000061035156,9.369999885559082,35.380001068115234,105.6500015258789,525.0,251.0,46.7599983215332,133.5500030517578,16779.625305332775,884.7999877929688,179.5500030517578,10.850000381469727,81.63999938964844,71.68000030517578,56.67379581351617,498.6000061035156,8.710000038146973,36.08000183105469,107.8499984741211,538.0,256.0,47.709999084472656,133.64999389648438,16987.138646756215,903.2000122070312,183.0,11.390000343322754,83.04000091552734,73.0999984741211,57.470192845917495,507.6000061035156,9.279999732971191,2886909,349642,37432,168547,1236355,1212048,2228,19801,957926,1891113,1741921,2127097,1246631,60712,3361878
2025-09-10,35.84000015258789,104.30000305175781,522.4000244140625,255.3000030517578,46.61000061035156,133.5,17112.611328125,878.0,178.1999969482422,11.069999694824219,80.58999633789062,71.16000366210938,56.50710678100586,495.0,9.050000190734863,36.13999938964844,106.5,529.0,259.0,47.130001068115234,134.39999389648438,17156.044351800443,893.2000122070312,180.0,11.164999961853027,81.29000091552734,71.94000244140625,56.951606702089215,503.0,9.079999923706055,34.994998931884766,102.19999694824219,517.0,252.0,45.880001068115234,130.35000610351562,16552.807911863718,866.0,173.25,10.579999923706055,79.12000274658203,69.91999816894531,55.35881266877868,490.1000061035156,8.569999694824219,35.52000045776367,106.0,526.0,252.0,46.599998474121094,133.1999969482422,16741.017681123976,890.0,179.3000030517578,10.989999771118164,80.9800033569336,71.55999755859375,56.85900387657777,498.0,8.729999542236328,2604168,347784,40654,283016,2121650,1027938,6394,24766,1146394,2693323,2458546,3463523,1939670,48540,2579274
2025-09-11,36.09000015258789,107.55000305175781,528.0,255.0,46.959999084472656,133.85000610351562,17662.763671875,895.5999755859375,181.14999389648438,11.149999618530273,82.5999984741211,72.5999984741211,56.859004974365234,503.79998779296875,9.097999572753906,36.48500061035156,108.9000015258789,531.2000122070312,257.20001220703125,47.0,134.35000610351562,17711.02258901127,905.5999755859375,182.10000610351562,11.239999771118164,82.5999984741211,73.0999984741211,57.09977444488638,509.3999938964844,9.142000198364258,35.810001373291016,103.55000305175781,522.0,253.0,46.45000076293945,132.5500030517578,16905.098672835553,865.2000122070312,175.8000030517578,10.920000076293945,80.44000244140625,70.12000274658203,56.19225331358143,492.29998779296875,8.881999969482422,35.900001525878906,104.0,522.0,255.3000030517578,46.630001068115234,133.64999389648438,16905.098672835553,878.2000122070312,176.0,11.069999694824219,80.58999633789062,70.12000274658203,56.52562914397333,497.79998779296875,9.0,2266738,357672,60663,171886,1363816,419241,7241,29484,908578,1561124,3145741,2896934,1710023,47809,1132771
2025-09-12,35.665000915527344,106.0,523.7999877929688,252.3000030517578,46.70000076293945,139.14999389648438,17556.59375,890.7999877929688,179.60000610351562,11.0,81.23999786376953,71.87999725341797,56.82196044921875,496.8999938964844,9.005999565124512,36.65999984741211,108.75,531.4000244140625,256.8999938964844,47.25,140.60000610351562,17942.66508040132,903.5999755859375,182.10000610351562,11.260000228881836,82.56999969482422,73.41999816894531,57.22941782072912,507.6000061035156,9.180000305175781,35.665000915527344,105.80000305175781,522.5999755859375,251.5,46.45000076293945,135.0,17551.767858369985,885.7999877929688,178.4499969482422,10.930000305175781,81.0999984741211,71.80000305175781,56.48858463045058,495.6000061035156,8.916000366210938,36.34000015258789,108.0,530.0,254.39999389648438,46.959999084472656,135.0,17624.15623282023,903.5999755859375,181.8000030517578,11.199999809265137,82.51000213623047,72.87999725341797,57.06272991134504,504.20001220703125,9.170000076293945,1898575,126758,26393,122280,900766,2133386,6677,19196,431300,1660070,1441445,2725164,3042356,41146,2099392
2025-09-15,35.935001373291016,106.30000305175781,530.2000122070312,257.0,47.0,141.0,17677.240234375,924.2000122070312,180.1999969482422,11.335000038146973,82.75,71.81999969482422,57.50722885131836,504.3999938964844,9.154000282287598,36.244998931884766,108.0,532.2000122070312,258.1000061035156,47.16999816894531,141.85000610351562,17739.976822703386,924.2000122070312,181.35000610351562,11.34000015258789,82.76000213623047,72.9000015258789,57.63687774842069,504.3999938964844,9.248000144958496,35.79499816894531,106.30000305175781,523.7999877929688,253.89999389648438,46.5099983215332,139.0500030517578,17542.11527489848,899.0,178.60000610351562,11.069999694824219,81.12999725341797,71.22000122070312,56.85900202866291,495.8999938964844,9.017999649047852,35.79999923706055,106.8499984741211,523.7999877929688,254.0,46.709999084472656,139.14999389648438,17556.592949128106,899.0,181.0,11.069999694824219,81.30000305175781,72.45999908447266,56.8960410381209,495.8999938964844,9.017999649047852,2484767,171366,62445,283589,1378374,1158569,2819,27256,377793,3229657,1980243,3288554,1442105,119697,1930702
2025-09-16,35.29999923706055,104.30000305175781,523.0,257.1000061035156,45.79999923706055,139.35000610351562,17469.7265625,902.0,176.89999389648438,10.960000038146973,82.45999908447266,70.54000091552734,56.155208587646484,490.3999938964844,8.956000328063965,35.994998931884766,107.55000305175781,535.7999877929688,258.3999938964844,47.27000045776367,142.25,17904.056780904695,929.7999877929688,181.1999969482422,11.350000381469727,83.19000244140625,72.30000305175781,57.98877205098494,504.79998779296875,9.154000282287598,35.119998931884766,104.1500015258789,522.2000122070312,255.10000610351562,45.70000076293945,138.6999969482422,17469.7265625,900.2000122070312,176.5500030517578,10.925000190734863,81.77999877929688,70.30000305175781,56.118166045137514,490.3999938964844,8.923999786376953,35.9900016784668,106.55000305175781,533.0,257.6000061035156,47.130001068115234,141.39999389648438,17677.239889071134,928.4000244140625,180.0500030517578,11.350000381469727,82.7699966430664,72.0,57.6553962335468,504.3999938964844,9.154000282287598,2437604,190398,42448,133806,1130709,1044645,5161,27274,440601,2154218,1931868,1943555,2089712,73676,1355907
2025-09-17,35.279998779296875,104.05000305175781,518.2000122070312,256.70001220703125,46.220001220703125,135.25,17614.501953125,902.5999755859375,177.3000030517578,10.824999809265137,82.22000122070312,69.9800033569336,56.099647521972656,488.0,8.8100004196167,35.689998626708984,106.0,526.7999877929688,257.8999938964844,46.4900016784668,138.64999389648438,17783.408136237158,915.0,178.3000030517578,11.0,82.94000244140625,70.95999908447266,56.72935307296304,498.0,8.968000411987305,34.970001220703125,103.55000305175781,516.2000122070312,255.0,45.869998931884766,135.25,17460.07344285103,898.4000244140625,175.60000610351562,10.670000076293945,81.55999755859375,69.72000122070312,55.80331071861609,487.29998779296875,8.645999908447266,35.5,106.0,525.0,256.6000061035156,46.029998779296875,138.10000610351562,17522.81002514983,902.2000122070312,176.9499969482422,10.979999542236328,82.72000122070312,70.54000091552734,56.67379279254782,493.6000061035156,8.956000328063965,2470896,293052,35772,118392,1004219,905204,2970,17225,427909,3016320,1577457,2128829,5095640,59558,3100252
2025-09-18,34.869998931884766,104.75,521.7999877929688,262.6000061035156,46.310001373291016,134.4499969482422,17479.376953125,920.0,177.5,10.579999923706055,82.12999725341797,69.91999816894531,55.58106231689453,483.1000061035156,8.562000274658203,35.88999938964844,105.94999694824219,526.5999755859375,262.6000061035156,47.0,136.5,17653.109026651367,923.4000244140625,180.10000610351562,10.835000038146973,82.73999786376953,70.73999786376953,56.581186218784964,493.0,8.998000144958496,34.6150016784668,103.19999694824219,513.4000244140625,257.0,45.86000061035156,134.0,17339.426116117647,900.0,176.6999969482422,10.550000190734863,81.80000305175781,69.63999938964844,55.58106231689453,482.1000061035156,8.498000144958496,35.79999923706055,105.94999694824219,517.0,257.0,46.18000030517578,135.0,17556.591208025606,903.0,178.5,10.829999923706055,82.22000122070312,69.9800033569336,56.11816504340188,490.0,8.868000030517578,6067239,214807,56555,295113,1346677,676546,3700,32551,597522,2255545,1371905,3751573,1952693,97967,3307992
2025-09-19,34.619998931884766,105.0,525.7999877929688,255.0,45.77000045776367,135.5500030517578,17247.736328125,915.0,178.64999389648438,10.350000381469727,81.5199966430664,70.22000122070312,55.840354919433594,485.79998779296875,8.435999870300293,35.01499938964844,106.0,536.5999755859375,263.1000061035156,46.65999984741211,136.5,17614.50408440298,925.5999755859375,179.8000030517578,10.600000381469727,82.72000122070312,70.45999908447266,56.04408537386485,488.0,8.67199993133545,34.125,104.05000305175781,519.0,252.10000610351562,45.630001068115234,134.64999389648438,17102.959582225798,903.4000244140625,177.35000610351562,10.260000228881836,80.70999908447266,69.5999984741211,55.46994008623379,481.79998779296875,8.3100004196167,34.869998931884766,106.0,526.0,263.0,46.380001068115234,135.0,17489.03090462367,923.5999755859375,179.8000030517578,10.5600004196167,82.48999786376953,70.16000366210938,56.00704283077347,486.8999938964844,8.515999794006348,7595886,423075,89299,661260,1946917,881584,6587,40062,1090555,4931913,3932167,5444927,2923605,193435,7199235
2025-09-22,34.60499954223633,103.0999984741211,523.0,259.5,46.380001068115234,140.1999969482422,17310.470703125,888.0,177.10000610351562,10.444999694824219,82.22000122070312,69.04000091552734,55.72922897338867,470.6000061035156,8.052000045776367,34.98500061035156,105.9000015258789,532.5999755859375,260.79998779296875,46.380001068115234,140.8000030517578,17349.077830424972,924.2000122070312,179.3000030517578,10.454999923706055,82.22000122070312,69.87999725341797,56.0996473268677,488.20001220703125,8.470000267028809,34.150001525878906,101.69999694824219,518.4000244140625,254.8000030517578,45.099998474121094,136.3000030517578,16972.658339250243,883.7999877929688,174.8000030517578,10.194999694824219,80.80000305175781,68.69999694824219,55.321771610618725,465.20001220703125,7.923999786376953,34.60499954223633,105.8499984741211,532.0,255.0,45.75,137.0,17146.390412100118,924.2000122070312,177.64999389648438,10.359999656677246,81.48999786376953,69.5199966430664,56.025562243143405,488.20001220703125,8.470000267028809,2736245,184701,19004,200688,2117002,820563,3562,19008,534999,2048960,1159478,3087153,1591356,64599,3457126
2025-09-23,34.75,104.5,523.7999877929688,254.5,46.029998779296875,142.1999969482422,17213.955078125,899.7999877929688,176.9499969482422,10.444999694824219,84.97000122070312,69.33999633789062,55.970001220703125,475.29998779296875,8.241999626159668,35.369998931884766,105.80000305175781,530.7999877929688,260.8999938964844,46.779998779296875,142.35000610351562,17397.33895616502,912.0,178.60000610351562,10.604999542236328,84.97000122070312,70.18000030517578,56.69231669274073,481.29998779296875,8.288000106811523,34.56999969482422,103.5,521.0,254.5,46.02000045776367,139.9499969482422,17112.611356050253,892.0,176.35000610351562,10.3149995803833,82.26000213623047,69.27999877929688,55.72923175173819,472.8999938964844,8.010000228881836,34.70000076293945,104.0,523.7999877929688,259.0,46.400001525878906,140.3000030517578,17209.12918659763,896.5999755859375,177.5,10.399999618530273,82.30000305175781,69.30000305175781,56.48858623491328,472.8999938964844,8.067999839782715,3091111,134533,17177,158311,956608,834218,3112,11705,523345,1630122,3078293,2749454,2109673,34246,2939778
2025-09-24,34.814998626708984,104.25,522.5999755859375,255.0,45.369998931884766,152.39999389648438,17329.775390625,893.7999877929688,176.85000610351562,10.725000381469727,88.44000244140625,69.45999908447266,56.5,470.29998779296875,8.465999603271484,34.814998626708984,104.44999694824219,525.5999755859375,255.6999969482422,46.02000045776367,152.8000030517578,17373.208411654137,901.2000122070312,177.8000030517578,10.739999771118164,88.44000244140625,69.80000305175781,57.20000076293945,478.79998779296875,8.486000061035156,34.21500015258789,102.30000305175781,517.2000122070312,252.5,45.290000915527344,140.85000610351562,17001.614787293754,872.7999877929688,172.64999389648438,10.3100004196167,85.01000213623047,67.91999816894531,56.060001373291016,463.3999938964844,8.196000099182129,34.6349983215332,103.4000015258789,524.0,255.0,45.97999954223633,141.39999389648438,17131.913850381163,899.7999877929688,177.10000610351562,10.399999618530273,85.04000091552734,69.37999725341797,56.52000045776367,478.79998779296875,8.208000183105469,2984688,120248,31569,186904,1474351,2569339,3574,17967,715846,2188027,5158839,2973772,2609262,51835,1891392
2025-09-25,34.73500061035156,101.9000015258789,512.0,253.6999969482422,44.5,151.60000610351562,17238.083984375,868.5999755859375,172.0,10.635000228881836,88.75,68.45999908447266,54.040000915527344,467.20001220703125,8.633999824523926,35.0,104.0999984741211,524.5999755859375,255.3000030517578,45.31999969482422,154.5500030517578,17416.641965176197,897.5999755859375,177.35000610351562,10.854999542236328,88.77999877929688,69.9000015258789,56.20000076293945,473.3999938964844,8.633999824523926,34.45500183105469,101.5999984741211,510.3999938964844,251.89999389648438,44.369998931884766,149.1999969482422,17035.396546708776,868.5999755859375,171.3000030517578,10.53499984741211,86.95999908447266,67.77999877929688,53.900001525878906,461.1000061035156,8.399999618530273,34.814998626708984,104.0,523.0,253.0,45.29999923706055,152.0,17329.775920462103,893.7999877929688,176.8000030517578,10.854999542236328,88.33000183105469,69.9000015258789,56.20000076293945,473.3999938964844,8.541999816894531,1987772,127235,45464,123509,2121906,1088169,4744,16143,1713037,2068262,2079316,4861487,4790202,78486,1844743
2025-09-26,35.279998779296875,103.4000015258789,513.2000122070312,256.29998779296875,43.029998779296875,152.0,17141.56640625,902.7999877929688,176.75,10.729999542236328,89.13999938964844,70.5199966430664,55.2400016784668,483.79998779296875,8.666000366210938,35.51499938964844,104.0,517.2000122070312,257.70001220703125,44.349998474121094,153.0,17353.905629750843,905.0,176.85000610351562,10.729999542236328,89.18000030517578,70.81999969482422,55.2400016784668,484.20001220703125,8.6899995803833,34.880001068115234,100.9000015258789,502.20001220703125,250.8000030517578,42.66999816894531,148.25,16736.191525021117,865.0,170.75,10.454999923706055,87.76000213623047,68.12000274658203,53.36000061035156,468.8999938964844,8.552000045776367,35.119998931884766,101.25,512.5999755859375,253.6999969482422,43.93000030517578,152.85000610351562,17035.39679449958,866.0,171.6999969482422,10.670000076293945,88.69999694824219,68.18000030517578,54.040000915527344,469.5,8.670000076293945,5090338,104949,38649,173602,4951138,889713,7553,15023,865420,1420730,2705406,3364859,2617698,101814,1619704
2025-09-29,36.18000030517578,103.1500015258789,505.20001220703125,267.79998779296875,42.939998626708984,160.0,17011.265625,900.0,174.0500030517578,10.675000190734863,88.27999877929688,70.18000030517578,55.040000915527344,474.79998779296875,8.772000312805176,36.41999816894531,104.25,517.0,267.79998779296875,43.619998931884766,160.0,17295.99319148936,914.0,177.64999389648438,11.039999961853027,89.48999786376953,71.31999969482422,55.70000076293945,488.0,8.878000259399414,35.095001220703125,102.55000305175781,504.79998779296875,257.79998779296875,42.75,154.10000610351562,16924.399587765958,898.5999755859375,173.5,10.609999656677246,87.5,69.94000244140625,54.599998474121094,471.5,8.539999961853027,35.29499816894531,103.4000015258789,515.0,258.0,43.310001373291016,155.0,17074.002207446807,900.0,177.1999969482422,10.734999656677246,89.1500015258789,71.30000305175781,55.70000076293945,487.6000061035156,8.699999809265137,4290606,92231,38697,328052,1872985,1324609,3716,13177,472507,1527475,1304772,2142209,1654898,66876,1722217
2025-09-30,35.595001220703125,102.5999984741211,509.20001220703125,270.5,43.75,160.0,17064.3515625,900.0,174.6999969482422,10.739999771118164,86.5199966430664,70.4800033569336,54.36000061035156,472.79998779296875,9.095999717712402,36.29999923706055,103.8499984741211,513.5999755859375,270.8999938964844,43.779998779296875,160.60000610351562,17151.217605521775,909.4000244140625,175.4499969482422,10.770000457763672,88.75,70.5,55.040000915527344,475.5,9.15999984741211,35.39500045776367,101.80000305175781,500.3999938964844,262.29998779296875,41.43000030517578,157.60000610351562,16871.315911340498,890.4000244140625,172.0500030517578,10.515000343322754,85.58999633789062,69.54000091552734,54.2400016784668,468.20001220703125,8.715999603271484,36.029998779296875,103.80000305175781,503.3999938964844,267.79998779296875,42.040000915527344,160.0,16963.00784564126,900.0,173.0,10.699999809265137,88.58999633789062,69.77999877929688,55.040000915527344,475.5,8.800000190734863,4145752,118502,36675,327132,2858574,1135012,2759,21376,672754,1575676,3125456,2538421,2009507,71636,3764256
2025-10-01,35.0,103.25,520.0,272.20001220703125,43.209999084472656,166.0500030517578,16938.87890625,909.2000122070312,176.4499969482422,10.604999542236328,87.8499984741211,71.18000030517578,55.29999923706055,487.79998779296875,8.6899995803833,35.599998474121094,103.6500015258789,521.0,274.79998779296875,43.70000076293945,170.1999969482422,17156.04402043269,912.7999877929688,176.9499969482422,10.744999885559082,87.86000061035156,71.62000274658203,55.540000915527344,487.79998779296875,9.093999862670898,34.97999954223633,101.3499984741211,507.3999938964844,266.8999938964844,42.650001525878906,159.0,16890.61999198718,884.0,172.0,10.5600004196167,86.05000305175781,69.63999938964844,53.880001068115234,466.79998779296875,8.656000137329102,35.47999954223633,102.5999984741211,512.7999877929688,269.8999938964844,43.529998779296875,159.75,16943.70479767628,891.5999755859375,173.5,10.744999885559082,86.69999694824219,70.5,54.36000061035156,469.6000061035156,9.093999862670898,4305688,137603,40631,264798,2078873,3145564,2885,13311,632481,1303766,1660967,3302489,1649567,62475,2052379
2025-10-02,34.665000915527344,105.69999694824219,512.7999877929688,270.3999938964844,43.33000183105469,167.35000610351562,16972.66015625,929.7999877929688,181.1999969482422,10.640000343322754,86.61000061035156,73.80000305175781,55.380001068115234,491.0,8.85200023651123,35.35499954223633,107.05000305175781,521.7999877929688,272.79998779296875,43.65999984741211,173.39999389648438,17078.82976769086,954.2000122070312,184.5500030517578,10.845000267028809,88.36000061035156,75.05999755859375,56.2599983215332,499.5,9.01200008392334,34.6349983215332,103.5,512.0,269.0,43.029998779296875,166.5,16572.111167632214,902.4000244140625,176.5,10.604999542236328,86.58999633789062,71.37999725341797,55.15999984741211,488.1000061035156,8.687999725341797,35.0,104.30000305175781,520.4000244140625,272.5,43.630001068115234,167.0,17078.82976769086,908.0,176.9499969482422,10.649999618530273,88.30999755859375,71.63999938964844,55.5,488.5,8.753999710083008,4264619,266789,22833,276032,1715109,1997835,3789,17530,1055713,1613971,1491729,3549082,2835408,91479,3231470
2025-10-03,34.900001525878906,105.80000305175781,517.4000244140625,273.5,42.84000015258789,171.64999389648438,16794.1015625,930.0,181.1999969482422,10.65999984741211,86.1500015258789,73.68000030517578,55.31999969482422,491.6000061035156,8.722000122070312,34.994998931884766,107.4000015258789,520.0,273.79998779296875,43.650001525878906,172.6999969482422,17127.088058997844,952.5999755859375,183.35000610351562,10.914999961853027,87.80000305175781,74.80000305175781,55.97999954223633,501.6000061035156,9.0,34.41999816894531,104.9000015258789,513.0,270.0,42.22999954223633,168.9499969482422,16615.5435861171,921.2000122070312,180.25,10.524999618530273,85.44999694824219,73.31999969482422,54.7599983215332,489.1000061035156,8.595999717712402,34.665000915527344,105.94999694824219,520.0,270.3999938964844,43.5,169.60000610351562,16987.13721264368,938.7999877929688,181.1999969482422,10.699999809265137,87.08999633789062,74.55999755859375,55.79999923706055,491.3999938964844,8.880000114440918,2779705,102851,28178,307222,1954350,1355406,3368,11848,422899,1440929,1019969,2239714,1110600,44671,3125064
2025-10-06,33.79999923706055,102.30000305175781,514.5999755859375,273.5,43.02000045776367,173.8000030517578,16885.794921875,911.0,179.14999389648438,10.569999694824219,85.61000061035156,73.27999877929688,54.540000915527344,482.5,8.565999984741211,35.01499938964844,106.1500015258789,530.7999877929688,275.6000061035156,44.11000061035156,176.0,16977.486863434195,939.0,183.14999389648438,10.8149995803833,86.52999877929688,74.5999984741211,55.58000183105469,498.5,8.871999740600586,33.779998779296875,102.1500015258789,514.5999755859375,271.5,42.619998931884766,172.0,16707.23693041762,904.2000122070312,179.10000610351562,10.46500015258789,85.19999694824219,73.19999694824219,54.380001068115234,481.8999938964844,8.517999649047852,34.900001525878906,105.80000305175781,520.0,273.0,43.08000183105469,172.5,16784.451196993785,939.0,181.5,10.699999809265137,86.0,73.68000030517578,55.31999969482422,498.5,8.760000228881836,3273388,145908,50927,390951,2392813,1073732,1444,12919,378330,1410611,1162446,2025009,1093855,36852,2052429
2025-10-07,33.6150016784668,104.0,522.0,274.5,43.22999954223633,178.0,17209.12890625,929.0,183.5500030517578,10.630000114440918,87.2300033569336,73.55999755859375,56.20000076293945,486.6000061035156,8.520000457763672,33.90999984741211,104.30000305175781,522.0,274.5,43.650001525878906,178.14999389648438,17295.99495232754,929.0,186.0,10.630000114440918,87.44999694824219,74.95999908447266,56.439998626708984,487.3999938964844,8.600000381469727,33.20000076293945,102.25,510.79998779296875,269.8999938964844,42.79999923706055,171.5500030517578,16736.191544272293,904.4000244140625,181.14999389648438,10.369999885559082,85.76000213623047,72.4000015258789,55.060001373291016,472.0,8.4399995803833,33.900001525878906,103.44999694824219,518.0,272.79998779296875,43.099998474121094,174.64999389648438,16895.445962081114,911.2000122070312,181.14999389648438,10.569999694824219,86.0,74.0,55.400001525878906,482.6000061035156,8.565999984741211,3001215,114582,34580,283628,2055376,974460,4145,13062,910457,1862598,1378233,3062452,2006635,52000,1303623
2025-10-08,33.494998931884766,103.19999694824219,511.0,278.6000061035156,43.70000076293945,186.5500030517578,17074.00390625,919.0,184.8000030517578,10.515000343322754,88.0999984741211,73.62000274658203,56.119998931884766,486.70001220703125,8.628000259399414,33.665000915527344,103.8499984741211,522.0,278.6000061035156,43.70000076293945,188.1999969482422,17257.387780879028,932.2000122070312,187.60000610351562,10.635000228881836,88.22000122070312,74.83999633789062,56.380001068115234,488.70001220703125,8.65999984741211,32.96500015258789,102.0999984741211,508.3999938964844,271.1000061035156,42.939998626708984,178.0,16909.923597371395,905.0,182.89999389648438,10.420000076293945,86.61000061035156,73.0999984741211,55.619998931884766,476.29998779296875,8.494000434875488,33.5,103.8499984741211,522.0,272.1000061035156,43.20000076293945,178.64999389648438,17180.17351787733,929.0,184.6999969482422,10.630000114440918,87.26000213623047,73.68000030517578,56.20000076293945,488.0,8.520000457763672,3613601,271063,41418,393478,1532342,3156444,4039,39568,1252726,4863233,1968799,2610577,1359282,277763,1217043
2025-10-09,32.935001373291016,103.5,512.0,275.0,43.63999938964844,189.8000030517578,17157.603515625,938.0,184.0,10.539999961853027,88.87999725341797,73.18000030517578,55.5,486.1000061035156,8.65999984741211,33.724998474121094,104.55000305175781,517.2000122070312,285.3999938964844,43.790000915527344,195.35000610351562,17408.402535199915,939.7999877929688,185.89999389648438,10.630000114440918,89.5,74.5,56.34000015258789,490.20001220703125,8.720000267028809,32.80500030517578,102.5,509.6000061035156,273.20001220703125,43.0,187.0,17093.67435377257,919.0,183.14999389648438,10.399999618530273,87.91000366210938,73.18000030517578,55.380001068115234,482.29998779296875,8.569999694824219,33.5099983215332,104.55000305175781,510.6000061035156,278.70001220703125,43.70000076293945,189.0500030517578,17142.850632120593,919.0,185.1999969482422,10.569999694824219,88.0999984741211,74.0,56.119998931884766,486.6000061035156,8.609999656677246,3656017,133654,28850,378924,1614146,2224122,2616,16866,768627,1837682,1860879,1413100,918474,44851,2355624
2025-10-10,33.20000076293945,104.44999694824219,517.5999755859375,259.8999938964844,43.720001220703125,188.0,16965.814453125,934.7999877929688,184.5,10.670000076293945,89.0,74.0,55.619998931884766,489.79998779296875,8.642000198364258,33.34000015258789,104.69999694824219,519.0,275.0,43.7599983215332,191.25,17251.03684103261,946.5999755859375,186.64999389648438,10.6899995803833,89.4000015258789,74.4000015258789,55.939998626708984,496.0,8.718000411987305,32.5,102.94999694824219,511.20001220703125,259.0,43.15999984741211,178.60000610351562,16833.03851392663,921.2000122070312,182.0,10.399999618530273,87.76000213623047,72.76000213623047,55.02000045776367,482.29998779296875,8.53600025177002,32.68000030517578,103.5999984741211,512.0,275.0,43.20000076293945,184.39999389648438,17157.601920855977,937.7999877929688,183.0,10.520000457763672,88.87999725341797,73.26000213623047,55.5,488.0,8.600000381469727,3632892,135888,25299,472334,1218187,1887919,3456,17387,296673,1321461,2012617,1548022,2046385,41453,1140400
2025-10-13,33.52000045776367,103.19999694824219,519.4000244140625,255.0,44.27000045776367,192.25,16941.2265625,925.0,184.75,10.675000190734863,88.62999725341797,74.44000244140625,55.29999923706055,481.6000061035156,8.640000343322754,33.849998474121094,103.44999694824219,525.7999877929688,259.20001220703125,44.290000915527344,193.25,16980.567582093616,934.4000244140625,186.35000610351562,10.71500015258789,88.94999694824219,74.69999694824219,55.619998931884766,482.5,8.642000198364258,32.709999084472656,102.0999984741211,509.6000061035156,252.0,43.22999954223633,184.89999389648438,16749.439091981134,912.4000244140625,183.14999389648438,10.510000228881836,87.2699966430664,73.16000366210938,54.599998474121094,476.79998779296875,8.470000267028809,32.93000030517578,103.0,512.7999877929688,258.6000061035156,43.599998474121094,185.0,16788.780111574746,928.5999755859375,183.5,10.595000267028809,87.5,73.22000122070312,54.79999923706055,479.20001220703125,8.569999694824219,2955350,128700,27088,341459,1258288,1385234,1894,11060,528059,1497191,1300188,1834394,1139274,37124,2204662
2025-10-14,33.650001525878906,103.5999984741211,529.4000244140625,248.8000030517578,43.66999816894531,186.25,16424.876953125,916.4000244140625,183.5,10.085000038146973,87.12999725341797,73.81999969482422,55.63999938964844,482.0,8.399999618530273,34.04499816894531,103.80000305175781,530.7999877929688,254.6999969482422,44.29999923706055,188.39999389648438,16896.969224831588,923.2000122070312,184.75,10.65999984741211,87.77999877929688,74.4000015258789,55.880001068115234,482.0,8.640000343322754,33.29999923706055,100.9000015258789,510.20001220703125,245.6999969482422,43.2400016784668,183.8000030517578,16282.265746046969,893.5999755859375,181.5500030517578,9.954000473022461,84.8499984741211,73.30000305175781,54.880001068115234,468.20001220703125,8.255999565124512,33.3849983215332,103.30000305175781,518.0,253.60000610351562,44.2599983215332,188.0,16828.122435207708,921.0,184.75,10.65999984741211,87.5999984741211,74.27999877929688,55.31999969482422,475.5,8.640000343322754,2853269,252497,45682,345262,1357991,1721701,3944,18326,609553,3740815,1776149,1984855,1690173,66933,2326090
2025-10-15,33.83000183105469,106.19999694824219,534.0,251.0,44.380001068115234,190.25,16651.087890625,939.2000122070312,186.9499969482422,10.5,89.33999633789062,76.0,55.84000015258789,495.1000061035156,9.022000312805176,33.974998474121094,106.94999694824219,542.7999877929688,252.3000030517578,44.619998931884766,190.8000030517578,16715.017052638625,944.7999877929688,188.10000610351562,10.529999732971191,90.0,76.26000213623047,56.18000030517578,495.1000061035156,9.022000312805176,33.3650016784668,103.19999694824219,529.4000244140625,248.3000030517578,43.79999923706055,187.5500030517578,16326.524452709687,916.4000244140625,184.0,10.125,87.19999694824219,74.30000305175781,55.63999938964844,482.5,8.399999618530273,33.650001525878906,103.19999694824219,530.0,248.3000030517578,43.900001525878906,188.10000610351562,16424.877009653723,916.4000244140625,184.0,10.1899995803833,87.19999694824219,74.33999633789062,55.63999938964844,482.5,8.399999618530273,3240936,279757,54544,392596,2079657,1347739,3627,16458,717683,2493755,3966564,3858576,2368858,114144,3998853
2025-10-16,33.75,104.69999694824219,525.2000122070312,252.5,44.52000045776367,191.25,16395.37109375,929.2000122070312,186.64999389648438,10.65999984741211,89.94000244140625,75.4000015258789,55.31999969482422,482.20001220703125,8.899999618530273,34.095001220703125,107.19999694824219,546.0,257.1000061035156,45.08000183105469,191.60000610351562,16803.53420136285,949.0,188.1999969482422,10.664999961853027,90.0,76.5,56.0,496.79998779296875,9.170000076293945,33.665000915527344,103.69999694824219,523.7999877929688,251.0,44.220001220703125,188.39999389648438,16154.40733142434,921.7999877929688,185.64999389648438,10.470000267028809,89.12000274658203,74.9800033569336,55.08000183105469,481.1000061035156,8.722000122070312,33.83000183105469,106.94999694824219,539.0,251.89999389648438,44.619998931884766,190.1999969482422,16788.78131795516,949.0,188.1999969482422,10.550000190734863,89.5,76.4800033569336,55.84000015258789,495.0,9.0,1577928,130171,66679,366516,960763,930301,4430,13319,445940,2469403,1381766,2830575,950208,40951,2596214
2025-10-17,33.54499816894531,103.4000015258789,538.4000244140625,256.8999938964844,44.970001220703125,187.75,16547.81640625,913.5999755859375,184.89999389648438,10.399999618530273,88.8499984741211,74.45999908447266,54.560001373291016,482.0,8.859999656677246,33.70000076293945,104.5,545.5999755859375,261.6000061035156,45.15999984741211,192.35000610351562,16719.933367384845,924.7999877929688,185.8000030517578,10.600000381469727,89.4000015258789,74.94000244140625,55.099998474121094,483.70001220703125,8.880000114440918,32.61000061035156,102.1500015258789,519.2000122070312,243.39999389648438,43.540000915527344,186.0,16021.630267923476,895.0,181.8000030517578,10.260000228881836,87.5999984741211,73.4000015258789,53.91999816894531,468.6000061035156,8.609999656677246,33.525001525878906,104.0,520.0,251.6999969482422,44.400001525878906,190.5,16395.369954959137,912.4000244140625,185.25,10.600000381469727,89.0999984741211,74.4000015258789,55.0,482.20001220703125,8.880000114440918,2714471,326139,38857,397019,1697611,1175890,4547,16941,706866,2304063,1366066,2652678,1418910,69550,1409125
2025-10-20,33.7400016784668,104.30000305175781,547.5999755859375,253.1999969482422,45.41999816894531,194.10000610351562,16547.81640625,947.2000122070312,186.60000610351562,10.819999694824219,92.08999633789062,75.62000274658203,54.97999954223633,491.20001220703125,9.399999618530273,34.03499984741211,105.69999694824219,552.0,261.0,45.63999938964844,194.89999389648438,16719.933367384845,947.2000122070312,187.8000030517578,10.819999694824219,92.20999908447266,75.95999908447266,55.29999923706055,494.20001220703125,9.399999618530273,33.5,104.05000305175781,540.0,252.5,45.0,190.0,16478.969621796063,921.0,184.75,10.46500015258789,88.9000015258789,74.9800033569336,54.63999938964844,483.1000061035156,8.859999656677246,33.599998474121094,104.94999694824219,544.4000244140625,259.0,45.20000076293945,190.5,16547.81640625,921.0,185.64999389648438,10.489999771118164,89.0,75.26000213623047,55.08000183105469,483.1000061035156,8.859999656677246,1903735,166780,40313,278470,1060647,839623,2709,11358,578416,4039492,2753652,2184386,1378249,38220,4041976
2025-10-21,34.060001373291016,106.19999694824219,544.5999755859375,258.20001220703125,45.43000030517578,185.5,16385.53515625,951.5999755859375,187.4499969482422,11.010000228881836,91.81999969482422,75.5199966430664,55.0,497.79998779296875,9.649999618530273,34.27000045776367,106.3499984741211,554.0,262.0,45.79999923706055,194.14999389648438,16690.428067320678,958.0,188.89999389648438,11.104999542236328,92.79000091552734,76.04000091552734,55.36000061035156,499.0,9.649999618530273,33.65999984741211,104.55000305175781,542.5999755859375,253.39999389648438,45.20000076293945,184.5500030517578,16336.35888027086,937.7999877929688,185.5,10.819999694824219,91.62000274658203,75.05999755859375,54.779998779296875,486.29998779296875,9.380000114440918,33.900001525878906,104.94999694824219,552.0,253.39999389648438,45.599998474121094,193.0,16547.816866981168,946.7999877929688,187.35000610351562,10.819999694824219,92.0,75.86000061035156,54.97999954223633,490.79998779296875,9.390000343322754,2287647,259258,50397,294751,756147,1696362,2197,15715,293964,3841193,1459367,1364006,2438670,37673,3213965
2025-10-22,34.5,108.5999984741211,544.7999877929688,260.8999938964844,45.5,186.10000610351562,17064.16796875,970.0,191.3000030517578,10.960000038146973,95.0,76.54000091552734,56.279998779296875,507.0,9.819999694824219,34.5,108.6500015258789,549.0,263.5,45.68000030517578,188.64999389648438,17113.344245317003,972.5999755859375,192.8000030517578,11.085000038146973,95.19999694824219,77.05999755859375,56.34000015258789,510.0,9.850000381469727,33.935001373291016,105.19999694824219,540.4000244140625,258.0,44.93000030517578,183.8000030517578,16375.70009681196,943.0,187.4499969482422,10.845000267028809,92.0,75.4000015258789,54.81999969482422,493.5,9.57800006866455,34.25,105.30000305175781,544.5999755859375,260.3999938964844,45.45000076293945,186.9499969482422,16474.052649945967,955.2000122070312,187.5500030517578,11.069999694824219,92.0,75.5999984741211,55.15999984741211,497.79998779296875,9.619999885559082,1706688,305966,34597,199965,1920886,1017774,7842,15811,346264,1643654,3115552,1752192,2242705,61755,2083457
2025-10-23,34.869998931884766,108.05000305175781,531.0,260.20001220703125,45.0099983215332,193.75,17034.662109375,978.5999755859375,192.3000030517578,11.039999961853027,97.30000305175781,77.36000061035156,57.220001220703125,507.6000061035156,9.800000190734863,34.8849983215332,108.80000305175781,546.5999755859375,262.70001220703125,45.650001525878906,194.64999389648438,17108.42652382091,984.0,194.3000030517578,11.09000015258789,97.69999694824219,77.5999984741211,57.68000030517578,512.2000122070312,9.890000343322754,34.14500045776367,107.0,531.0,259.20001220703125,44.790000915527344,188.1999969482422,16749.439706850822,960.4000244140625,189.9499969482422,10.899999618530273,95.3499984741211,75.62000274658203,56.0,502.6000061035156,9.65999984741211,34.459999084472656,108.5999984741211,543.7999877929688,260.5,45.650001525878906,188.5,17108.42652382091,970.0,191.35000610351562,11.0,95.5,76.5999984741211,56.279998779296875,508.0,9.800000190734863,2325321,186956,79714,287938,2264037,1261260,2421,15209,712458,1877457,3680401,3138119,2658490,25735,2683112
2025-10-24,34.810001373291016,106.75,539.7999877929688,259.5,44.75,191.0,17000.23828125,982.7999877929688,191.1999969482422,11.154999732971191,97.6500015258789,77.05999755859375,57.380001068115234,505.20001220703125,10.194999694824219,35.34000015258789,109.0,540.0,264.0,45.4900016784668,195.9499969482422,17059.24981129773,994.7999877929688,194.0500030517578,11.345000267028809,98.4000015258789,78.26000213623047,57.79999923706055,511.6000061035156,10.289999961853027,34.66999816894531,106.75,531.4000244140625,258.5,44.619998931884766,189.64999389648438,16867.46233864261,976.0,190.39999389648438,10.904999732971191,96.72000122070312,76.83999633789062,56.86000061035156,502.0,9.6899995803833,34.900001525878906,108.55000305175781,531.4000244140625,261.1000061035156,45.0099983215332,194.89999389648438,17014.991163761933,988.0,193.89999389648438,11.045000076293945,97.30000305175781,77.5999984741211,57.619998931884766,507.6000061035156,9.800000190734863,3437362,153988,44378,159341,1490218,666855,1779,15657,619743,2271980,1839167,3601359,1812015,26059,6052605
2025-10-27,34.68000030517578,107.69999694824219,545.2000122070312,254.8000030517578,44.7400016784668,189.0,17133.013671875,995.5999755859375,191.3000030517578,11.329999923706055,97.9000015258789,76.63999938964844,57.58000183105469,503.6000061035156,10.454999923706055,35.20000076293945,109.0,552.5999755859375,262.1000061035156,45.029998779296875,195.75,17211.695709403702,1007.0,193.8000030517578,11.664999961853027,99.5999984741211,78.0199966430664,58.060001373291016,511.6000061035156,10.550000190734863,34.41999816894531,106.30000305175781,543.2000122070312,253.89999389648438,44.40999984741211,189.0,16985.48485150868,985.7999877929688,190.4499969482422,11.210000038146973,97.87999725341797,76.36000061035156,57.279998779296875,500.3999938964844,10.1899995803833,35.0,108.0,545.0,262.0,44.75,194.0,17019.90824292749,986.0,192.6999969482422,11.25,98.0,77.86000061035156,57.7400016784668,503.20001220703125,10.194999694824219,4584199,230700,27387,212382,1265449,776851,3266,20150,466978,3658987,2097703,3713834,2357206,43514,3281694
2025-10-28,35.0,109.4000015258789,588.0,259.20001220703125,44.880001068115234,191.35000610351562,17767.388671875,1045.0,196.85000610351562,11.550000190734863,98.91999816894531,78.26000213623047,59.02000045776367,512.5999755859375,10.505000114440918,35.185001373291016,110.80000305175781,592.4000244140625,262.79998779296875,45.560001373291016,191.35000610351562,17895.246990576565,1049.0,197.1999969482422,11.595000267028809,99.6500015258789,78.36000061035156,59.29999923706055,517.5999755859375,10.630000114440918,34.45500183105469,107.5999984741211,538.2000122070312,254.0,44.68000030517578,185.39999389648438,17142.849961294283,997.4000244140625,191.0500030517578,11.3100004196167,97.31999969482422,76.58000183105469,57.52000045776367,501.3999938964844,10.260000228881836,34.79999923706055,108.44999694824219,550.0,254.60000610351562,45.0,187.0,17152.68521657902,1005.0,192.0,11.4350004196167,97.9000015258789,76.9800033569336,57.7400016784668,508.79998779296875,10.350000381469727,3252540,398099,186262,212404,2079306,1212217,5099,28932,916565,2520796,2196910,5766512,2424730,93927,2853830
2025-10-29,34.560001373291016,110.0,591.5999755859375,256.79998779296875,43.959999084472656,197.1999969482422,17796.89453125,1044.0,197.25,11.420000076293945,99.81999969482422,77.80000305175781,59.400001525878906,503.20001220703125,10.210000038146973,35.20000076293945,113.44999694824219,592.0,261.8999938964844,45.25,198.0500030517578,17875.57657394135,1073.5,199.60000610351562,11.699999809265137,99.8499984741211,78.80000305175781,59.439998626708984,517.5999755859375,10.600000381469727,34.29999923706055,106.9000015258789,582.0,256.20001220703125,43.70000076293945,192.6999969482422,17428.07245613429,1023.0,194.89999389648438,11.399999618530273,98.41999816894531,76.83999633789062,58.70000076293945,495.6000061035156,10.170000076293945,35.0,108.0,589.0,260.3999938964844,45.20000076293945,193.85000610351562,17742.800626899694,1023.0,197.8000030517578,11.574999809265137,99.0,78.5999984741211,59.279998779296875,516.0,10.5,6775194,466879,116456,156459,2160085,1466443,4745,36178,705694,1792046,1799881,3125890,1680966,119792,2300619
2025-10-30,34.46500015258789,106.0,587.0,257.29998779296875,45.08000183105469,194.0,17801.8125,1017.5,193.8000030517578,11.305000305175781,100.5999984741211,77.05999755859375,59.5,503.0,9.930000305175781,34.7599983215332,111.0,592.0,259.1000061035156,46.599998474121094,197.1999969482422,17890.329799723757,1038.0,199.9499969482422,11.460000038146973,101.77999877929688,78.16000366210938,59.84000015258789,504.79998779296875,10.295000076293945,34.16999816894531,105.6500015258789,579.2000122070312,254.39999389648438,44.15999984741211,191.75,17688.70706146409,1000.0,192.85000610351562,11.255000114440918,99.25,76.5199966430664,58.81999969482422,491.20001220703125,9.784000396728516,34.6150016784668,111.0,587.0,256.8999938964844,44.2400016784668,195.0,17713.295200276243,1000.0,199.9499969482422,11.4399995803833,99.2699966430664,78.16000366210938,59.599998474121094,504.79998779296875,10.295000076293945,2590401,327990,43888,135736,4221314,708010,4583,16268,833017,1662690,2347402,2282540,1761547,49508,1930736
2025-10-31,34.5,102.8499984741211,586.5999755859375,253.8000030517578,44.06999969482422,193.85000610351562,17634.61328125,981.2000122070312,189.4499969482422,11.199999809265137,100.05999755859375,75.69999694824219,59.060001373291016,487.20001220703125,10.0,35.18000030517578,107.0,593.5999755859375,258.70001220703125,45.380001068115234,195.8000030517578,17880.49467111684,1023.5,194.64999389648438,11.300000190734863,101.44000244140625,77.36000061035156,59.599998474121094,503.0,10.0600004196167,34.255001068115234,102.80000305175781,581.7999877929688,253.8000030517578,43.91999816894531,192.5500030517578,17634.61328125,975.0,188.0,11.0649995803833,99.52999877929688,75.5199966430664,58.91999816894531,485.6000061035156,9.75,34.45500183105469,107.0,590.0,257.5,45.29999923706055,194.0,17816.565509751465,1017.0,194.4499969482422,11.260000228881836,100.5999984741211,77.31999969482422,59.540000915527344,502.20001220703125,9.899999618530273,3272049,383436,47101,217684,2905399,859880,2178,26124,842668,2567730,2068056,3119903,1364273,86094,2161547
2025-11-03,34.279998779296875,104.55000305175781,595.2000122070312,255.39999389648438,44.33000183105469,190.75,17728.046875,1014.5,191.10000610351562,11.130000114440918,99.08999633789062,76.77999877929688,59.84000015258789,496.5,9.899999618530273,34.76499938964844,106.0,597.0,258.6000061035156,44.95000076293945,195.10000610351562,17919.834344660194,1023.5,192.3000030517578,11.289999961853027,100.94000244140625,77.16000366210938,60.099998474121094,500.79998779296875,10.119999885559082,34.20000076293945,103.30000305175781,586.5999755859375,253.10000610351562,44.0,189.64999389648438,17614.941444174758,988.2000122070312,190.0,11.050000190734863,98.0999984741211,76.0199966430664,59.18000030517578,488.1000061035156,9.821999549865723,34.5,103.80000305175781,586.5999755859375,256.1000061035156,44.5,194.0,17614.941444174758,988.2000122070312,190.35000610351562,11.199999809265137,100.41999816894531,76.0999984741211,59.2599983215332,488.1000061035156,10.029999732971191,1360202,177683,49517,207782,1991107,457493,2066,14227,347691,1419669,1582833,1734587,1241508,35762,1498322
2025-11-04,33.849998474121094,103.9000015258789,592.2000122070312,252.5,43.75,186.5500030517578,17324.802734375,1008.5,191.5,11.225000381469727,97.72000122070312,76.41999816894531,60.02000045776367,497.20001220703125,10.100000381469727,34.25,105.0,595.2000122070312,254.8000030517578,44.41999816894531,187.6999969482422,17713.29533046232,1013.0,192.39999389648438,11.265000343322754,98.48999786376953,76.5999984741211,60.15999984741211,497.20001220703125,10.119999885559082,33.720001220703125,102.94999694824219,582.0,250.8000030517578,43.75,184.0,17324.802734375,995.7999877929688,189.10000610351562,11.024999618530273,96.61000061035156,75.5199966430664,59.099998474121094,487.20001220703125,9.836000442504883,34.099998474121094,104.5999984741211,595.2000122070312,254.0,44.34000015258789,186.9499969482422,17614.942774490846,1013.0,190.75,11.104999542236328,98.30000305175781,76.04000091552734,59.7599983215332,491.1000061035156,9.899999618530273,1659242,125362,30290,152685,1925695,924519,1650,11834,460701,1276320,1721250,1289461,1328471,28497,1698516
2025-11-05,34.244998931884766,102.5,588.7999877929688,250.1999969482422,44.150001525878906,187.0,17319.884765625,994.0,190.64999389648438,11.699999809265137,97.95999908447266,75.4800033569336,60.279998779296875,491.1000061035156,10.460000038146973,34.25,103.9000015258789,591.2000122070312,253.60000610351562,44.31999969482422,187.85000610351562,17442.825458169187,1013.5,192.6999969482422,11.75,98.27999877929688,76.54000091552734,60.279998779296875,498.5,10.5600004196167,33.435001373291016,102.25,583.5999755859375,249.5,43.619998931884766,184.4499969482422,17118.262029852536,994.0,189.39999389648438,11.149999618530273,96.93000030517578,75.08000183105469,59.459999084472656,487.0,9.989999771118164,33.79999923706055,103.9000015258789,585.4000244140625,252.39999389648438,44.0,186.3000030517578,17334.637648730302,1008.5,191.35000610351562,11.255000114440918,97.5,76.22000122070312,60.0,491.0,10.085000038146973,1400365,349294,20780,139884,1627994,486584,1687,23644,508133,3542680,1329463,1904126,945407,22524,4709271
2025-11-06,34.52000045776367,102.94999694824219,584.5999755859375,250.0,44.779998779296875,189.35000610351562,17432.990234375,1000.0,193.8000030517578,11.649999618530273,98.5999984741211,76.81999969482422,61.0,503.20001220703125,10.569999694824219,35.005001068115234,105.19999694824219,598.0,253.3000030517578,45.689998626708984,191.9499969482422,17718.212641594677,1022.5,197.64999389648438,11.890000343322754,99.69999694824219,77.83999633789062,61.7599983215332,507.79998779296875,10.619999885559082,34.185001373291016,102.8499984741211,582.2000122070312,248.6999969482422,44.20000076293945,188.35000610351562,17319.884797029266,993.5999755859375,191.0,11.585000038146973,97.66000366210938,75.72000122070312,60.380001068115234,491.29998779296875,10.15999984741211,34.29999923706055,103.0,588.0,251.5,44.599998474121094,188.35000610351562,17319.884797029266,1010.0,191.85000610351562,11.699999809265137,97.95999908447266,76.0,60.400001525878906,495.0,10.460000038146973,2988986,392151,35122,226691,3141721,582528,1513,18815,713914,2825379,1487622,2350160,1740368,68628,4061709
2025-11-07,34.67499923706055,104.0,570.0,242.89999389648438,41.5,189.64999389648438,16960.8984375,1024.5,192.89999389648438,10.920000076293945,98.93000030517578,75.30000305175781,60.439998626708984,504.6000061035156,10.300000190734863,34.95000076293945,104.30000305175781,592.7999877929688,252.0,43.66999816894531,191.8000030517578,17900.16535590026,1031.0,195.75,11.654999732971191,99.44999694824219,77.30000305175781,61.599998474121094,511.79998779296875,10.595000267028809,34.290000915527344,102.5,567.7999877929688,240.89999389648438,40.52000045776367,188.39999389648438,16719.93467309365,1002.0,191.3000030517578,10.640000343322754,98.41000366210938,75.18000030517578,59.91999816894531,501.20001220703125,9.944000244140625,34.65999984741211,103.19999694824219,590.0,251.0,43.54999923706055,190.3000030517578,17703.460242099158,1002.0,193.8000030517578,11.579999923706055,98.75,76.86000061035156,61.400001525878906,506.6000061035156,10.399999618530273,2501273,136996,36558,283367,11417703,433732,4515,15963,314457,5409573,1232442,1807135,1342971,38265,3748522
2025-11-10,34.939998626708984,103.5,593.0,245.60000610351562,42.97999954223633,195.64999389648438,16931.392578125,1050.0,194.10000610351562,11.414999961853027,101.80000305175781,76.94000244140625,60.939998626708984,495.3999938964844,10.5,35.005001068115234,105.1500015258789,600.0,247.1999969482422,43.0,195.85000610351562,17378.89670958285,1054.5,197.1999969482422,11.470000267028809,101.9800033569336,77.36000061035156,61.47999954223633,516.7999877929688,10.555000305175781,34.48500061035156,103.5,570.0,243.1999969482422,41.56999969482422,192.89999389648438,16896.969183397472,1031.5,193.5500030517578,11.0,99.4000015258789,76.19999694824219,60.52000045776367,491.1000061035156,10.270000457763672,34.900001525878906,104.80000305175781,577.7999877929688,243.1999969482422,41.70000076293945,193.0,17152.685829944814,1031.5,196.0,11.0,99.41000366210938,77.0,61.2400016784668,508.0,10.319999694824219,2567271,119711,39365,150326,2358648,702388,3294,13018,454213,2321539,1785380,2751145,1249802,67429,1677286
2025-11-12,34.79999923706055,103.44999694824219,591.2000122070312,243.39999389648438,41.65999984741211,195.60000610351562,16444.546875,1049.5,194.5500030517578,11.369999885559082,103.5,77.5,61.380001068115234,508.20001220703125,10.345000267028809,35.349998474121094,105.0,603.0,246.3000030517578,42.65999984741211,198.0,17177.27339544707,1069.0,198.1999969482422,11.579999923706055,104.5999984741211,78.76000213623047,62.099998474121094,518.0,10.654999732971191,34.560001373291016,102.30000305175781,588.7999877929688,242.3000030517578,41.560001373291016,194.6999969482422,16282.265162417763,1032.0,193.0,11.335000038146973,101.80000305175781,76.5999984741211,61.279998779296875,498.0,10.300000190734863,35.150001525878906,103.80000305175781,600.0,245.60000610351562,41.68000030517578,197.89999389648438,17064.167959404906,1055.0,197.0,11.414999961853027,101.80000305175781,77.30000305175781,61.5,500.0,10.479999542236328,3697800,479835,44952,203709,2788499,694993,6979,21974,587508,2262479,2963174,3998327,1498709,176028,2446703
2025-11-13,34.599998474121094,103.5,576.4000244140625,237.39999389648438,42.0099983215332,196.5,16375.7001953125,1061.5,194.25,11.545000076293945,103.76000213623047,76.5,61.20000076293945,501.20001220703125,10.619999885559082,35.185001373291016,104.9000015258789,594.2000122070312,245.6999969482422,42.31999969482422,203.5,16715.016505665822,1080.5,196.10000610351562,11.805000305175781,105.27999877929688,78.4800033569336,62.20000076293945,516.4000244140625,10.84000015258789,34.599998474121094,103.05000305175781,575.0,233.8000030517578,41.7599983215332,195.60000610351562,16282.265269273179,1049.5,193.0,11.345000267028809,103.4800033569336,76.33999633789062,61.119998931884766,501.20001220703125,10.399999618530273,34.7599983215332,103.5,591.2000122070312,245.1999969482422,41.7599983215332,197.0,16474.0527490381,1059.0,194.5500030517578,11.375,103.5,77.0999984741211,61.599998474121094,508.3999938964844,10.399999618530273,3194288,199459,56312,355867,2136518,1264313,5791,20481,660500,2543939,1910978,2637601,1032250,68198,2711541
2025-11-14,34.25,102.4000015258789,582.2000122070312,236.6999969482422,40.93000030517578,195.0,16193.748046875,1056.5,190.9499969482422,11.444999694824219,104.0,75.4000015258789,60.65999984741211,495.1000061035156,10.630000114440918,35.005001068115234,103.19999694824219,585.0,236.6999969482422,41.88999938964844,195.0,16474.0528263077,1065.5,193.25,11.479999542236328,104.0,76.31999969482422,60.939998626708984,500.79998779296875,10.630000114440918,34.25,101.6500015258789,570.4000244140625,230.5,40.900001525878906,188.3000030517578,16090.477864978744,1035.0,189.0,11.199999809265137,102.30000305175781,74.55999755859375,59.97999954223633,490.1000061035156,10.335000038146973,34.61000061035156,103.0,576.4000244140625,233.10000610351562,41.79999923706055,194.0,16415.04129379555,1065.5,193.25,11.479999542236328,102.5199966430664,76.0,60.84000015258789,500.79998779296875,10.520000457763672,2539929,161957,35403,223023,1650149,873565,3152,15324,310260,1875480,1178185,1776089,1099250,41288,1946368
2025-11-17,33.46500015258789,101.0,570.7999877929688,230.89999389648438,40.869998931884766,192.1999969482422,15938.03125,1046.5,190.5,10.829999923706055,102.76000213623047,74.77999877929688,60.34000015258789,491.79998779296875,10.640000343322754,34.56999969482422,103.44999694824219,585.0,238.1999969482422,41.45000076293945,195.5,16419.958760799138,1069.0,193.25,11.114999771118164,104.9800033569336,75.95999908447266,61.13999938964844,501.79998779296875,10.6899995803833,33.349998474121094,100.8499984741211,568.5999755859375,228.6999969482422,40.56999969482422,190.14999389648438,15893.77260104906,1035.0,189.64999389648438,10.640000343322754,102.73999786376953,74.5,60.08000183105469,491.0,10.319999694824219,34.5,103.0999984741211,582.2000122070312,237.0,40.93000030517578,195.0,16356.029601203332,1056.5,191.0,10.899999618530273,104.0,75.5199966430664,60.900001525878906,497.29998779296875,10.630000114440918,2589133,109225,33955,307563,2317946,437184,1982,19232,716288,4441990,1223560,1634488,1122876,41300,2326169
2025-11-18,32.224998474121094,99.55999755859375,565.0,229.8000030517578,40.290000915527344,189.0,15638.0556640625,1026.5,187.64999389648438,10.130000114440918,100.72000122070312,73.55999755859375,59.040000915527344,483.8999938964844,9.432000160217285,33.369998931884766,100.8499984741211,573.7999877929688,230.3000030517578,40.959999084472656,189.8000030517578,15933.113318101414,1043.5,189.6999969482422,10.574999809265137,101.81999969482422,74.37999725341797,60.060001373291016,490.70001220703125,10.449999809265137,31.96500015258789,99.04000091552734,561.0,225.8000030517578,40.0,186.1999969482422,15608.549898658608,1014.0,185.75,9.824000358581543,99.37000274658203,72.87999725341797,58.79999923706055,482.20001220703125,9.406000137329102,33.33000183105469,100.80000305175781,569.7999877929688,228.8000030517578,40.66999816894531,189.60000610351562,15879.019414860946,1043.5,188.5,10.5649995803833,101.27999877929688,74.0,60.02000045776367,488.0,10.449999809265137,3867807,265309,24676,248987,2305738,859294,2723,20784,729525,5997443,2140245,2490563,1329152,43403,8101373
2025-11-19,32.0,102.80000305175781,582.0,229.1999969482422,41.790000915527344,195.5,15849.513671875,1040.5,193.6999969482422,10.175000190734863,101.87999725341797,75.4000015258789,59.65999984741211,498.0,9.592000007629395,32.3849983215332,103.44999694824219,586.5999755859375,230.60000610351562,41.880001068115234,196.4499969482422,15923.278085489064,1045.0,194.3000030517578,10.305000305175781,102.54000091552734,75.58000183105469,60.0,500.6000061035156,9.72599983215332,31.850000381469727,99.22000122070312,555.0,226.39999389648438,40.02000045776367,187.3000030517578,15657.726196478437,1018.0,186.9499969482422,10.0,100.5,73.19999694824219,58.959999084472656,482.0,9.232000350952148,32.36000061035156,99.5999984741211,560.0,230.39999389648438,40.36000061035156,187.5,15662.643824052708,1018.0,187.4499969482422,10.149999618530273,100.5,73.5,59.0,485.5,9.4399995803833,6669079,248223,51354,212277,2817513,987228,3612,28074,567317,2370641,1567109,1549135,935444,40282,4503825
2025-11-20,31.5,102.0999984741211,587.0,227.8000030517578,41.93000030517578,195.10000610351562,15879.01953125,1031.5,193.3000030517578,10.399999618530273,101.19999694824219,75.31999969482422,61.79999923706055,498.29998779296875,10.0,32.25,104.30000305175781,592.0,233.1999969482422,42.380001068115234,196.9499969482422,16154.40667703817,1058.0,197.9499969482422,10.494999885559082,102.4000015258789,76.63999938964844,62.439998626708984,506.3999938964844,10.050000190734863,30.0,102.05000305175781,579.0,227.39999389648438,41.650001525878906,193.0500030517578,15805.255117199598,1022.5,192.4499969482422,10.1899995803833,99.30999755859375,75.0199966430664,61.400001525878906,492.6000061035156,9.609999656677246,32.20000076293945,103.5,583.0,230.1999969482422,42.25,196.10000610351562,16129.81853902137,1045.0,195.0,10.274999618530273,102.0,76.0999984741211,61.79999923706055,502.0,9.739999771118164,10035267,197181,54330,174080,3114958,545205,3020,13364,593786,1815358,2402113,1749574,2515628,41320,3970936
2025-11-21,31.190000534057617,100.0,574.2000122070312,228.1999969482422,42.29999923706055,191.0500030517578,15736.408203125,1018.0,191.75,10.260000228881836,98.5999984741211,73.76000213623047,61.060001373291016,490.70001220703125,9.732000350952148,31.719999313354492,102.0,583.0,228.8000030517578,42.4900016784668,192.10000610351562,15820.007871704101,1030.0,193.25,10.3100004196167,99.2699966430664,74.55999755859375,61.400001525878906,492.20001220703125,9.960000038146973,30.299999237060547,99.12000274658203,568.0,223.1999969482422,41.060001373291016,188.14999389648438,15151.21052307129,1007.0,189.39999389648438,10.03499984741211,97.27999877929688,73.19999694824219,60.2400016784668,484.0,9.59000015258789,30.299999237060547,102.0,578.5999755859375,226.10000610351562,41.38999938964844,190.0,15716.737692871095,1030.0,190.75,10.295000076293945,99.0,73.9000015258789,61.400001525878906,492.0,9.819999694824219,4483415,248714,55204,218360,4151814,831389,4237,24009,850373,2534366,2854397,1584034,1270433,47759,4281005
2025-11-24,31.030000686645508,100.55000305175781,612.2000122070312,230.89999389648438,41.959999084472656,195.89999389648438,15874.1015625,1029.0,191.75,10.029999732971191,96.58000183105469,74.27999877929688,61.400001525878906,492.0,9.538000106811523,31.559999465942383,102.4000015258789,612.2000122070312,235.3000030517578,42.5,197.25,15972.454112453532,1029.0,194.60000610351562,10.289999961853027,99.38999938964844,75.05999755859375,61.68000030517578,499.8999938964844,9.800000190734863,30.55500030517578,100.44999694824219,575.4000244140625,225.60000610351562,41.22999954223633,192.0,15524.950010164963,995.5999755859375,190.35000610351562,9.949999809265137,95.56999969482422,73.55999755859375,60.65999984741211,489.8999938964844,9.465999603271484,31.450000762939453,100.5,576.0,235.0,42.5,193.39999389648438,15820.007660025558,1021.0,192.0500030517578,10.260000228881836,98.94000244140625,74.80000305175781,61.279998779296875,496.0,9.501999855041504,5937423,273672,226614,382241,3685687,1094045,5275,67483,892897,3459607,5190296,3559300,2606740,165618,4698697
2025-11-25,31.25,103.19999694824219,629.0,231.5,41.9900016784668,198.35000610351562,16552.734375,1008.0,199.1999969482422,9.699999809265137,95.19000244140625,76.86000061035156,62.70000076293945,510.20001220703125,9.100000381469727,31.450000762939453,104.5999984741211,630.7999877929688,234.3000030517578,42.56999969482422,199.10000610351562,16837.956773618538,1034.0,201.3000030517578,10.114999771118164,97.13999938964844,76.95999908447266,63.2400016784668,511.6000061035156,9.600000381469727,30.665000915527344,100.44999694824219,592.5999755859375,229.8000030517578,41.31999969482422,196.0500030517578,16031.46585338681,995.0,192.25,9.600000381469727,94.58000183105469,74.13999938964844,60.97999954223633,490.0,8.937999725341797,31.200000762939453,101.19999694824219,611.2000122070312,233.6999969482422,42.150001525878906,197.60000610351562,16031.46585338681,1029.0,192.9499969482422,10.0,96.70999908447266,74.72000122070312,61.7599983215332,492.3999938964844,9.539999961853027,2573085,199319,107843,254345,2696603,828511,6903,27452,1037182,3705518,2671469,2131195,2114215,76766,5147338
2025-11-26,32.025001525878906,104.30000305175781,626.7999877929688,243.0,41.810001373291016,205.0,17019.908203125,1043.0,200.89999389648438,9.878000259399414,95.58000183105469,77.80000305175781,63.099998474121094,516.0,9.187999725341797,32.08000183105469,104.44999694824219,631.0,243.5,42.400001525878906,205.3000030517578,17108.425495137784,1050.0,201.5,9.95199966430664,96.19000244140625,77.80000305175781,63.20000076293945,516.0,9.23799991607666,30.864999771118164,103.05000305175781,620.0,233.1999969482422,41.619998931884766,198.35000610351562,16700.262426412162,1010.5,198.0,9.696000099182129,94.3499984741211,76.36000061035156,62.34000015258789,505.0,8.946000099182129,31.344999313354492,103.4000015258789,624.4000244140625,234.89999389648438,42.400001525878906,199.10000610351562,16813.367855095166,1012.0,199.25,9.732000350952148,95.12000274658203,77.5,62.900001525878906,505.0,9.154000282287598,3818439,98732,41830,358306,1515139,1211495,5363,30866,858178,1496518,1749258,1773711,1553825,69849,3832697
2025-11-27,31.770000457763672,103.94999694824219,619.2000122070312,249.3000030517578,41.029998779296875,205.39999389648438,16921.556640625,1034.0,200.89999389648438,9.859999656677246,93.30999755859375,77.87999725341797,63.18000030517578,518.0,9.329999923706055,32.17499923706055,104.30000305175781,628.7999877929688,257.70001220703125,41.9900016784668,206.0,17157.60276638786,1044.0,201.60000610351562,10.079999923706055,95.43000030517578,77.94000244140625,63.31999969482422,519.5999755859375,9.366000175476074,31.68000030517578,103.1500015258789,618.5999755859375,240.0,40.93000030517578,203.3000030517578,16828.12171584387,1030.5,199.9499969482422,9.850000381469727,92.80000305175781,77.27999877929688,62.720001220703125,511.20001220703125,9.199999809265137,32.025001525878906,104.0,628.0,245.8000030517578,41.900001525878906,204.1999969482422,17024.826820646253,1042.5,201.0,9.958000183105469,95.4000015258789,77.80000305175781,63.15999984741211,512.5999755859375,9.25,3191460,99037,27645,766142,1662071,407081,3548,15707,182568,1088833,1673561,1078214,842640,31822,1885528
2025-11-28,32.05500030517578,103.44999694824219,625.0,256.3999938964844,40.83000183105469,211.6999969482422,16729.76953125,1026.0,199.9499969482422,9.866000175476074,94.0199966430664,77.4000015258789,62.86000061035156,515.0,9.479999542236328,32.459999084472656,104.5999984741211,629.0,256.79998779296875,41.279998779296875,212.5,17024.827194940477,1037.5,202.0,9.9399995803833,94.0999984741211,77.86000061035156,63.099998474121094,517.4000244140625,9.619999885559082,31.40999984741211,102.75,615.2000122070312,247.8000030517578,40.599998474121094,204.6999969482422,15952.784350198413,1016.0,198.0500030517578,9.720000267028809,91.80000305175781,76.5999984741211,62.439998626708984,508.3999938964844,9.307999610900879,31.770000457763672,103.9000015258789,620.5999755859375,249.39999389648438,41.119998931884766,206.0,16965.81566220238,1024.5,200.0,9.9399995803833,93.1500015258789,77.5,63.099998474121094,515.0,9.338000297546387,1969238,164214,29287,305766,3870285,913628,6103,21486,439241,1987356,1840834,1662056,857351,71401,2089084
2025-12-01,32.33000183105469,104.9000015258789,629.7999877929688,255.8000030517578,40.790000915527344,217.89999389648438,16523.228515625,1020.0,199.4499969482422,9.428000450134277,94.38999938964844,78.04000091552734,63.29999923706055,511.6000061035156,9.11400032043457,32.52000045776367,104.9000015258789,634.7999877929688,260.70001220703125,40.9900016784668,222.89999389648438,16754.357009742373,1032.0,201.1999969482422,9.859999656677246,95.58999633789062,78.13999938964844,63.29999923706055,519.5999755859375,9.510000228881836,31.81999969482422,103.0,619.2000122070312,253.6999969482422,40.5,212.0,16429.793592471167,1015.0,196.85000610351562,9.428000450134277,93.80000305175781,77.13999938964844,62.52000045776367,508.0,9.041999816894531,32.13999938964844,103.5,625.5999755859375,256.79998779296875,40.95000076293945,212.3000030517578,16542.89902576265,1028.5,198.4499969482422,9.850000381469727,94.0,77.4000015258789,62.7599983215332,517.7999877929688,9.37399959564209,2797822,261857,36890,206137,1565747,1211791,2843,24575,561022,3403303,1185354,1615487,862198,86536,2789270
2025-12-02,31.325000762939453,102.19999694824219,626.0,255.3000030517578,40.560001373291016,218.0,16326.5234375,1012.0,196.85000610351562,8.989999771118164,93.0,76.9000015258789,63.18000030517578,481.70001220703125,9.0,31.614999771118164,104.9000015258789,634.2000122070312,258.79998779296875,41.0,221.0,16670.7573653991,1027.5,199.0,9.454000473022461,95.1500015258789,78.0,63.380001068115234,487.8999938964844,9.267999649047852,30.420000076293945,101.55000305175781,623.5999755859375,253.5,40.130001068115234,216.10000610351562,16218.335631588856,1001.5,194.14999389648438,8.899999618530273,92.37999725341797,76.41999816894531,62.47999954223633,479.5,8.692000389099121,30.5,104.9000015258789,629.7999877929688,255.8000030517578,40.900001525878906,218.0,16523.228539156626,1027.5,199.0,9.449999809265137,95.1500015258789,78.0,63.31999969482422,482.6000061035156,9.121999740600586,13578750,391863,33921,174597,1258883,737624,2788,20828,1223111,4156037,1786470,4543619,1116866,545310,2676731
2025-12-03,30.510000228881836,101.6500015258789,604.5999755859375,251.89999389648438,39.400001525878906,222.89999389648438,16483.88671875,1000.0,196.8000030517578,8.842000007629395,91.56999969482422,77.5,62.18000030517578,482.0,8.793999671936035,31.415000915527344,103.0999984741211,631.4000244140625,258.1000061035156,40.779998779296875,225.39999389648438,16906.802666784755,1017.0,199.0500030517578,9.100000381469727,93.30000305175781,78.04000091552734,63.29999923706055,489.6000061035156,9.187999725341797,30.46500015258789,101.19999694824219,600.0,251.39999389648438,39.220001220703125,217.60000610351562,16311.76976315446,994.0,195.3000030517578,8.70199966430664,90.86000061035156,76.55999755859375,62.060001373291016,477.20001220703125,8.720000267028809,31.385000228881836,102.19999694824219,626.2000122070312,257.0,40.650001525878906,219.8000030517578,16611.74502862097,1016.5,196.0,9.0,93.0,76.9000015258789,63.2400016784668,482.0,8.958000183105469,7993221,200402,41555,150449,2794983,778308,4744,20076,578880,4092420,1923059,2481088,978839,205799,2862526
2025-12-04,30.94499969482422,102.0,612.5999755859375,254.60000610351562,38.630001068115234,225.10000610351562,16665.83984375,1007.0,198.0,8.609999656677246,91.66999816894531,77.66000366210938,63.2400016784668,482.0,8.484000205993652,31.084999084472656,103.4000015258789,612.5999755859375,255.1999969482422,39.72999954223633,225.10000610351562,16980.56800840034,1012.0,198.39999389648438,8.868000030517578,92.36000061035156,78.41999816894531,63.380001068115234,490.70001220703125,8.859999656677246,30.540000915527344,101.9000015258789,600.5999755859375,251.10000610351562,38.36000061035156,219.5,16528.146271715475,1000.0,196.1999969482422,8.5,91.12000274658203,77.33999633789062,61.939998626708984,479.70001220703125,8.168000221252441,30.545000076293945,103.4000015258789,604.5999755859375,251.89999389648438,39.4900016784668,222.89999389648438,16582.240175014755,1009.5,197.60000610351562,8.75,91.56999969482422,78.0199966430664,62.34000015258789,482.20001220703125,8.791999816894531,14374693,255291,30310,134336,3673615,776312,2922,13214,450270,3844154,1495996,2154079,1135396,353033,4465925
2025-12-05,30.975000381469727,102.19999694824219,608.0,238.8000030517578,38.380001068115234,235.0,16759.275390625,1002.5,195.8000030517578,8.607999801635742,91.66000366210938,77.31999969482422,62.65999984741211,479.0,8.699999809265137,31.34000015258789,102.80000305175781,615.5999755859375,255.60000610351562,39.09000015258789,235.0,16946.145245332675,1012.0,198.64999389648438,8.758000373840332,92.05999755859375,77.9000015258789,63.36000061035156,485.0,8.8100004196167,30.834999084472656,101.75,605.2000122070312,238.8000030517578,38.130001068115234,228.1999969482422,16542.899769384538,998.0,195.8000030517578,8.479999542236328,90.63999938964844,76.69999694824219,62.619998931884766,476.5,8.48799991607666,31.200000762939453,102.05000305175781,612.5999755859375,255.5,38.75,228.1999969482422,16665.840463271164,1012.0,198.0,8.569999694824219,91.80000305175781,77.76000213623047,63.29999923706055,485.0,8.550000190734863,13764375,217826,31874,360977,3227925,895373,3030,14620,318215,4650889,1336461,2095026,920835,80356,2611068
2025-12-08,30.700000762939453,103.0,608.0,243.0,38.13999938964844,234.39999389648438,16523.228515625,1001.0,198.25,8.404000282287598,91.66000366210938,77.86000061035156,62.86000061035156,483.8999938964844,8.513999938964844,31.0049991607666,103.8499984741211,614.0,243.89999389648438,38.40999984741211,239.3000030517578,16921.556345912388,1018.5,200.39999389648438,8.746000289916992,92.12999725341797,78.86000061035156,63.459999084472656,485.5,8.82800006866455,30.5,102.5,602.7999877929688,234.10000610351562,37.95000076293945,233.60000610351562,16523.228515625,999.5999755859375,196.14999389648438,8.345999717712402,90.4000015258789,77.55999755859375,62.720001220703125,477.79998779296875,8.461999893188477,30.90999984741211,102.80000305175781,610.0,241.10000610351562,38.400001525878906,235.0,16818.28616768973,1001.0,196.35000610351562,8.746000289916992,92.0,77.73999786376953,63.0,477.79998779296875,8.619999885559082,4734919,213656,19160,315344,1850678,554281,2513,15620,448767,3666173,1357049,1459494,1286830,124398,2394902
2025-12-09,31.459999084472656,105.75,630.0,252.8000030517578,39.5,235.8000030517578,16783.86328125,1010.0,202.60000610351562,8.447999954223633,92.4800033569336,80.0,64.0,494.0,8.555999755859375,31.479999542236328,105.94999694824219,630.0,253.60000610351562,39.779998779296875,236.0,16916.639228684442,1012.5,203.0,8.479999542236328,92.4800033569336,80.19999694824219,64.0,494.0,8.680000305175781,30.549999237060547,103.0,604.4000244140625,239.10000610351562,38.189998626708984,226.6999969482422,16282.265257608775,994.7999877929688,198.14999389648438,8.210000038146973,90.9000015258789,77.87999725341797,62.63999938964844,485.0,8.430000305175781,30.700000762939453,103.0999984741211,608.0,243.0,38.400001525878906,230.3000030517578,16641.252078450045,1009.5,198.5,8.404000282287598,91.4000015258789,78.0,62.91999816894531,485.0,8.510000228881836,8039453,319455,69501,320382,3729734,853893,4387,37623,538207,4513592,2177805,3187480,1745950,153269,2114345
2025-12-10,31.200000762939453,105.55000305175781,629.0,245.39999389648438,40.25,241.5,16537.982421875,1010.0,203.39999389648438,8.63599967956543,92.87000274658203,80.5,64.5,497.5,9.027999877929688,31.5,107.4000015258789,638.0,254.0,40.31999969482422,244.6999969482422,16906.80450978479,1014.5,204.1999969482422,8.847999572753906,93.13999938964844,80.5,64.58000183105469,501.6000061035156,9.199999809265137,30.950000762939453,104.9000015258789,623.5999755859375,245.10000610351562,38.900001525878906,236.39999389648438,16537.982421875,999.7999877929688,200.3000030517578,8.449999809265137,91.5,79.18000030517578,63.20000076293945,490.29998779296875,8.550000190734863,31.5,105.75,630.0,253.89999389648438,39.7400016784668,237.8000030517578,16788.781441653657,1011.5,202.10000610351562,8.5,92.5999984741211,79.9800033569336,64.0,494.29998779296875,8.557999610900879,2496256,471531,60115,184808,4080841,937410,4064,29379,838269,4667861,2575272,2206283,1491290,139898,2875414
2025-12-11,31.604999542236328,107.69999694824219,627.4000244140625,253.0,39.65999984741211,245.0,17162.51953125,1014.5,207.0,8.71399974822998,94.37999725341797,81.37999725341797,65.0999984741211,511.6000061035156,8.82800006866455,31.7450008392334,107.69999694824219,639.0,255.0,40.560001373291016,247.0,17177.27241336855,1017.5,207.1999969482422,8.862000465393066,94.75,82.0,65.44000244140625,514.0,9.130000114440918,31.09000015258789,104.8499984741211,622.7999877929688,242.6999969482422,39.52000045776367,239.39999389648438,16444.545934813752,1001.5,201.5,8.564000129699707,92.26000213623047,79.62000274658203,64.0199966430664,495.5,8.678000450134277,31.344999313354492,105.75,636.0,245.39999389648438,40.5,242.5,16710.097812947708,1011.0,203.1999969482422,8.696000099182129,92.87000274658203,80.5,64.4800033569336,499.0,9.020000457763672,4611669,548489,61312,248273,1859395,640729,4705,22419,772134,2531295,1710227,2629045,1530967,158276,2741446
2025-12-12,31.010000228881836,108.0,632.5999755859375,247.6999969482422,40.099998474121094,244.5,19788.533203125,1015.0,206.1999969482422,8.600000381469727,93.5999984741211,81.19999694824219,65.31999969482422,516.0,8.699999809265137,31.604999542236328,109.80000305175781,642.2000122070312,251.8000030517578,40.189998626708984,249.8000030517578,19945.89728426317,1028.0,209.8000030517578,8.880000114440918,94.69999694824219,82.77999877929688,65.91999816894531,524.4000244140625,8.96399974822998,30.985000610351562,107.0,627.4000244140625,244.60000610351562,39.5,244.1999969482422,17890.328974395812,1002.5,205.60000610351562,8.567999839782715,92.7300033569336,81.0999984741211,65.13999938964844,508.20001220703125,8.600000381469727,31.604999542236328,107.0,627.4000244140625,250.39999389648438,39.900001525878906,247.0,18195.221881601017,1017.5,207.0,8.800000190734863,94.66999816894531,82.0,65.13999938964844,508.20001220703125,8.82800006866455,4154020,415186,33932,256186,1473828,713484,28588,20505,594501,2583811,2004968,2444084,1360707,155389,1188282
2025-12-15,31.385000228881836,112.0,653.2000122070312,247.3000030517578,40.90999984741211,250.8000030517578,20113.09765625,1025.0,210.60000610351562,8.62600040435791,94.81999969482422,83.5,66.87999725341797,524.7999877929688,8.831999778747559,31.415000915527344,112.0999984741211,658.0,251.89999389648438,41.20000076293945,251.5,20949.09438034841,1025.0,212.5,8.744000434875488,95.0999984741211,84.16000366210938,66.94000244140625,529.0,8.890000343322754,30.84000015258789,106.8499984741211,630.7999877929688,245.1999969482422,39.869998931884766,244.0,19601.664366213325,993.5999755859375,204.10000610351562,8.428000450134277,93.5,80.5999984741211,65.18000030517578,511.6000061035156,8.520000457763672,31.110000610351562,107.30000305175781,636.0,247.60000610351562,39.95000076293945,245.1999969482422,19680.346410834354,1014.5,205.89999389648438,8.640000343322754,93.7300033569336,81.18000030517578,65.5,517.0,8.600000381469727,6484609,489206,47992,220805,2721465,883425,12634,69972,671712,3596576,2651188,3353897,2053671,179601,1844726
2025-12-16,30.850000381469727,109.9000015258789,650.0,244.60000610351562,40.36000061035156,253.6999969482422,20034.4140625,1020.0,208.60000610351562,8.54800033569336,91.9000015258789,82.81999969482422,66.86000061035156,522.7999877929688,8.628000259399414,31.21500015258789,111.3499984741211,655.0,247.3000030517578,41.09000015258789,254.8000030517578,20103.26084621993,1029.0,211.60000610351562,8.62399959564209,94.79000091552734,84.0,66.9800033569336,527.0,8.79800033569336,30.59000015258789,109.44999694824219,642.0,243.39999389648438,40.20000076293945,247.39999389648438,19636.086242406112,1009.0,207.89999389648438,8.468000411987305,91.9000015258789,82.58000183105469,66.13999938964844,518.4000244140625,8.538000106811523,31.200000762939453,111.0,655.0,246.89999389648438,41.09000015258789,249.0,19995.073043231467,1025.0,210.60000610351562,8.61400032043457,94.5199966430664,83.0,66.77999877929688,524.7999877929688,8.79800033569336,5592181,166799,50806,219579,1469775,754678,5093,30763,580800,3260846,2497153,2449717,1572001,136361,2110363
2025-12-17,30.44499969482422,108.5999984741211,627.0,240.3000030517578,40.5,259.6000061035156,20663.87109375,1011.5,203.8000030517578,9.020000457763672,92.33000183105469,82.54000091552734,66.91999816894531,523.7999877929688,9.15999984741211,30.920000076293945,110.5999984741211,652.2000122070312,247.5,40.79999923706055,264.79998779296875,20732.71787987863,1029.0,210.0,9.07800006866455,93.02999877929688,83.26000213623047,67.0999984741211,525.0,9.180000305175781,30.219999313354492,108.05000305175781,627.0,240.0,40.130001068115234,255.89999389648438,20063.9205289148,1005.0,201.60000610351562,8.460000038146973,91.5,82.16000366210938,66.45999908447266,514.4000244140625,8.5600004196167,30.899999618530273,109.9000015258789,650.4000244140625,247.0,40.400001525878906,256.0,20113.096804720968,1026.0,209.3000030517578,8.550000190734863,92.0999984741211,83.19999694824219,66.9800033569336,524.0,8.5600004196167,4098149,187053,38985,288205,1438179,1054661,9033,41441,1125796,5140382,2422771,2897855,1173974,114544,3648881
2025-12-18,30.53499984741211,108.55000305175781,644.7999877929688,242.6999969482422,40.790000915527344,256.29998779296875,20831.0703125,1023.5,205.0,8.675999641418457,92.3499984741211,83.73999786376953,66.86000061035156,520.4000244140625,8.666000366210938,30.7450008392334,108.8499984741211,644.7999877929688,242.89999389648438,40.97999954223633,260.29998779296875,20850.740822710104,1023.5,205.3000030517578,9.020000457763672,92.4000015258789,83.80000305175781,67.0,529.5999755859375,9.175999641418457,30.1200008392334,107.25,623.5999755859375,238.8000030517578,40.27000045776367,250.6999969482422,20408.154342982765,1000.5,201.39999389648438,8.649999618530273,91.30000305175781,82.22000122070312,66.19999694824219,512.5999755859375,8.628000259399414,30.360000610351562,108.0,628.5999755859375,241.1999969482422,40.650001525878906,259.79998779296875,20663.870975714115,1009.5,203.1999969482422,9.020000457763672,92.33000183105469,82.5199966430664,67.0,525.0,9.15999984741211,7142968,89996,23085,260940,1713285,832939,4109,49632,657418,5357738,2000802,2360360,1149168,107056,3552440
2025-12-19,30.895000457763672,112.0,648.0,242.0,40.54999923706055,261.0,20752.388671875,1056.5,208.10000610351562,8.569999694824219,93.16000366210938,84.13999938964844,67.91999816894531,538.7999877929688,8.739999771118164,31.0049991607666,112.0,653.7999877929688,247.6999969482422,41.29999923706055,263.20001220703125,21047.446330716826,1063.0,209.39999389648438,8.739999771118164,93.7300033569336,84.86000061035156,68.27999877929688,543.7999877929688,8.944000244140625,30.350000381469727,107.55000305175781,645.0,242.0,40.52000045776367,254.89999389648438,20496.672034212086,1020.0,204.6999969482422,8.522000312805176,92.01000213623047,83.22000122070312,66.63999938964844,519.5999755859375,8.65999984741211,30.53499984741211,109.30000305175781,650.0,243.39999389648438,40.790000915527344,256.20001220703125,20831.07071423282,1020.0,206.0,8.666000366210938,92.5,83.5199966430664,66.86000061035156,519.5999755859375,8.666000366210938,8029825,549237,75388,584907,4459864,1021184,8092,104303,1682019,8129619,4321072,4656500,4005838,264902,5232101
2025-12-22,30.959999084472656,111.80000305175781,640.7999877929688,245.8000030517578,40.790000915527344,272.3999938964844,20831.0703125,1058.0,205.5,8.640000343322754,94.87000274658203,84.81999969482422,67.9000015258789,544.0,8.869999885559082,30.959999084472656,112.94999694824219,645.4000244140625,248.1999969482422,41.310001373291016,273.0,21126.127965651558,1074.5,208.8000030517578,8.684000015258789,95.0999984741211,85.5,68.04000091552734,549.7999877929688,8.87399959564209,30.584999084472656,111.4000015258789,630.2000122070312,242.60000610351562,40.20000076293945,264.1000061035156,20663.870975714115,1052.5,204.5,8.539999961853027,92.9800033569336,83.73999786376953,67.30000305175781,535.2000122070312,8.668000221252441,30.905000686645508,112.0,633.0,242.60000610351562,40.810001373291016,265.1000061035156,20742.55301655453,1057.0,208.0,8.605999946594238,93.19999694824219,84.13999938964844,68.0,539.0,8.75,2097698,117626,27607,205808,1953687,763001,2479,13087,468293,2783473,1177823,1274574,902088,95558,2056365
2025-12-23,30.625,111.05000305175781,636.7999877929688,240.10000610351562,40.95000076293945,273.79998779296875,20427.82421875,1060.0,204.60000610351562,8.640000343322754,93.88999938964844,84.44000244140625,67.5,542.4000244140625,8.680000305175781,30.959999084472656,112.8499984741211,647.0,247.3000030517578,41.099998474121094,274.8999938964844,20939.25746832872,1074.5,207.8000030517578,8.699999809265137,95.11000061035156,85.41999816894531,68.4000015258789,549.7999877929688,8.89799976348877,30.600000381469727,110.30000305175781,632.0,240.10000610351562,40.5,269.6000061035156,20388.483199551636,1046.5,201.6999969482422,8.531999588012695,93.41000366210938,83.81999969482422,67.26000213623047,537.0,8.600000381469727,30.850000381469727,111.5999984741211,643.2000122070312,245.10000610351562,40.939998626708984,273.29998779296875,20831.06966553322,1058.0,205.8000030517578,8.642000198364258,95.0,84.86000061035156,68.0,549.7999877929688,8.857999801635742,2512406,84148,11821,209017,1457378,422083,1664,12953,326498,1919854,881092,1550374,750909,110269,1310126
2025-12-29,31.19499969482422,110.3499984741211,639.7999877929688,241.5,41.349998474121094,273.1000061035156,20457.330078125,1053.5,203.60000610351562,8.767999649047852,95.62000274658203,84.62000274658203,66.08000183105469,543.7999877929688,8.62399959564209,31.19499969482422,111.19999694824219,641.5999755859375,242.39999389648438,41.5,281.3999938964844,20644.199920184794,1075.0,205.60000610351562,8.770000457763672,95.62000274658203,85.27999877929688,67.45999908447266,549.2000122070312,8.788000106811523,30.399999618530273,109.05000305175781,632.7999877929688,238.6999969482422,40.68000030517578,270.0,20280.295490910456,1039.0,202.10000610351562,8.565999984741211,93.31999969482422,84.0,65.76000213623047,534.7999877929688,8.494000434875488,30.649999618530273,110.5999984741211,636.7999877929688,241.1999969482422,40.959999084472656,279.0,20427.82431358924,1073.5,204.5,8.630000114440918,93.88999938964844,84.45999908447266,67.45999908447266,545.0,8.680000305175781,3404640,70815,14013,115050,1331228,902674,1683,13511,500970,1513587,746448,1175655,825513,78321,3171602
2025-12-30,31.020000457763672,110.44999694824219,637.7999877929688,241.0,41.349998474121094,280.79998779296875,20467.166015625,1061.5,205.10000610351562,8.803999900817871,96.11000061035156,85.16000366210938,66.73999786376953,545.4000244140625,8.642000198364258,31.299999237060547,112.0999984741211,644.7999877929688,244.5,41.75,281.5,20654.035863917587,1075.0,205.8000030517578,8.84000015258789,96.58000183105469,86.22000122070312,67.27999877929688,552.7999877929688,8.652000427246094,30.885000228881836,110.05000305175781,633.4000244140625,240.5,40.97999954223633,274.6000061035156,20221.284636292647,1051.0,203.0,8.618000030517578,95.22000122070312,84.58000183105469,66.0999984741211,541.2000122070312,8.402000427246094,31.19499969482422,110.44999694824219,642.5999755859375,241.0,41.5,275.70001220703125,20457.330760451707,1053.5,203.8000030517578,8.767999649047852,95.63999938964844,84.9000015258789,66.0999984741211,543.2000122070312,8.600000381469727,1811023,102025,24231,205596,1312696,739521,2521,19392,502389,2444142,1240593,2245375,884368,86700,3556491
2026-01-02,31.2450008392334,114.0999984741211,641.5999755859375,241.6999969482422,41.0,283.5,20850.740234375,1099.0,211.1999969482422,9.100000381469727,101.30000305175781,87.95999908447266,68.5,560.2000122070312,9.039999961853027,31.565000534057617,114.44999694824219,656.5999755859375,247.0,42.099998474121094,286.0,20850.740234375,1100.5,211.8000030517578,9.13599967956543,101.37999725341797,88.76000213623047,68.80000305175781,565.5999755859375,9.0600004196167,30.850000381469727,110.5999984741211,629.7999877929688,240.0,40.70000076293945,281.5,20408.153767135907,1054.5,204.89999389648438,8.800000190734863,96.25,85.16000366210938,66.73999786376953,541.5999755859375,8.621999740600586,31.0,110.80000305175781,641.7999877929688,246.89999389648438,41.630001068115234,281.6000061035156,20467.16529610112,1072.5,205.10000610351562,8.815999984741211,96.77999877929688,85.16000366210938,67.0,545.0,8.642000198364258,2893610,245849,41040,224702,2614967,737439,2973,27470,758831,4711030,3073072,2312679,1260596,116461,2869931
2026-01-05,31.360000610351562,114.5,636.5999755859375,239.39999389648438,41.09000015258789,296.5,20988.43359375,1066.0,211.1999969482422,9.017999649047852,99.75,87.45999908447266,68.13999938964844,556.2000122070312,9.09000015258789,31.46500015258789,116.19999694824219,645.0,245.5,41.40999984741211,297.29998779296875,21057.28037685977,1109.5,213.39999389648438,9.229999542236328,101.58000183105469,88.55999755859375,69.19999694824219,564.4000244140625,9.279999732971191,30.915000915527344,113.6500015258789,633.4000244140625,238.10000610351562,40.779998779296875,286.5,20693.375951850983,1062.0,209.3000030517578,8.934000015258789,99.5999984741211,87.0,67.69999694824219,552.7999877929688,9.039999961853027,31.450000762939453,114.4000015258789,641.4000244140625,243.0,41.380001068115234,290.0,20860.575282260426,1098.5,211.1999969482422,9.149999618530273,100.31999969482422,88.0,68.55999755859375,561.7999877929688,9.039999961853027,4554493,184187,25388,245095,3176439,1290082,3486,25786,705379,3044120,2402948,4950744,1817222,208976,2389958
2026-01-07,32.80500030517578,115.30000305175781,686.2000122070312,246.10000610351562,42.369998931884766,294.3999938964844,21096.623046875,1100.0,213.0,9.336000442504883,99.62000274658203,86.66000366210938,71.58000183105469,569.2000122070312,9.505999565124512,32.900001525878906,116.4000015258789,687.0,246.10000610351562,42.52000045776367,309.0,21440.856989364802,1100.0,215.3000030517578,9.336000442504883,100.33999633789062,88.37999725341797,72.16000366210938,571.0,9.505999565124512,31.239999771118164,113.6500015258789,634.4000244140625,235.39999389648438,40.959999084472656,293.79998779296875,20919.588447880244,1062.5,208.1999969482422,9.079999923706055,98.19999694824219,85.22000122070312,69.54000091552734,556.0,9.100000381469727,31.360000610351562,115.75,637.2000122070312,240.6999969482422,41.09000015258789,300.0,21126.128813374125,1083.5,212.5,9.09000015258789,99.69999694824219,87.54000091552734,70.0,567.7999877929688,9.100000381469727,8183989,278158,59849,396896,3505339,1830009,5913,31981,1411662,4018862,3395047,4939312,4293828,123810,4070155
2026-01-08,32.15999984741211,113.80000305175781,676.0,235.0,41.439998626708984,280.29998779296875,20634.365234375,1056.0,210.89999389648438,9.065999984741211,92.58000183105469,86.4000015258789,71.19999694824219,567.2000122070312,9.1899995803833,32.8650016784668,115.4000015258789,688.0,246.8000030517578,42.66999816894531,290.0,21096.622224849558,1100.0,212.89999389648438,9.338000297546387,99.97000122070312,86.4000015258789,71.31999969482422,571.0,9.5,31.899999618530273,113.0999984741211,664.0,233.8000030517578,40.36000061035156,274.5,20260.62553994876,1050.5,208.89999389648438,9.008000373840332,92.58000183105469,85.22000122070312,70.4800033569336,557.7999877929688,9.043999671936035,32.79999923706055,115.4000015258789,686.0,246.10000610351562,42.65999984741211,290.0,21086.78696973308,1100.0,212.3000030517578,9.336000442504883,99.91999816894531,85.80000305175781,71.05999755859375,571.0,9.5,5629014,184090,64890,361725,6583648,1564216,3352,20914,534094,3625133,3152589,2703407,2052279,102339,2917679
2026-01-09,32.099998474121094,113.0999984741211,669.7999877929688,240.60000610351562,42.20000076293945,297.79998779296875,20821.234375,1048.5,210.6999969482422,9.3100004196167,96.19000244140625,87.37999725341797,70.0,556.2000122070312,9.600000381469727,32.314998626708984,114.69999694824219,681.2000122070312,240.8000030517578,42.220001220703125,297.79998779296875,20831.069629782713,1066.5,211.8000030517578,9.3100004196167,96.4000015258789,87.44000244140625,71.5,567.7999877929688,9.720000267028809,31.670000076293945,111.0,657.5999755859375,235.6999969482422,41.060001373291016,282.6000061035156,20467.16520282239,1036.0,207.39999389648438,8.989999771118164,92.5,85.04000091552734,69.72000122070312,549.5999755859375,9.180000305175781,32.2599983215332,114.4000015258789,677.2000122070312,238.0,41.459999084472656,285.20001220703125,20624.529279345774,1056.5,210.5,9.140000343322754,92.58000183105469,86.19999694824219,71.5,567.0,9.300000190734863,3512753,169235,50328,310964,2825857,1171564,2703,18743,558118,3345949,2012143,3556901,2160455,99989,2362446
2026-01-12,32.25,113.8499984741211,667.0,241.0,41.9900016784668,303.0,20142.6015625,1059.0,212.0,9.23799991607666,98.8499984741211,88.73999786376953,69.44000244140625,559.5999755859375,9.6899995803833,32.400001525878906,113.8499984741211,673.4000244140625,244.8000030517578,42.34000015258789,306.70001220703125,20821.234134674072,1064.0,212.0,9.319999694824219,98.87000274658203,89.08000183105469,70.30000305175781,559.5999755859375,9.710000038146973,32.0,111.3499984741211,660.7999877929688,239.3000030517578,41.45000076293945,296.3999938964844,19995.07274246216,1036.5,208.1999969482422,9.182000160217285,95.80000305175781,87.0999984741211,69.0,550.0,9.473999977111816,32.099998474121094,113.0999984741211,670.5999755859375,241.0,42.20000076293945,303.0,20801.563625335693,1060.5,210.6999969482422,9.3100004196167,96.44000244140625,87.66000366210938,70.0,556.2000122070312,9.600000381469727,2129872,141779,23245,171143,1651572,1023782,2701,15110,324809,2227434,1571116,2322581,1160520,73287,1198571
2026-01-13,32.27000045776367,113.55000305175781,671.0,253.5,42.18000030517578,308.70001220703125,20358.978515625,1044.5,211.0,9.17199993133545,97.97000122070312,87.0,69.0,550.4000244140625,9.567999839782715,32.650001525878906,114.8499984741211,679.0,254.8000030517578,42.36000061035156,308.70001220703125,20545.8483667346,1069.0,213.39999389648438,9.276000022888184,99.80000305175781,89.18000030517578,69.83999633789062,562.4000244140625,9.72599983215332,32.02000045776367,112.55000305175781,659.0,240.5,41.83000183105469,300.20001220703125,20044.250345335146,1031.5,208.5,9.105999946594238,97.48999786376953,86.69999694824219,68.13999938964844,543.2000122070312,9.465999603271484,32.369998931884766,114.0,670.0,241.0,41.9900016784668,303.0,20319.637494338767,1062.5,213.0,9.25,98.8499984741211,89.0999984741211,69.68000030517578,559.5999755859375,9.675999641418457,2635628,134804,29204,436848,2636635,930991,4820,16274,601296,3000353,2977325,5867228,1858092,93240,2495318
2026-01-14,31.209999084472656,111.1500015258789,698.0,254.1999969482422,40.099998474121094,315.8999938964844,20162.2734375,1019.5,209.10000610351562,9.27400016784668,98.36000061035156,86.86000061035156,69.0999984741211,542.7999877929688,9.708000183105469,32.459999084472656,113.94999694824219,716.7999877929688,255.1999969482422,42.16999816894531,317.70001220703125,20467.16635289634,1050.0,210.39999389648438,9.293999671936035,99.5199966430664,87.5,69.13999938964844,550.2000122070312,9.878000259399414,31.104999542236328,109.5999984741211,684.2000122070312,251.0,39.400001525878906,307.5,19975.40358612805,1001.5,204.60000610351562,9.083999633789062,97.22000122070312,85.76000213623047,67.27999877929688,530.4000244140625,9.456000328063965,32.459999084472656,113.94999694824219,685.0,253.5,42.0,310.0,20417.99007621951,1044.5,209.0,9.182000160217285,98.0,87.08000183105469,69.05999755859375,550.0,9.567999839782715,4338446,271209,76352,291694,8277283,1048256,4958,18157,982091,2712381,2762325,3541779,1825944,139345,1945992
2026-01-15,31.315000534057617,112.6500015258789,696.7999877929688,274.6000061035156,40.59000015258789,325.6000061035156,20250.791015625,1015.0,208.60000610351562,9.40999984741211,99.80000305175781,87.27999877929688,69.94000244140625,542.0,9.868000030517578,31.44499969482422,113.94999694824219,704.2000122070312,274.70001220703125,40.91999816894531,325.6000061035156,20339.308314867656,1029.0,213.0,9.40999984741211,99.80000305175781,88.19999694824219,70.0999984741211,548.0,9.878000259399414,30.864999771118164,110.75,688.0,253.1999969482422,40.099998474121094,304.6000061035156,19729.522475640482,1004.0,206.60000610351562,9.210000038146973,97.55000305175781,86.5,68.87999725341797,534.2000122070312,9.618000030517578,31.21500015258789,113.5,697.7999877929688,254.0,40.310001373291016,310.0,20172.10897185375,1019.5,210.8000030517578,9.279999732971191,98.30000305175781,86.86000061035156,69.5199966430664,542.5999755859375,9.6899995803833,2814794,246595,28473,595424,3469957,1514838,4796,18585,640870,2481255,2878289,2541070,1772347,110509,1674747
2026-01-16,31.325000762939453,111.4000015258789,689.0,280.6000061035156,40.529998779296875,310.70001220703125,19985.23828125,1013.0,208.3000030517578,9.15999984741211,99.62999725341797,86.69999694824219,69.9800033569336,541.4000244140625,9.508000373840332,31.895000457763672,113.19999694824219,699.0,283.0,41.060001373291016,323.79998779296875,20349.142718457802,1028.5,208.8000030517578,9.420000076293945,100.0,87.5,69.9800033569336,545.0,9.899999618530273,31.1200008392334,110.5999984741211,681.0,274.0,40.20000076293945,310.5,19818.038945235607,1002.0,206.10000610351562,9.100000381469727,98.73999786376953,86.27999877929688,69.18000030517578,537.2000122070312,9.489999771118164,31.329999923706055,112.6500015258789,697.0,274.5,40.790000915527344,320.3999938964844,20250.790167861098,1020.0,208.60000610351562,9.40999984741211,99.72000122070312,87.5,69.95999908447266,545.0,9.868000030517578,3781543,134017,20689,671297,3855111,1268099,4634,17210,835200,5369266,1936443,2559531,1706729,74908,2114133
2026-01-19,30.8799991607666,110.9000015258789,676.4000244140625,276.70001220703125,40.459999084472656,319.8999938964844,19326.275390625,1006.5,206.3000030517578,9.156000137329102,97.91000366210938,87.0,69.80000305175781,540.7999877929688,9.628000259399414,32.03499984741211,111.69999694824219,687.0,280.1000061035156,40.59000015258789,321.0,19945.896433683207,1014.5,207.89999389648438,9.284000396728516,99.52999877929688,87.18000030517578,70.05999755859375,543.2000122070312,9.819999694824219,30.670000076293945,109.8499984741211,668.2000122070312,275.0,40.150001525878906,312.70001220703125,19262.346235388835,996.2000122070312,204.1999969482422,9.050000190734863,97.33000183105469,85.4000015258789,69.05999755859375,532.2000122070312,9.413999557495117,31.020000457763672,110.4000015258789,687.0,277.0,40.349998474121094,320.0,19936.06117903149,1010.0,205.8000030517578,9.1899995803833,99.52999877929688,85.9800033569336,69.30000305175781,535.5999755859375,9.5,4857931,355105,26422,285026,2530962,753914,4636,12057,633570,1504634,1825029,2552261,1429779,96734,1142025
2026-01-20,30.844999313354492,111.69999694824219,675.7999877929688,270.29998779296875,40.11000061035156,319.8999938964844,19567.240234375,1004.5,207.6999969482422,8.887999534606934,97.54000091552734,87.33999633789062,69.55999755859375,544.0,9.473999977111816,31.049999237060547,111.69999694824219,678.0,276.20001220703125,40.650001525878906,319.8999938964844,19567.240234375,1015.0,207.6999969482422,9.15999984741211,98.0999984741211,87.33999633789062,69.94000244140625,544.5999755859375,9.628000259399414,30.219999313354492,109.1500015258789,655.2000122070312,265.0,40.0,312.5,18785.33744541656,988.0,203.5,8.779999732971191,96.08999633789062,85.80000305175781,68.72000122070312,531.5999755859375,9.3100004196167,31.0,111.4000015258789,673.2000122070312,276.0,40.5,319.8999938964844,19375.452757838026,1012.0,207.5,9.149999618530273,97.69999694824219,86.91999816894531,69.91999816894531,540.0,9.628000259399414,3540063,193664,26115,278724,2416494,796615,4590,13909,478553,5158174,1504473,3058554,1595701,76146,1750819
2026-01-21,29.954999923706055,112.75,677.0,265.0,39.689998626708984,319.8999938964844,19749.19140625,990.2000122070312,207.1999969482422,8.98799991607666,98.93000030517578,87.33999633789062,68.9000015258789,544.2000122070312,9.666000366210938,30.844999313354492,113.0,680.0,273.0,40.290000915527344,325.3999938964844,19749.19140625,1009.0,208.10000610351562,9.013999938964844,98.95999908447266,87.41999816894531,69.87999725341797,547.5999755859375,9.71399974822998,29.459999084472656,110.4000015258789,665.2000122070312,263.0,39.29999923706055,318.20001220703125,19277.0991813994,985.0,203.6999969482422,8.84000015258789,96.45999908447266,85.72000122070312,68.22000122070312,536.7999877929688,9.36400032043457,30.844999313354492,111.69999694824219,677.7999877929688,271.20001220703125,40.20000076293945,319.8999938964844,19670.5093687749,1004.0,207.8000030517578,8.899999618530273,98.2699966430664,87.30000305175781,69.69999694824219,544.0,9.36400032043457,7067766,139522,18252,332659,3668855,942023,4016,19903,568547,2545904,2208598,2620766,1271381,49444,2200148
2026-01-22,30.545000076293945,114.4000015258789,690.0,270.0,40.25,313.5,19995.07421875,1024.5,215.5,9.324000358581543,104.9800033569336,90.16000366210938,70.05999755859375,560.0,9.96399974822998,30.719999313354492,114.80000305175781,695.0,271.0,40.29999923706055,323.3999938964844,20073.756261912815,1024.5,215.5,9.324000358581543,104.9800033569336,90.5,70.80000305175781,560.2000122070312,9.982000350952148,30.135000228881836,113.0,677.0,265.79998779296875,39.70000076293945,307.20001220703125,19768.86334465691,998.0,208.1999969482422,8.916000366210938,99.2699966430664,87.54000091552734,69.19999694824219,543.5999755859375,9.612000465393066,30.200000762939453,113.0999984741211,677.0,267.0,39.86000061035156,322.0,19768.86334465691,1005.0,208.3000030517578,9.010000228881836,99.4000015258789,87.55999755859375,69.30000305175781,547.0,9.6899995803833,3490274,244309,42553,345518,2488634,1353112,4220,34177,839721,4348387,5555995,3641241,1990139,108059,3110569
2026-01-23,30.165000915527344,113.5999984741211,690.0,269.6000061035156,38.59000015258789,328.29998779296875,19350.865234375,1002.5,208.5,9.279999732971191,103.18000030517578,88.30000305175781,68.83999633789062,546.7999877929688,9.899999618530273,30.6299991607666,115.3499984741211,695.0,270.0,40.119998931884766,328.29998779296875,20063.92125952986,1028.0,215.8000030517578,9.35200023651123,104.5199966430664,90.0,70.19999694824219,562.2000122070312,9.96399974822998,29.989999771118164,113.55000305175781,686.2000122070312,267.20001220703125,38.400001525878906,314.5,19085.31333535181,1001.0,208.3000030517578,9.178000450134277,102.5199966430664,88.12000274658203,68.80000305175781,546.7999877929688,9.720000267028809,30.600000381469727,114.5,692.0,270.0,40.0,318.0,20063.92125952986,1026.0,215.8000030517578,9.329999923706055,104.5,90.0,70.13999938964844,562.2000122070312,9.961999893188477,4610920,116793,26292,175918,6021057,1270872,7338,23136,549800,1883992,1946357,1630692,1125690,51417,849984
2026-01-26,29.94499969482422,115.0,683.7999877929688,266.3999938964844,38.900001525878906,355.79998779296875,19808.203125,1012.5,214.5,9.454000473022461,102.73999786376953,90.5999984741211,68.80000305175781,558.0,10.390000343322754,30.520000457763672,115.25,691.5999755859375,270.0,39.25,357.6000061035156,20044.24923969712,1019.5,215.60000610351562,9.600000381469727,104.5,90.91999816894531,69.0,559.4000244140625,10.479999542236328,29.739999771118164,113.4000015258789,676.4000244140625,264.1000061035156,38.459999084472656,331.1000061035156,19227.923093036246,996.0,208.39999389648438,9.163999557495117,102.30000305175781,88.0,67.95999908447266,541.2000122070312,9.800000190734863,30.0,113.5999984741211,689.7999877929688,270.0,38.900001525878906,332.0,19286.934621710527,998.0,209.39999389648438,9.300000190734863,103.9000015258789,88.30000305175781,68.83999633789062,546.7999877929688,9.842000007629395,2285915,152666,13594,144897,3638178,1600608,4713,18496,618629,3508675,1617624,2349972,1523347,68331,3517759
2026-01-27,30.405000686645508,115.9000015258789,690.0,265.79998779296875,38.189998626708984,332.0,19867.21484375,1031.5,218.3000030517578,9.444000244140625,103.9800033569336,92.76000213623047,70.0,570.2000122070312,10.404999732971191,30.520000457763672,116.69999694824219,698.0,268.5,39.0099983215332,358.5,19995.073157100866,1049.0,220.0,9.539999961853027,104.72000122070312,93.5,70.58000183105469,574.5999755859375,10.489999771118164,29.729999542236328,114.0,681.4000244140625,262.3999938964844,37.95000076293945,331.0,19586.910079865407,1000.5,213.39999389648438,9.319999694824219,102.22000122070312,89.87999725341797,68.36000061035156,558.0,10.234999656677246,30.014999389648438,115.0,691.0,268.1000061035156,39.0,358.20001220703125,19916.391118115716,1011.0,214.39999389648438,9.5,103.0,90.5999984741211,68.94000244140625,560.0,10.350000381469727,3768967,288631,34329,237194,3637413,1989651,4487,45392,654838,2801851,2523425,3826653,2174930,161937,1923820
2026-01-28,30.420000076293945,115.5,678.4000244140625,285.6000061035156,38.72999954223633,352.70001220703125,19798.369140625,1017.0,216.39999389648438,9.446000099182129,104.95999908447266,92.4000015258789,69.62000274658203,565.2000122070312,10.46500015258789,30.760000228881836,116.5999984741211,693.0,286.0,38.79999923706055,355.0,19955.733227187346,1038.0,220.0,9.583999633789062,105.0999984741211,93.41999816894531,70.5999984741211,573.4000244140625,10.539999961853027,30.049999237060547,114.5,666.5999755859375,265.29998779296875,38.060001373291016,342.29998779296875,19616.416915537287,1009.5,215.3000030517578,9.331999778747559,103.5199966430664,92.12000274658203,69.31999969482422,559.5999755859375,10.300000190734863,30.600000381469727,116.5,690.0,266.0,38.20000076293945,344.0,19945.897971777198,1032.0,220.0,9.513999938964844,104.9000015258789,93.0,70.54000091552734,573.0,10.449999809265137,2759180,154777,36730,535307,1833227,1479203,4425,21029,411999,2363832,1932410,2972772,2145061,72135,2331870
2026-01-29,30.104999542236328,114.19999694824219,680.4000244140625,282.3999938964844,37.81999969482422,371.8999938964844,19375.453125,1004.0,212.8000030517578,9.53600025177002,106.4800033569336,90.81999969482422,69.33999633789062,553.5999755859375,10.510000228881836,30.700000762939453,116.94999694824219,690.0,294.0,38.83000183105469,396.3999938964844,19798.369106916245,1032.0,218.89999389648438,9.850000381469727,108.95999908447266,93.30000305175781,70.27999877929688,568.0,10.789999961853027,30.059999465942383,113.4000015258789,666.2000122070312,280.1000061035156,37.81999969482422,366.6000061035156,19336.112103426396,998.0,212.8000030517578,9.460000038146973,104.58000183105469,90.81999969482422,69.0,549.5999755859375,10.319999694824219,30.639999389648438,115.0,680.0,286.0,38.83000183105469,377.0,19798.369106916245,1022.0,216.60000610351562,9.529999732971191,105.0999984741211,92.4000015258789,70.0,559.2000122070312,10.46500015258789,1835322,234889,27608,518549,2172417,3422027,6457,34263,442860,5161446,2931843,2307735,1600824,96513,2689371
2026-01-30,29.219999313354492,116.0999984741211,688.7999877929688,259.79998779296875,37.56999969482422,332.1000061035156,19326.275390625,1038.0,216.8000030517578,10.039999961853027,107.95999908447266,92.58000183105469,70.08000183105469,559.2000122070312,10.989999771118164,30.100000381469727,116.5,692.0,284.0,38.20000076293945,362.0,19572.15675691794,1044.5,218.6999969482422,10.104999542236328,108.69999694824219,93.33999633789062,70.5199966430664,562.4000244140625,11.050000190734863,29.21500015258789,114.05000305175781,671.4000244140625,257.6000061035156,37.5,332.1000061035156,19247.59335341126,1003.0,212.8000030517578,9.470000267028809,105.26000213623047,90.62000274658203,68.94000244140625,550.7999877929688,10.430000305175781,30.100000381469727,114.5,684.0,282.3999938964844,37.84000015258789,360.0,19468.886583074906,1014.0,213.3000030517578,9.550000190734863,105.80000305175781,90.86000061035156,69.04000091552734,551.2000122070312,10.479999542236328,5907554,242395,32933,831187,3340377,3788768,6670,45540,566916,5049617,2793690,3530896,2022235,123069,5789561
2026-02-02,29.71500015258789,118.0999984741211,700.0,259.70001220703125,37.619998931884766,312.20001220703125,19522.982421875,1055.0,221.39999389648438,10.010000228881836,107.23999786376953,93.5,70.62000274658203,574.2000122070312,11.345000267028809,29.80500030517578,118.0999984741211,700.7999877929688,263.79998779296875,37.70000076293945,320.20001220703125,19601.66446690019,1057.5,221.39999389648438,10.154999732971191,108.4000015258789,93.63999938964844,70.80000305175781,574.2000122070312,11.395000457763672,28.924999237060547,115.0999984741211,675.0,254.3000030517578,37.099998474121094,280.6000061035156,19129.572196749057,1015.0,213.6999969482422,9.779999732971191,103.62000274658203,90.0,68.86000061035156,553.2000122070312,10.65999984741211,29.139999389648438,116.0,687.7999877929688,261.0,37.54999923706055,282.5,19326.277309312027,1038.0,214.39999389648438,9.812000274658203,105.5199966430664,91.18000030517578,69.30000305175781,559.2000122070312,10.75,2715813,283299,33412,625964,3084262,3235760,3650,30431,665269,2903362,2849022,10776976,931469,75978,4495881
2026-02-03,29.135000228881836,126.80000305175781,707.0,250.6999969482422,37.9900016784668,340.0,19936.0625,1083.0,232.0,10.119999885559082,106.0999984741211,96.5,72.12000274658203,603.4000244140625,11.479999542236328,29.96500015258789,127.0999984741211,709.0,264.79998779296875,38.040000915527344,341.0,19985.23877651702,1090.0,232.89999389648438,10.279999732971191,108.22000122070312,97.0999984741211,72.12000274658203,603.4000244140625,11.600000381469727,28.889999389648438,118.1500015258789,691.2000122070312,246.89999389648438,37.5,325.5,19395.123458312777,1053.5,221.89999389648438,10.03499984741211,104.68000030517578,94.27999877929688,70.19999694824219,570.7999877929688,11.220000267028809,29.889999389648438,118.44999694824219,705.0,264.70001220703125,37.81999969482422,340.0,19636.087213246177,1070.0,223.0,10.199999809265137,108.0,95.0,71.26000213623047,570.7999877929688,11.279999732971191,3410562,745556,58485,955386,4457662,2281890,8331,59319,1162147,3291999,4315862,6174262,1897078,159567,3180140
2026-02-04,28.899999618530273,126.6500015258789,714.0,251.89999389648438,39.810001373291016,333.8999938964844,19985.23828125,1075.0,233.39999389648438,10.135000228881836,110.5199966430664,96.0999984741211,71.72000122070312,602.5999755859375,11.520000457763672,29.225000381469727,127.5999984741211,717.0,262.70001220703125,39.810001373291016,345.5,20014.744046429012,1083.0,234.3000030517578,10.260000228881836,110.66000366210938,96.94000244140625,72.72000122070312,613.5999755859375,11.614999771118164,28.799999237060547,124.1500015258789,705.5999755859375,249.8000030517578,38.41999816894531,331.0,19641.00435416154,1063.0,228.5,10.055000305175781,107.0199966430664,95.31999969482422,71.22000122070312,592.5999755859375,11.364999771118164,29.100000381469727,126.69999694824219,708.0,255.0,38.709999084472656,343.79998779296875,19945.89726101132,1083.0,234.0,10.119999885559082,107.4000015258789,96.80000305175781,72.30000305175781,599.5999755859375,11.5,4204077,207116,38363,886534,5437425,1563723,3541,21082,588832,2521411,2453732,2133426,1438639,130329,3124019
2026-02-05,28.770000457763672,124.69999694824219,708.4000244140625,249.0,38.54999923706055,310.20001220703125,20181.943359375,1053.5,228.1999969482422,9.895999908447266,107.0,92.94000244140625,70.91999816894531,583.2000122070312,11.399999618530273,29.084999084472656,129.60000610351562,718.0,255.5,39.81999969482422,323.29998779296875,20309.801675004568,1096.5,236.10000610351562,10.119999885559082,109.76000213623047,96.80000305175781,71.86000061035156,605.5999755859375,11.520000457763672,28.55500030517578,124.0999984741211,701.7999877929688,248.89999389648438,38.27000045776367,308.0,19798.368412486296,1050.5,226.0,9.859999656677246,106.37999725341797,92.5199966430664,70.36000061035156,582.0,11.210000038146973,28.899999618530273,125.5,712.0,252.89999389648438,39.79999923706055,320.0,19818.03892258315,1079.5,233.0,10.119999885559082,108.9000015258789,95.68000030517578,71.77999877929688,599.7999877929688,11.399999618530273,4315779,567890,36251,574266,3174187,1991802,3766,19405,845892,3128239,2310538,2454549,1846238,70098,3010524
2026-02-06,28.684999465942383,123.44999694824219,697.7999877929688,240.0,39.189998626708984,311.0,20250.791015625,1064.0,230.1999969482422,9.85200023651123,110.73999786376953,93.16000366210938,71.41999816894531,580.0,11.289999961853027,28.959999084472656,125.69999694824219,706.5999755859375,247.0,39.189998626708984,315.1000061035156,20309.802548453437,1073.0,231.1999969482422,9.944000244140625,111.0,93.68000030517578,71.69999694824219,593.2000122070312,11.520000457763672,28.389999389648438,122.5999984741211,690.4000244140625,240.0,38.2599983215332,304.1000061035156,20034.41539525407,1050.0,226.89999389648438,9.630000114440918,106.95999908447266,92.27999877929688,70.58000183105469,578.4000244140625,11.199999809265137,28.774999618530273,123.80000305175781,702.4000244140625,245.0,38.599998474121094,305.0,20034.41539525407,1050.0,228.1999969482422,9.699999809265137,106.9800033569336,92.94000244140625,70.80000305175781,581.5999755859375,11.199999809265137,4656476,233109,59973,726737,1868831,1314870,2982,11400,651825,2052976,1569871,2525350,737925,96738,3892545
2026-02-09,28.989999771118164,126.0,743.5999755859375,248.8000030517578,39.220001220703125,321.20001220703125,20555.68359375,1084.5,232.0,9.720000267028809,110.05999755859375,93.81999969482422,71.36000061035156,587.7999877929688,11.104999542236328,29.614999771118164,126.5,747.0,251.0,39.59000015258789,321.20001220703125,20811.400231758373,1086.5,233.1999969482422,9.989999771118164,111.4000015258789,95.0,71.9800033569336,589.5999755859375,11.3100004196167,28.625,124.3499984741211,698.7999877929688,242.8000030517578,39.0,307.5,20250.790679201556,1070.5,229.8000030517578,9.619999885559082,109.30000305175781,92.54000091552734,70.87999725341797,580.5999755859375,10.930000305175781,28.920000076293945,124.9000015258789,700.0,246.1999969482422,39.4900016784668,315.0,20260.62593450957,1077.0,232.8000030517578,9.930000305175781,110.0,94.54000091552734,71.63999938964844,586.4000244140625,11.210000038146973,2719268,170527,67183,536058,1243329,1194728,4869,16852,368360,2984260,1326771,1756213,907102,71063,2464004
2026-02-10,29.290000915527344,125.25,745.0,247.39999389648438,38.5,304.6000061035156,20368.8125,1070.0,231.39999389648438,9.930000305175781,109.16000366210938,92.55999755859375,70.69999694824219,590.0,11.390000343322754,29.600000381469727,126.25,759.7999877929688,252.0,39.41999816894531,319.0,20732.716924191212,1094.0,234.1999969482422,10.010000228881836,111.0,94.33999633789062,71.36000061035156,594.2000122070312,11.524999618530273,28.885000228881836,125.05000305175781,735.5999755859375,245.1999969482422,37.900001525878906,302.0,20103.260622887494,1070.0,231.1999969482422,9.6899995803833,108.69999694824219,92.55999755859375,70.66000366210938,584.4000244140625,10.9350004196167,29.200000762939453,126.0,743.5999755859375,251.5,39.31999969482422,319.0,20604.858612988894,1084.5,233.5,9.779999732971191,110.0,94.33999633789062,71.36000061035156,589.7999877929688,11.050000190734863,2748108,165424,33880,562839,2140770,1039999,2560,19207,378486,2580191,1276635,2384140,1446878,97980,5506404
2026-02-11,29.334999084472656,124.30000305175781,745.0,241.1999969482422,38.70000076293945,320.0,20477.001953125,1050.0,230.3000030517578,10.265000343322754,111.9000015258789,91.94000244140625,69.86000061035156,593.0,11.3100004196167,29.69499969482422,125.9000015258789,755.7999877929688,252.89999389648438,39.099998474121094,324.5,20604.860274638268,1079.0,231.8000030517578,10.319999694824219,112.18000030517578,92.9800033569336,70.86000061035156,596.4000244140625,11.460000038146973,28.81999969482422,123.1500015258789,737.5999755859375,241.0,37.900001525878906,307.0,20073.756477583152,1041.5,225.6999969482422,9.734000205993652,108.19999694824219,91.19999694824219,69.4000015258789,582.5999755859375,11.020000457763672,29.440000534057617,125.3499984741211,745.0,250.0,38.5,307.0,20368.814142613774,1070.0,231.3000030517578,9.899999618530273,109.5,92.69999694824219,70.69999694824219,589.0,11.385000228881836,4141176,263449,33290,423264,1776771,1219854,2293,23252,465095,4164041,1616104,2488425,1848135,99497,3513264
2026-02-12,29.885000228881836,124.30000305175781,757.5999755859375,244.0,38.150001525878906,322.3999938964844,20417.990234375,1062.5,229.8000030517578,10.125,110.4800033569336,92.0,69.18000030517578,606.0,11.289999961853027,30.200000762939453,125.30000305175781,761.0,249.0,38.7400016784668,327.0,20575.354320959777,1070.5,234.39999389648438,10.28499984741211,112.4000015258789,92.94000244140625,70.4000015258789,611.5999755859375,11.399999618530273,29.155000686645508,123.69999694824219,750.4000244140625,242.5,37.880001068115234,319.5,20309.802424847963,1043.5,229.8000030517578,10.015000343322754,109.80000305175781,91.66000366210938,68.94000244140625,597.0,11.119999885559082,29.360000610351562,124.0,753.0,243.5,38.70000076293945,320.29998779296875,20319.637680259515,1043.5,231.0,10.220000267028809,111.9000015258789,92.0,70.31999969482422,597.2000122070312,11.300000190734863,4021573,219191,32923,319974,2212501,640197,1768,16133,574869,3372676,1061861,2646515,1533531,120620,2239294
2026-02-13,29.170000076293945,119.3499984741211,761.0,240.6999969482422,39.5,317.3999938964844,20545.84765625,1012.0,222.10000610351562,10.09000015258789,108.36000061035156,89.33999633789062,68.45999908447266,587.0,11.03499984741211,29.885000228881836,123.0,761.0,244.5,39.5,318.70001220703125,20565.518166212903,1051.0,229.39999389648438,10.225000381469727,110.05999755859375,91.95999908447266,69.69999694824219,608.5999755859375,11.375,29.170000076293945,118.69999694824219,742.2000122070312,238.6999969482422,37.900001525878906,309.1000061035156,20142.602202010534,1010.5,221.5,9.930000305175781,107.23999786376953,88.54000091552734,67.9000015258789,586.4000244140625,10.774999618530273,29.885000228881836,123.0,756.0,244.0,38.13999938964844,313.20001220703125,20309.80153669519,1050.5,229.0,10.050000190734863,110.0,91.95999908447266,69.5199966430664,601.2000122070312,11.350000381469727,4815065,426692,31701,521334,3155256,1192333,2097,30172,781051,2962322,1520067,3722272,2085637,201878,4068784
2026-02-16,29.399999618530273,119.3499984741211,759.7999877929688,242.89999389648438,39.81999969482422,305.0,20545.84765625,1022.5,224.1999969482422,10.25,109.04000091552734,89.4000015258789,68.66000366210938,598.0,11.350000381469727,29.739999771118164,120.5,765.5999755859375,244.8000030517578,39.91999816894531,314.8999938964844,20545.84765625,1036.0,225.60000610351562,10.4399995803833,109.55999755859375,90.13999938964844,68.77999877929688,602.2000122070312,11.350000381469727,29.15999984741211,119.0,754.2000122070312,241.1999969482422,39.13999938964844,304.5,20368.813066583894,1019.0,223.0,10.100000381469727,107.94000244140625,88.81999969482422,68.30000305175781,587.4000244140625,10.920000076293945,29.200000762939453,120.0,761.0,244.5,39.5,312.29998779296875,20447.495106435497,1035.5,224.10000610351562,10.199999809265137,108.0,89.80000305175781,68.72000122070312,590.0,11.029999732971191,1409599,267018,22376,130770,1691858,866047,1427,23093,314949,2013242,615560,1569994,639479,58260,1765546
2026-02-17,28.885000228881836,119.8499984741211,742.2000122070312,244.0,39.77000045776367,285.29998779296875,20132.767578125,1028.5,224.3000030517578,10.21500015258789,106.45999908447266,89.19999694824219,68.5199966430664,600.7999877929688,11.399999618530273,29.65999984741211,120.05000305175781,755.2000122070312,245.0,40.15999984741211,301.20001220703125,20536.013045004885,1030.0,224.6999969482422,10.289999961853027,108.80000305175781,89.19999694824219,68.77999877929688,604.0,11.399999618530273,28.885000228881836,117.5,737.4000244140625,239.60000610351562,39.02000045776367,281.1000061035156,19995.074004068454,1012.0,221.1999969482422,10.119999885559082,105.87999725341797,87.81999969482422,67.95999908447266,590.0,11.119999885559082,29.65999984741211,119.3499984741211,754.7999877929688,243.5,39.099998474121094,301.20001220703125,20378.64896036883,1028.0,224.1999969482422,10.25,108.80000305175781,89.0,68.76000213623047,592.2000122070312,11.350000381469727,2246070,176184,20516,262963,3085511,1408400,2662,8918,475434,1356844,1323204,2332573,1396214,86857,1251507
2026-02-18,29.0,121.30000305175781,745.0,243.0,39.84000015258789,302.20001220703125,20319.63671875,1046.5,228.10000610351562,10.444999694824219,108.19999694824219,89.54000091552734,69.0999984741211,610.0,11.5,29.229999542236328,121.30000305175781,756.4000244140625,250.5,40.06999969482422,302.20001220703125,20398.318758319216,1051.5,228.8000030517578,10.529999732971191,108.41999816894531,90.5,69.13999938964844,614.7999877929688,11.5,28.655000686645508,119.4000015258789,742.4000244140625,241.0,39.31999969482422,290.3999938964844,20054.084835203896,1027.0,225.1999969482422,10.204999923706055,106.68000030517578,89.30000305175781,68.4800033569336,600.7999877929688,11.300000190734863,29.200000762939453,120.75,744.5999755859375,246.39999389648438,39.779998779296875,294.29998779296875,20368.81299348076,1029.0,228.8000030517578,10.21500015258789,106.94000244140625,90.4000015258789,68.94000244140625,600.7999877929688,11.399999618530273,4144840,168983,22011,233625,998899,1204024,1974,11900,756760,3139936,966633,1866558,1063924,56780,3225208
2026-02-19,28.649999618530273,122.0999984741211,747.0,242.0,39.310001373291016,299.0,19778.697265625,1044.5,232.1999969482422,10.170000076293945,111.5,90.68000030517578,69.0,601.5999755859375,11.244999885559082,29.209999084472656,123.6500015258789,751.0,245.0,39.849998474121094,305.0,20388.483058995836,1061.0,237.0,10.579999923706055,111.81999969482422,90.9800033569336,69.9800033569336,616.7999877929688,11.475000381469727,28.520000457763672,120.5999984741211,733.0,241.8000030517578,39.150001525878906,291.29998779296875,19680.344718307126,1035.5,228.0,10.135000228881836,109.5199966430664,89.58000183105469,68.4000015258789,598.7999877929688,11.145000457763672,29.165000915527344,121.30000305175781,748.5999755859375,244.39999389648438,39.84000015258789,303.6000061035156,20299.965766409747,1050.0,230.0,10.550000190734863,110.94000244140625,90.0,69.31999969482422,607.0,11.4399995803833,4678515,120102,24881,176013,1301460,660959,3086,12177,1287425,3329273,2163390,2607106,1376725,47514,1815163
2026-02-20,27.670000076293945,122.44999694824219,759.5999755859375,244.3000030517578,39.790000915527344,305.5,19636.0859375,1052.0,232.39999389648438,10.21500015258789,109.94000244140625,91.4000015258789,69.45999908447266,605.5999755859375,11.09000015258789,28.709999084472656,123.0,764.2000122070312,245.89999389648438,40.0099983215332,305.5,19896.720186106937,1055.0,233.0,10.494999885559082,111.69999694824219,91.4000015258789,69.58000183105469,607.0,11.40999984741211,27.549999237060547,120.69999694824219,747.0,241.1999969482422,39.20000076293945,296.3999938964844,19444.298471543952,1035.5,230.0,10.079999923706055,109.16000366210938,89.76000213623047,68.5999984741211,597.4000244140625,10.869999885559082,28.649999618530273,121.0,747.0,242.0,39.400001525878906,297.0,19877.04967677811,1048.0,232.1999969482422,10.170000076293945,111.5,90.5,69.04000091552734,600.5999755859375,11.260000228881836,7940543,133634,27758,155610,2109693,855865,4516,25375,318277,2603419,1226962,1466051,1110996,46135,2369677
2026-02-23,28.19499969482422,123.69999694824219,776.2000122070312,242.1999969482422,41.41999816894531,315.70001220703125,19975.40234375,1064.5,233.89999389648438,10.3149995803833,113.0,92.9000015258789,70.0199966430664,612.2000122070312,11.005000114440918,28.479999542236328,124.80000305175781,778.2000122070312,245.0,41.47999954223633,317.3999938964844,20103.26065515756,1080.0,236.89999389648438,10.350000381469727,113.33999633789062,93.62000274658203,70.0999984741211,619.5999755859375,11.104999542236328,27.700000762939453,122.25,763.0,240.8000030517578,39.709999084472656,302.8999938964844,19572.156900080012,1044.0,231.60000610351562,10.145000457763672,109.58000183105469,91.30000305175781,69.30000305175781,603.7999877929688,10.819999694824219,27.795000076293945,122.44999694824219,765.0,245.0,39.88999938964844,307.5,19650.838937869277,1052.5,232.39999389648438,10.220000267028809,111.04000091552734,91.4000015258789,69.5,603.7999877929688,11.09000015258789,8433678,222033,41948,231296,4030527,1198741,2641,33568,633921,2317986,1761398,2561809,2324161,98097,2415380
2026-02-24,28.299999237060547,121.5999984741211,776.0,240.0,41.33000183105469,321.8999938964844,20162.2734375,1041.0,229.89999389648438,10.335000038146973,113.36000061035156,91.58000183105469,68.44000244140625,599.2000122070312,11.055000305175781,28.309999465942383,126.0,780.0,243.10000610351562,41.529998779296875,321.8999938964844,20181.94394817073,1079.5,235.1999969482422,10.399999618530273,113.69999694824219,93.08000183105469,70.19999694824219,615.2000122070312,11.0649995803833,27.719999313354492,120.0999984741211,770.5999755859375,239.3000030517578,40.540000915527344,312.5,19798.36899009146,1028.5,227.0,10.180000305175781,111.81999969482422,90.44000244140625,67.72000122070312,589.7999877929688,10.664999961853027,28.299999237060547,125.4000015258789,778.7999877929688,242.1999969482422,41.5,320.0,20024.579862804876,1079.5,234.0,10.319999694824219,113.0,93.05999755859375,70.0199966430664,612.4000244140625,10.994999885559082,4628290,311543,25932,256229,2846843,1086517,1997,17828,648315,3376466,1383733,2355890,2153873,98460,3499738
2026-02-25,28.184999465942383,121.75,797.0,249.0,40.470001220703125,342.0,20260.625,1060.0,233.39999389648438,10.300000190734863,115.0999984741211,93.58000183105469,69.9000015258789,605.0,11.265000343322754,28.434999465942383,123.5,799.5999755859375,250.8000030517578,41.369998931884766,342.8999938964844,20349.14229368932,1060.0,234.6999969482422,10.399999618530273,115.0999984741211,93.9800033569336,69.9000015258789,609.4000244140625,11.265000343322754,28.05500030517578,120.55000305175781,778.4000244140625,240.0,40.27000045776367,328.0,19926.226334951458,1041.0,229.8000030517578,10.220000267028809,113.22000122070312,91.77999877929688,68.80000305175781,597.2000122070312,11.0,28.299999237060547,122.3499984741211,778.4000244140625,240.0,41.33000183105469,328.0,20054.08464805825,1042.0,231.1999969482422,10.335000038146973,113.80000305175781,92.86000061035156,69.12000274658203,605.5999755859375,11.0,3460616,260624,32378,431718,1896571,1433029,2286,15449,399142,2777592,1222811,2179446,2659028,122500,2231995
2026-02-26,27.899999618530273,121.69999694824219,790.0,249.1999969482422,40.2599983215332,321.79998779296875,20319.63671875,1050.0,228.10000610351562,11.09000015258789,115.23999786376953,93.5999984741211,67.54000091552734,600.2000122070312,11.71500015258789,28.625,124.94999694824219,812.2000122070312,251.89999389648438,40.470001220703125,338.5,20496.671307780736,1069.0,233.89999389648438,11.220000267028809,115.87999725341797,94.23999786376953,68.94000244140625,609.0,11.75,27.235000610351562,121.3499984741211,782.7999877929688,246.8000030517578,39.880001068115234,319.20001220703125,20122.93161982696,1042.0,227.10000610351562,10.300000190734863,113.55999755859375,92.83999633789062,66.12000274658203,598.2000122070312,11.204999923706055,28.5,124.94999694824219,800.0,249.3000030517578,40.45000076293945,338.3999938964844,20260.62518907309,1055.5,233.3000030517578,10.300000190734863,115.0,93.58000183105469,68.44000244140625,600.0,11.265000343322754,6815277,230560,46880,220960,1639918,839808,2110,21120,727620,9847220,1615345,2600424,4607300,97076,5470122
2026-02-27,27.7549991607666,119.55000305175781,807.0,242.6999969482422,40.20000076293945,335.5,20329.47265625,1033.5,226.1999969482422,11.28499984741211,114.66000366210938,92.45999908447266,67.63999938964844,591.2000122070312,11.760000228881836,27.915000915527344,123.0,814.0,250.8000030517578,40.95000076293945,339.0,20349.143166802736,1058.0,231.0,11.359999656677246,115.87999725341797,93.80000305175781,68.37999725341797,608.2000122070312,11.920000076293945,27.454999923706055,118.80000305175781,791.0,242.3000030517578,40.130001068115234,333.5,19945.897700471698,1028.5,224.89999389648438,10.84000015258789,113.18000030517578,91.94000244140625,66.94000244140625,589.5999755859375,11.399999618530273,27.899999618530273,122.5,795.0,250.8000030517578,40.400001525878906,335.70001220703125,20132.767550722667,1051.5,231.0,11.079999923706055,115.44000244140625,93.80000305175781,68.37999725341797,608.2000122070312,11.710000038146973,7104894,287022,76232,416002,3734731,1553429,4692,40428,824588,7487493,2884232,4545335,4058129,212782,5489273
2026-03-02,27.114999771118164,116.19999694824219,798.2000122070312,243.89999389648438,40.20000076293945,326.5,20260.625,999.4000244140625,220.6999969482422,10.949999809265137,120.5,89.05999755859375,66.0,582.2000122070312,11.46500015258789,27.450000762939453,117.4000015258789,803.0,245.1999969482422,40.20000076293945,344.3999938964844,20319.636529126215,1017.5,225.0,11.21500015258789,122.63999938964844,90.9000015258789,66.76000213623047,588.0,11.75,26.825000762939453,113.69999694824219,776.0,231.6999969482422,39.099998474121094,321.70001220703125,19631.168689320388,989.5999755859375,213.0,10.670000076293945,116.0,87.9800033569336,65.41999816894531,571.7999877929688,11.300000190734863,27.290000915527344,117.4000015258789,800.0,240.0,40.0,338.0,19896.72057038835,1014.0,219.8000030517578,10.904999732971191,116.55999755859375,88.69999694824219,66.69999694824219,582.0,11.395000457763672,2861874,319001,46166,295944,2199864,885264,3613,22678,720829,4283040,4321090,3065995,2613283,132657,2482611
2026-03-03,25.985000610351562,109.5999984741211,765.5999755859375,235.8000030517578,39.34000015258789,299.5,19242.67578125,944.4000244140625,210.60000610351562,10.479999542236328,114.72000122070312,85.19999694824219,64.44000244140625,558.0,10.6850004196167,27.19499969482422,116.05000305175781,797.0,243.8000030517578,40.27000045776367,320.0,20103.260565742396,1007.5,219.89999389648438,10.9350004196167,121.5,88.91999816894531,65.86000061035156,580.0,11.449999809265137,25.985000610351562,109.0,755.5999755859375,233.5,39.060001373291016,294.20001220703125,19109.899843071173,944.4000244140625,208.39999389648438,10.130000114440918,113.80000305175781,85.05999755859375,63.540000915527344,556.7999877929688,10.600000381469727,27.0,115.80000305175781,797.0,243.8000030517578,40.209999084472656,319.70001220703125,19975.402254903525,1000.0,218.8000030517578,10.869999885559082,121.0,88.80000305175781,65.80000305175781,580.0,11.449999809265137,5498641,535340,73763,523785,2249260,1500960,4381,36313,1136674,8906553,3451224,3130995,3038493,126729,4285426
2026-03-04,26.2450008392334,113.8499984741211,785.0,247.8000030517578,39.75,310.70001220703125,19749.19140625,976.2000122070312,215.8000030517578,10.694999694824219,117.80000305175781,88.23999786376953,66.54000091552734,563.4000244140625,10.829999923706055,26.415000915527344,114.44999694824219,786.0,247.8000030517578,40.06999969482422,316.29998779296875,19759.026660934385,982.0,218.3000030517578,10.994999885559082,117.9000015258789,88.62000274658203,66.69999694824219,576.2000122070312,11.085000038146973,25.844999313354492,109.5999984741211,769.0,236.0,39.5099983215332,306.0,19375.451728243275,950.0,209.0,10.399999618530273,113.9000015258789,85.0,64.5,558.2000122070312,10.550000190734863,26.280000686645508,109.5999984741211,772.0,236.0,39.599998474121094,306.0,19404.95749229644,950.0,209.0,10.399999618530273,114.05999755859375,85.0,64.5,558.2000122070312,10.600000381469727,8206241,447105,56616,407830,1621433,949243,2829,24069,843976,5227536,2376462,4440834,2449866,207951,2609137
2026-03-05,26.5,114.30000305175781,776.5999755859375,248.5,39.599998474121094,296.5,19454.134765625,967.7999877929688,217.1999969482422,10.609999656677246,119.69999694824219,88.69999694824219,66.0199966430664,563.0,10.744999885559082,26.665000915527344,115.9000015258789,800.5999755859375,250.60000610351562,40.47999954223633,310.29998779296875,19827.874462841253,982.0,219.39999389648438,10.979999542236328,120.5,90.19999694824219,67.13999938964844,575.0,11.104999542236328,25.979999542236328,112.0999984741211,774.2000122070312,243.6999969482422,39.599998474121094,294.6000061035156,19277.100172206774,956.2000122070312,213.10000610351562,10.600000381469727,117.5,87.18000030517578,65.9000015258789,559.2000122070312,10.670000076293945,26.489999771118164,114.80000305175781,790.0,248.0,39.7599983215332,308.6000061035156,19798.368697271548,980.0,217.0,10.710000038146973,118.5,88.80000305175781,66.55999755859375,575.0,10.9399995803833,5834637,425237,43035,269125,3588939,752705,2580,14676,517545,5106570,1779859,3487637,1973510,126578,2175310
2026-03-06,28.05500030517578,110.30000305175781,737.4000244140625,245.3000030517578,39.869998931884766,290.8999938964844,19227.923828125,936.7999877929688,208.6999969482422,9.973999977111816,119.0,84.5999984741211,64.95999908447266,548.5999755859375,10.399999618530273,28.450000762939453,114.69999694824219,778.2000122070312,253.39999389648438,40.400001525878906,303.6000061035156,19631.1692894821,975.0,218.60000610351562,10.675000190734863,120.26000213623047,89.0,66.55999755859375,569.0,10.90999984741211,27.274999618530273,109.80000305175781,720.5999755859375,244.6999969482422,39.61000061035156,285.6000061035156,19036.136352601505,927.0,207.5,9.95199966430664,116.5,84.19999694824219,64.5999984741211,546.7999877929688,10.199999809265137,27.799999237060547,114.4000015258789,769.0,249.5,39.79999923706055,303.0,19591.828268861893,969.2000122070312,218.0,10.550000190734863,119.69999694824219,88.9000015258789,66.12000274658203,569.0,10.8100004196167,12518184,298914,91312,319927,3480522,954654,2838,21382,751510,4446872,1563767,3780435,1963474,126933,3000551
2026-03-09,28.0,110.19999694824219,724.7999877929688,246.8000030517578,41.20000076293945,289.3999938964844,19070.560546875,943.0,207.5,9.781999588012695,118.87999725341797,85.08000183105469,64.19999694824219,545.2000122070312,9.98799991607666,28.25,110.55000305175781,739.7999877929688,252.60000610351562,41.36000061035156,289.3999938964844,19129.57208028462,949.7999877929688,207.60000610351562,9.890000343322754,120.37999725341797,85.08000183105469,64.19999694824219,547.0,10.295000076293945,27.6299991607666,106.75,707.5999755859375,240.0,39.2599983215332,276.0,18627.97404630286,903.7999877929688,201.0,9.550000190734863,116.66000366210938,80.80000305175781,62.86000061035156,533.7999877929688,9.890000343322754,27.895000457763672,107.69999694824219,720.0,243.0,39.5,283.0,19031.219524601922,906.0,203.5,9.779999732971191,118.4000015258789,83.0,63.47999954223633,543.0,10.145000457763672,4697539,150158,63893,367155,4105045,1180729,2812,22573,871562,3940099,2655766,3438778,2738949,119485,4132794
2026-03-10,28.204999923706055,112.30000305175781,734.0,249.0,41.27000045776367,303.0,19591.828125,974.4000244140625,213.5,9.800000190734863,122.08000183105469,87.80000305175781,64.63999938964844,557.5999755859375,9.871999740600586,28.850000381469727,114.5,741.0,256.5,41.900001525878906,304.29998779296875,19601.66338008283,996.7999877929688,216.6999969482422,10.125,122.08000183105469,89.0999984741211,66.0,568.7999877929688,10.510000228881836,28.09000015258789,112.0,725.0,249.0,41.18000030517578,298.29998779296875,19326.276237763555,955.0,211.10000610351562,9.75,117.22000122070312,87.4000015258789,64.5199966430664,554.0,9.842000007629395,28.81999969482422,112.5999984741211,736.7999877929688,251.0,41.310001373291016,300.0,19419.71116105045,963.5999755859375,212.0,10.095000267028809,118.0,87.5,65.18000030517578,554.0,10.279999732971191,3576144,288970,46486,414938,2733520,837002,2556,40700,702045,2413303,2678666,3223132,1999774,144078,3127682
2026-03-11,27.579999923706055,111.30000305175781,699.0,247.39999389648438,40.150001525878906,293.0,19124.654296875,975.0,212.3000030517578,9.38599967956543,128.89999389648438,87.5999984741211,63.599998474121094,557.5999755859375,9.395999908447266,28.510000228881836,113.19999694824219,734.5999755859375,252.10000610351562,41.279998779296875,299.79998779296875,19670.5109764721,992.0,214.5,9.793999671936035,129.5,88.33999633789062,65.0999984741211,560.4000244140625,9.960000038146973,27.579999923706055,111.05000305175781,693.7999877929688,247.39999389648438,40.06999969482422,292.5,18991.87834778381,969.4000244140625,209.60000610351562,9.300000190734863,122.0,86.68000030517578,63.099998474121094,553.0,9.152000427246094,28.5,112.69999694824219,734.0,252.0,41.27000045776367,297.5,19601.66418805445,974.5999755859375,214.0,9.793999671936035,122.04000091552734,88.0,65.04000091552734,556.7999877929688,9.960000038146973,3684224,224954,49207,199279,2051376,871527,3361,45698,815549,4722989,3623916,2853922,2327974,106186,5753031
2026-03-12,27.985000610351562,109.55000305175781,684.0,248.0,41.41999816894531,288.20001220703125,19041.0546875,970.5999755859375,209.1999969482422,9.32800006866455,130.5,86.0199966430664,61.7400016784668,553.4000244140625,9.157999992370605,29.15999984741211,112.44999694824219,694.5999755859375,250.89999389648438,41.47999954223633,296.79998779296875,19252.512681188662,975.4000244140625,212.1999969482422,9.486000061035156,130.89999389648438,88.30000305175781,64.16000366210938,558.5999755859375,9.42199993133545,27.84000015258789,107.4000015258789,668.2000122070312,245.60000610351562,39.869998931884766,282.3999938964844,18839.43194933174,957.0,205.1999969482422,9.204000473022461,127.19999694824219,84.54000091552734,61.52000045776367,545.7999877929688,9.053999900817871,28.850000381469727,111.30000305175781,693.0,249.0,40.150001525878906,294.0,19041.0546875,975.0,212.0,9.486000061035156,128.89999389648438,88.0199966430664,64.0,557.5999755859375,9.40999984741211,6817580,314796,30196,200268,2762983,841089,3881,44333,802335,3680611,3910110,2338430,2699123,169825,2451873
2026-03-13,27.600000381469727,110.0,656.0,246.89999389648438,41.189998626708984,282.6000061035156,18775.501953125,967.2000122070312,209.8000030517578,9.484000205993652,128.39999389648438,86.5199966430664,62.7400016784668,548.2000122070312,9.220000267028809,28.125,111.9000015258789,675.7999877929688,250.89999389648438,41.849998474121094,288.5,19090.230115775605,982.0,213.60000610351562,9.520000457763672,130.0,87.68000030517578,63.119998931884766,559.7999877929688,9.260000228881836,27.15999984741211,108.1500015258789,652.0,244.39999389648438,40.9900016784668,278.8999938964844,18667.314147213856,960.5999755859375,207.6999969482422,9.119999885559082,127.22000122070312,85.0199966430664,60.880001068115234,543.4000244140625,8.741999626159668,28.0,108.9000015258789,675.0,248.39999389648438,41.400001525878906,284.0,18898.442641660393,975.0,208.0,9.399999618530273,128.82000732421875,86.05999755859375,61.34000015258789,545.4000244140625,9.020000457763672,4436388,230120,51845,203799,2544053,632741,3344,28558,941023,3489476,1818623,2702057,2957354,101787,4325184
2026-03-16,27.25,109.75,655.4000244140625,246.3000030517578,41.459999084472656,283.5,18982.04296875,1026.5,211.0,9.520000457763672,129.5800018310547,86.68000030517578,63.15999984741211,548.5999755859375,9.277999877929688,27.704999923706055,111.25,663.4000244140625,248.6999969482422,42.0,286.70001220703125,19149.242310961785,1032.0,212.5,9.630000114440918,130.1999969482422,87.33999633789062,63.41999816894531,552.4000244140625,9.449999809265137,27.1200008392334,108.1500015258789,653.4000244140625,244.6999969482422,41.06999969482422,275.6000061035156,18726.326327720206,970.0,207.8000030517578,9.331999778747559,128.0800018310547,85.58000183105469,62.459999084472656,540.4000244140625,9.005999565124512,27.600000381469727,110.19999694824219,660.0,248.0,41.18000030517578,278.5,18878.77278679566,970.2000122070312,211.6999969482422,9.381999969482422,128.39999389648438,86.5199966430664,63.0,545.4000244140625,9.130000114440918,4296605,131867,38661,155584,3262406,673500,2316,43201,620554,2350656,2275982,1959207,1315775,92428,3144237
2026-03-17,27.0,113.1500015258789,652.0,245.39999389648438,41.41999816894531,280.5,19060.724609375,1053.0,218.6999969482422,10.819999694824219,136.0399932861328,87.80000305175781,64.73999786376953,560.0,10.210000038146973,27.19499969482422,113.4000015258789,657.7999877929688,248.39999389648438,41.779998779296875,286.1000061035156,19159.077161538957,1064.0,220.10000610351562,10.84000015258789,136.3800048828125,88.77999877929688,65.12000274658203,566.2000122070312,10.239999771118164,26.1299991607666,109.19999694824219,628.7999877929688,242.60000610351562,41.209999084472656,279.0,18800.09034614051,1006.5,210.6999969482422,9.5600004196167,129.55999755859375,86.0,63.099998474121094,548.5999755859375,9.491999626159668,27.100000381469727,109.80000305175781,656.0,246.0,41.459999084472656,283.5,18888.607643088075,1022.5,212.0,9.569999694824219,129.5800018310547,86.0,63.2400016784668,548.5999755859375,9.550000190734863,5487102,294496,81907,184324,2752949,741140,1709,62391,522473,7426415,3317921,2284735,1539541,67549,5891727
2026-03-18,26.899999618530273,112.69999694824219,663.5999755859375,238.60000610351562,41.099998474121094,273.8999938964844,19114.818359375,1052.5,218.0,10.675000190734863,133.13999938964844,88.45999908447266,64.9000015258789,559.5999755859375,10.015000343322754,27.524999618530273,115.80000305175781,676.0,247.8000030517578,41.790000915527344,288.70001220703125,19562.322468122908,1084.0,224.6999969482422,11.135000228881836,136.25999450683594,91.31999969482422,66.36000061035156,573.2000122070312,10.6850004196167,26.899999618530273,112.4000015258789,651.0,238.60000610351562,40.90999984741211,271.20001220703125,19104.983104237683,1049.0,217.6999969482422,10.609999656677246,130.16000366210938,88.41999816894531,64.9000015258789,557.5999755859375,10.0,27.170000076293945,113.4000015258789,660.7999877929688,247.5,41.41999816894531,280.0,19178.74751776756,1055.0,221.3000030517578,11.0,136.0399932861328,88.95999908447266,65.5,562.5999755859375,10.350000381469727,4178726,248573,55022,313121,2808060,1120291,3120,54267,997062,5332094,3094953,3566583,2096641,104409,6593173
2026-03-19,26.399999618530273,109.75,650.0,234.60000610351562,38.5,259.79998779296875,18519.78515625,1053.0,215.5,10.4350004196167,133.1999969482422,86.94000244140625,63.91999816894531,555.5999755859375,9.565999984741211,27.139999389648438,112.1500015258789,661.4000244140625,241.6999969482422,41.08000183105469,265.0,19188.582495934013,1064.0,218.0,10.619999885559082,134.47999572753906,88.27999877929688,64.9000015258789,562.0,10.010000228881836,26.350000381469727,109.19999694824219,647.2000122070312,231.0,38.08000183105469,253.39999389648438,18480.444136268587,1045.0,213.5,10.335000038146973,132.36000061035156,86.41999816894531,63.5,552.2000122070312,9.491999626159668,26.84000015258789,112.1500015258789,661.4000244140625,238.5,41.0,263.8999938964844,19149.241475952604,1052.5,218.0,10.619999885559082,133.0,88.19999694824219,64.0999984741211,561.2000122070312,10.010000228881836,4819089,233577,46523,465674,7497825,1634582,6838,39371,825694,3599582,3342781,3900312,2237228,89082,4556955
2026-03-20,26.19499969482422,106.44999694824219,626.4000244140625,244.5,38.849998474121094,257.20001220703125,18539.455078125,1041.5,211.3000030517578,9.593999862670898,133.8000030517578,85.19999694824219,62.81999969482422,555.4000244140625,8.918000221252441,26.764999389648438,110.6500015258789,658.0,255.8000030517578,39.43000030517578,265.0,18805.006954575598,1069.0,217.89999389648438,10.654999732971191,134.1999969482422,87.86000061035156,64.5,566.7999877929688,9.75,25.920000076293945,105.30000305175781,620.2000122070312,244.0,38.599998474121094,251.60000610351562,18224.726928257627,1032.5,209.60000610351562,9.576000213623047,131.5,85.19999694824219,62.2400016784668,553.2000122070312,8.776000022888184,26.739999771118164,109.75,652.0,249.89999389648438,38.900001525878906,262.5,18667.31338900862,1053.0,217.0,10.5,133.1999969482422,87.0,64.37999725341797,556.4000244140625,9.75,6143692,651880,77291,1262633,4848983,1577357,8369,92198,1662018,8984766,9353128,5839767,4182164,345746,25786534
2026-03-23,26.399999618530273,109.3499984741211,643.7999877929688,244.0,39.0,266.29998779296875,19178.748046875,1057.0,213.6999969482422,9.631999969482422,127.55999755859375,87.45999908447266,63.13999938964844,572.4000244140625,8.902000427246094,26.65999984741211,110.44999694824219,649.7999877929688,254.0,39.650001525878906,270.0,19232.841951622595,1076.5,218.8000030517578,9.84000015258789,132.5,89.5,64.0999984741211,576.5999755859375,9.109999656677246,25.530000686645508,102.5,602.2000122070312,241.0,37.9900016784668,239.0,18032.940791766825,998.2000122070312,204.0,9.0,124.83999633789062,82.87999725341797,60.779998779296875,537.2000122070312,8.40999984741211,26.0,105.0,622.0,243.8000030517578,38.5,240.1999969482422,18244.398783052882,1035.5,208.8000030517578,9.260000228881836,132.47999572753906,84.19999694824219,62.08000183105469,547.0,8.800000190734863,3154674,339708,40922,442006,3909877,2171407,3994,42112,923614,6569265,4065086,3682348,2222447,120183,10190328
2026-03-24,25.725000381469727,107.0999984741211,638.5999755859375,235.3000030517578,38.90999984741211,264.0,19036.13671875,1048.0,210.1999969482422,9.437999725341797,129.94000244140625,85.68000030517578,62.36000061035156,565.0,8.887999534606934,26.399999618530273,110.55000305175781,651.0,245.0,39.70000076293945,266.29998779296875,19296.770985371997,1070.0,215.5,9.684000015258789,130.75999450683594,87.87999725341797,63.560001373291016,575.2000122070312,8.932000160217285,25.725000381469727,107.05000305175781,626.0,234.3000030517578,38.90999984741211,259.1000061035156,18893.52551625872,1038.0,209.10000610351562,9.381999969482422,127.0,85.58000183105469,61.7400016784668,561.2000122070312,8.710000038146973,26.309999465942383,110.55000305175781,651.0,244.0,39.5,266.29998779296875,19296.770985371997,1070.0,215.1999969482422,9.684000015258789,127.0,87.87999725341797,63.52000045776367,572.4000244140625,8.902000427246094,2161625,170036,40473,444331,3748582,964582,2236,34633,450506,2095064,3394047,2173177,1692407,135527,5379639
2026-03-25,26.375,109.3499984741211,664.5999755859375,240.3000030517578,39.54999923706055,272.70001220703125,19577.076171875,1073.0,214.5,9.696000099182129,133.63999938964844,86.66000366210938,63.2599983215332,573.2000122070312,9.097999572753906,26.44499969482422,110.0,669.5999755859375,240.5,39.54999923706055,276.20001220703125,19660.67584404829,1083.0,216.60000610351562,9.78600025177002,133.63999938964844,88.08000183105469,64.0,579.0,9.206000328063965,25.950000762939453,108.4000015258789,645.0,236.39999389648438,38.720001220703125,269.29998779296875,19183.665949883038,1048.0,212.5,9.496000289916992,126.55999755859375,86.66000366210938,62.900001525878906,566.0,9.010000228881836,25.950000762939453,108.4000015258789,645.0,239.89999389648438,38.900001525878906,272.0,19277.100877606128,1048.0,212.5,9.5600004196167,127.0,87.4800033569336,63.900001525878906,566.0,9.050000190734863,2631028,210475,29567,242165,3040586,824076,4107,27662,632528,3097467,2583814,2232131,1748043,98625,2683266
2026-03-26,26.625,109.30000305175781,659.2000122070312,234.6999969482422,40.25,260.20001220703125,22060.4765625,1073.5,213.0,9.680000305175781,130.67999267578125,86.54000091552734,63.08000183105469,571.0,8.989999771118164,26.780000686645508,110.0,667.5999755859375,240.10000610351562,40.47999954223633,272.0,22276.852168552163,1082.5,214.1999969482422,9.699999809265137,133.9199981689453,87.13999938964844,63.36000061035156,575.0,9.029999732971191,26.25,107.55000305175781,652.0,232.8000030517578,39.40999984741211,258.3999938964844,20132.766617671645,1046.5,210.6999969482422,9.470000267028809,124.66000366210938,85.66000366210938,62.400001525878906,564.5999755859375,8.711999893188477,26.375,109.3499984741211,667.0,240.0,39.599998474121094,272.0,20260.624930338832,1052.0,213.8000030517578,9.699999809265137,132.89999389648438,86.69999694824219,63.279998779296875,570.7999877929688,9.0,2406613,232855,35209,283469,3930369,849626,17859,30531,364891,2280561,3868783,1669513,917863,54919,5771744
2026-03-27,26.100000381469727,109.75,650.0,235.1999969482422,32.77000045776367,259.79998779296875,21460.52734375,1082.0,214.6999969482422,9.579999923706055,129.86000061035156,86.19999694824219,63.47999954223633,580.4000244140625,8.85200023651123,26.65999984741211,109.75,666.5999755859375,237.89999389648438,35.0,261.8999938964844,21834.267050011455,1086.0,216.1999969482422,9.831999778747559,131.33999633789062,87.0,63.619998931884766,585.0,9.067999839782715,25.895000457763672,106.80000305175781,646.5999755859375,232.0,32.77000045776367,252.10000610351562,21185.140191767874,1053.5,210.6999969482422,9.428000450134277,127.87999725341797,85.22000122070312,62.63999938964844,566.5999755859375,8.75,26.600000381469727,109.25,666.5999755859375,237.8000030517578,35.0,261.0,21726.079240304192,1078.0,215.8000030517578,9.739999771118164,128.52000427246094,86.9800033569336,63.41999816894531,571.0,8.90999984741211,2301087,197028,30614,317473,25067661,764331,6456,31920,443027,2919069,2079604,1703536,1125706,159121,3017467
2026-03-30,25.84000015258789,109.5999984741211,652.5999755859375,231.8000030517578,33.06999969482422,261.29998779296875,21273.65625,1066.0,212.5,10.510000228881836,132.55999755859375,85.5,63.5,572.2000122070312,9.9399995803833,26.459999084472656,110.69999694824219,654.7999877929688,235.39999389648438,33.36000061035156,265.8999938964844,21637.56067961165,1085.5,215.10000610351562,10.65999984741211,133.97999572753906,86.5,64.08000183105469,583.0,10.305000305175781,25.780000686645508,107.5999984741211,634.0,231.8000030517578,30.760000228881836,257.0,21096.62166262136,1066.0,211.1999969482422,9.600000381469727,130.02000427246094,84.9800033569336,63.0,565.0,8.842000007629395,26.299999237060547,108.9000015258789,640.0,235.1999969482422,32.59000015258789,260.1000061035156,21440.855582524273,1085.0,214.39999389648438,9.600000381469727,130.4600067138672,86.19999694824219,63.41999816894531,580.5999755859375,8.85200023651123,2416442,133610,28763,244352,9103006,498284,6522,20062,361981,5981871,2147089,2234829,1824231,83397,9099992
2026-03-31,26.360000610351562,110.6500015258789,661.0,236.60000610351562,33.380001068115234,267.8999938964844,21932.619140625,1079.5,217.5,10.529999732971191,134.33999633789062,86.86000061035156,64.05999755859375,583.0,10.265000343322754,26.549999237060547,112.5999984741211,666.5999755859375,238.3000030517578,33.5,270.29998779296875,22070.312713705156,1092.0,219.8000030517578,10.699999809265137,134.33999633789062,87.81999969482422,65.26000213623047,589.4000244140625,10.524999618530273,25.8700008392334,109.80000305175781,652.0,232.3000030517578,32.029998779296875,261.70001220703125,21293.327551324273,1066.5,212.60000610351562,10.350000381469727,131.16000366210938,85.81999969482422,63.63999938964844,570.0,9.913999557495117,26.0,110.44999694824219,652.0,234.60000610351562,33.0,265.0,21293.327551324273,1066.5,212.60000610351562,10.545000076293945,132.4600067138672,86.08000183105469,63.63999938964844,570.0,10.0,3422169,210865,37812,204570,6958879,701117,4752,24930,719231,4219247,2869791,2070988,2480502,81390,7824480
2026-04-01,26.594999313354492,115.0,695.2000122070312,241.0,33.400001525878906,287.6000061035156,22424.380859375,1149.0,223.60000610351562,10.654999732971191,130.5399932861328,89.41999816894531,65.19999694824219,600.0,10.350000381469727,27.110000610351562,115.19999694824219,700.5999755859375,244.39999389648438,34.150001525878906,287.6000061035156,22463.721878426535,1155.0,224.39999389648438,10.869999885559082,133.9600067138672,89.9000015258789,65.80000305175781,603.0,10.6899995803833,26.360000610351562,113.0,676.7999877929688,239.0,33.400001525878906,278.20001220703125,21991.629649808114,1095.0,220.8000030517578,10.515000343322754,129.3800048828125,88.54000091552734,64.77999877929688,594.7999877929688,10.260000228881836,26.8799991607666,113.0,677.4000244140625,239.89999389648438,33.70000076293945,279.0,22109.65270696272,1095.0,220.8000030517578,10.739999771118164,133.0,89.0,65.04000091552734,594.7999877929688,10.5,2978376,275697,47568,319225,4567607,960173,4535,40851,829751,3909359,2641307,2719405,1673112,74641,5989971
2026-04-02,26.59000015258789,115.25,689.0,243.8000030517578,33.599998474121094,284.5,22414.546875,1159.0,224.8000030517578,11.130000114440918,133.94000244140625,90.0,65.87999725341797,601.0,10.795000076293945,26.59000015258789,115.25,692.5999755859375,244.0,33.68000030517578,285.5,22414.546875,1170.0,225.5,11.130000114440918,133.94000244140625,90.12000274658203,65.87999725341797,605.5999755859375,10.824999809265137,25.8799991607666,112.0999984741211,675.2000122070312,236.6999969482422,32.790000915527344,272.0,22030.97191750768,1099.0,219.10000610351562,10.375,129.86000061035156,87.72000122070312,64.18000030517578,590.2000122070312,10.100000381469727,26.479999542236328,112.5999984741211,685.0,239.1999969482422,33.20000076293945,273.29998779296875,22129.32447071084,1116.5,221.0,10.5,132.0,88.9000015258789,64.9000015258789,599.7999877929688,10.180000305175781,4786418,196308,38161,194156,4010883,742728,3445,19178,519633,3950079,2412548,1962857,1452778,71340,5290535
2026-04-07,26.3700008392334,115.44999694824219,676.5999755859375,243.3000030517578,33.5,277.20001220703125,21794.92578125,1148.0,226.0,10.890000343322754,135.0,90.94000244140625,65.0199966430664,606.0,10.529999732971191,27.260000228881836,118.1500015258789,695.0,249.6999969482422,34.29999923706055,290.0,22247.347525806632,1195.0,232.0,11.119999885559082,136.8800048828125,92.37999725341797,66.33999633789062,620.0,10.819999694824219,26.290000915527344,113.1500015258789,672.4000244140625,241.0,33.439998626708984,275.54998779296875,21657.23220681972,1141.0,224.3000030517578,10.75,133.22000122070312,89.37999725341797,65.0199966430664,596.5999755859375,10.399999618530273,26.59000015258789,115.5,692.4000244140625,243.8000030517578,33.95000076293945,284.0,22168.665483275043,1160.0,225.60000610351562,11.100000381469727,133.89999389648438,90.0,65.87999725341797,603.0,10.800000190734863,3680263,276737,30179,270314,5292408,574885,3406,37214,688133,2905025,2702312,2597204,1896254,100445,4942248
2026-04-08,26.770000457763672,123.9000015258789,715.7999877929688,252.60000610351562,34.040000915527344,304.5,22050.642578125,1256.0,241.0,11.0,131.16000366210938,96.0,66.83999633789062,643.4000244140625,10.329999923706055,27.915000915527344,125.44999694824219,734.0,256.29998779296875,34.880001068115234,309.0,22640.757901357603,1271.0,243.1999969482422,11.449999809265137,131.16000366210938,97.4800033569336,68.18000030517578,652.2000122070312,10.989999771118164,26.729999542236328,118.30000305175781,697.2000122070312,248.0,33.97999954223633,298.0,21971.96053502732,1186.0,235.10000610351562,10.850000381469727,121.0,92.77999877929688,66.58000183105469,628.5999755859375,10.234999656677246,27.299999237060547,118.4000015258789,700.0,249.8000030517578,34.400001525878906,299.0,22306.35921819246,1194.0,238.8000030517578,11.119999885559082,125.0,92.86000061035156,67.0,641.5999755859375,10.949999809265137,9281113,524076,50400,472208,5295509,1557851,5684,51694,1054182,4593494,3718714,4653759,3911950,170011,6279392
2026-04-09,27.0,124.3499984741211,739.5999755859375,244.10000610351562,33.689998626708984,303.20001220703125,22267.017578125,1235.0,240.10000610351562,11.180000305175781,136.0,95.61000061035156,67.13999938964844,639.5999755859375,10.569999694824219,27.2549991607666,124.3499984741211,739.5999755859375,252.1999969482422,34.04999923706055,308.45001220703125,22267.017578125,1259.5,240.5,11.25,136.0,96.16000366210938,67.13999938964844,643.0,10.640000343322754,25.760000228881836,122.05000305175781,715.7999877929688,244.0,33.34000015258789,300.0,21401.515128091873,1235.0,237.89999389648438,10.904999732971191,132.82000732421875,94.5999984741211,66.05999755859375,635.5999755859375,10.21500015258789,25.760000228881836,122.94999694824219,719.0,252.0,34.040000915527344,301.0,22050.64196561672,1240.0,240.0,11.0,133.0,95.0,66.83999633789062,642.5999755859375,10.279999732971191,16422716,132945,34512,269994,1790741,688146,4044,33547,413199,3359647,2400776,2557546,1573098,50113,4256831
2026-04-10,27.700000762939453,126.0,753.0,246.39999389648438,34.400001525878906,313.20001220703125,23053.837890625,1280.5,247.8000030517578,11.15999984741211,128.5800018310547,99.25,68.08000183105469,658.5999755859375,10.699999809265137,27.979999542236328,128.0,778.2000122070312,247.3000030517578,34.400001525878906,314.0,23053.837890625,1280.5,248.8000030517578,11.404999732971191,135.25999450683594,99.25,68.08000183105469,661.0,11.020000457763672,26.899999618530273,123.4000015258789,731.7999877929688,240.8000030517578,33.7400016784668,303.20001220703125,21991.630342763438,1223.5,238.8000030517578,10.885000228881836,128.5,95.13999938964844,66.81999969482422,635.0,10.454999923706055,27.0,125.44999694824219,744.0,246.0,34.290000915527344,307.0,22267.01748480162,1262.5,245.1999969482422,11.180000305175781,135.25999450683594,96.19999694824219,67.13999938964844,640.0,10.630000114440918,8734528,207464,45360,183084,4407039,694317,5224,25783,571128,3470306,2385700,2948050,2246107,85404,4107711
2026-04-13,27.790000915527344,126.1500015258789,749.0,245.10000610351562,34.72999954223633,305.3999938964844,23034.16796875,1259.5,247.5,11.15999984741211,131.39999389648438,99.30000305175781,67.80000305175781,651.2000122070312,10.625,28.030000686645508,126.1500015258789,753.5999755859375,246.1999969482422,34.72999954223633,310.04998779296875,23093.179500693852,1274.0,247.89999389648438,11.395000457763672,134.0,99.6500015258789,67.9000015258789,658.5999755859375,10.880000114440918,27.364999771118164,124.05000305175781,733.4000244140625,240.10000610351562,33.95000076293945,301.5,22660.428266438943,1248.5,243.5,11.0,129.32000732421875,97.80000305175781,67.04000091552734,649.0,10.5649995803833,27.559999465942383,125.0,746.0,246.1999969482422,34.22999954223633,310.04998779296875,22719.43979838279,1256.0,246.0,11.100000381469727,132.66000366210938,98.80000305175781,67.9000015258789,653.7999877929688,10.78499984741211,11361682,108368,25777,234347,3947116,606037,1829,24468,1500973,2730959,2289944,4699360,1602771,338262,4928352
2026-04-14,28.799999237060547,127.6500015258789,763.5999755859375,260.20001220703125,34.810001373291016,316.79998779296875,23348.896484375,1271.5,250.60000610351562,11.055000305175781,127.80000305175781,101.22000122070312,68.4000015258789,658.4000244140625,10.345000267028809,28.975000381469727,127.75,766.2000122070312,261.0,35.400001525878906,319.0,23565.27210470198,1282.0,253.8000030517578,11.289999961853027,132.5,102.0,68.66000366210938,665.5999755859375,10.71500015258789,27.815000534057617,125.0999984741211,748.0,245.39999389648438,34.5099983215332,306.1000061035156,22857.133710904593,1248.0,248.1999969482422,10.96500015258789,126.80000305175781,99.98999786376953,67.4000015258789,650.5999755859375,10.300000190734863,28.059999465942383,127.0,751.7999877929688,246.0,34.790000915527344,306.1000061035156,23112.850353109203,1270.0,250.0,11.199999809265137,131.39999389648438,100.0,67.9800033569336,655.0,10.625,6535594,208935,19726,543450,3703542,897729,3874,18589,602281,2491159,2253259,3377162,1789549,65538,3016541
2026-04-15,29.725000381469727,126.5999984741211,750.0,271.0,35.0,325.0,23368.56640625,1277.0,250.1999969482422,11.0600004196167,129.6199951171875,100.58000183105469,68.68000030517578,655.7999877929688,10.319999694824219,29.959999084472656,127.5,769.7999877929688,273.5,35.0,325.0,23486.589468907827,1282.0,252.3000030517578,11.175000190734863,129.6999969482422,101.58000183105469,68.76000213623047,663.7999877929688,10.475000381469727,28.799999237060547,124.75,745.0,258.29998779296875,34.099998474121094,316.04998779296875,23014.497218276516,1258.0,247.0,10.96500015258789,127.5,99.44999694824219,67.81999969482422,647.7999877929688,10.279999732971191,28.924999237060547,127.5,760.2000122070312,260.20001220703125,34.77000045776367,318.1000061035156,23486.589468907827,1271.5,250.6999969482422,11.055000305175781,127.80000305175781,100.5,68.69999694824219,663.7999877929688,10.34000015258789,11312259,159156,31620,525597,3084539,838836,4217,16319,477345,1869692,1666756,2884696,1567582,95481,2536106
2026-04-16,29.709999084472656,126.05000305175781,737.0,277.70001220703125,34.9900016784668,322.54998779296875,23486.58984375,1250.0,247.89999389648438,10.755000114440918,129.63999938964844,99.83999633789062,67.9800033569336,654.0,10.15999984741211,30.184999465942383,127.30000305175781,759.7999877929688,278.79998779296875,35.369998931884766,335.0,23584.942397534545,1287.0,251.0,11.050000190734863,129.9600067138672,101.22000122070312,68.77999877929688,658.7999877929688,10.399999618530273,29.354999542236328,124.8499984741211,735.2000122070312,269.0,34.72999954223633,320.29998779296875,23289.884736180902,1248.0,244.8000030517578,10.670000076293945,127.5,98.6500015258789,67.33999633789062,646.4000244140625,10.079999923706055,29.8799991607666,126.69999694824219,750.0,270.0,35.150001525878906,329.8500061035156,23368.56677920854,1282.5,251.0,11.0,129.60000610351562,101.22000122070312,68.77999877929688,655.0,10.359999656677246,6921712,110991,26159,569337,2121758,757626,2684,21642,473714,2981046,1902430,2873909,2717386,100440,2761557
2026-04-17,30.68000030517578,129.8000030517578,746.2000122070312,288.3999938964844,35.650001525878906,341.6499938964844,23801.318359375,1285.0,253.89999389648438,10.545000076293945,124.0199966430664,102.0,69.58000183105469,667.4000244140625,10.045000076293945,30.760000228881836,129.89999389648438,764.4000244140625,291.0,35.650001525878906,342.0,23978.352958742253,1288.0,253.89999389648438,10.744999885559082,129.94000244140625,102.54000091552734,69.66000366210938,667.4000244140625,10.239999771118164,29.700000762939453,125.1500015258789,729.5999755859375,265.6000061035156,34.83000183105469,317.0,23230.87353919163,1234.5,245.39999389648438,10.425000190734863,123.0,99.1500015258789,67.36000061035156,646.7999877929688,9.899999618530273,29.854999542236328,126.69999694824219,740.0,277.3999938964844,34.9900016784668,322.54998779296875,23584.942737926136,1250.0,247.89999389648438,10.699999809265137,129.5,99.81999969482422,68.18000030517578,658.7999877929688,10.239999771118164,6957317,222556,63513,733013,3622549,1079236,2487,50994,664042,3698348,2311600,3205076,2945592,125319,4461851
2026-04-20,30.280000686645508,127.25,724.0,282.1000061035156,35.040000915527344,335.3500061035156,23506.259765625,1253.0,249.8000030517578,10.420000076293945,127.4800033569336,100.62000274658203,68.76000213623047,656.0,9.960000038146973,30.760000228881836,128.9499969482422,745.0,286.20001220703125,35.599998474121094,338.20001220703125,23683.29435800209,1261.0,251.5,10.640000343322754,127.77999877929688,101.13999938964844,69.45999908447266,666.5999755859375,10.15999984741211,30.219999313354492,126.5999984741211,721.4000244140625,273.0,35.040000915527344,326.45001220703125,23407.907214304392,1244.0,248.0,10.40999984741211,125.58000183105469,99.79000091552734,68.5,649.0,9.819999694824219,30.68000030517578,128.9499969482422,745.0,285.0,35.599998474121094,332.45001220703125,23604.612316945608,1253.0,251.39999389648438,10.59000015258789,125.9800033569336,100.54000091552734,69.44000244140625,666.5999755859375,10.045000076293945,6427904,108028,28168,518699,2414037,771940,3225,35148,329316,1442526,1879743,1781649,1373400,58759,2776952
2026-04-21,30.344999313354492,126.80000305175781,734.5999755859375,282.20001220703125,34.650001525878906,320.54998779296875,23880.0,1216.5,247.8000030517578,10.34000015258789,126.94000244140625,100.0999984741211,68.63999938964844,654.5999755859375,9.800000190734863,30.799999237060547,128.4499969482422,741.5999755859375,285.0,35.380001068115234,332.1000061035156,24076.705107084017,1259.5,251.5,10.574999809265137,127.4800033569336,101.22000122070312,69.4000015258789,661.5999755859375,10.010000228881836,30.280000686645508,126.5,722.4000244140625,280.20001220703125,34.54999923706055,320.54998779296875,23506.26029654036,1208.0,247.5,10.34000015258789,126.0,100.0999984741211,68.27999877929688,651.2000122070312,9.758000373840332,30.799999237060547,127.94999694824219,724.0,282.1000061035156,35.130001068115234,330.70001220703125,23683.29489291598,1259.5,251.39999389648438,10.444999694824219,127.4000015258789,100.4800033569336,68.77999877929688,657.0,9.961999893188477,3674951,191815,33939,244626,1497953,659142,5325,34538,211989,2371513,1110586,1058928,945017,40711,3960228
2026-04-22,29.875,125.5,725.0,293.1000061035156,34.0099983215332,324.0,23620.0,1201.5,243.6999969482422,10.619999885559082,127.9800033569336,98.41000366210938,66.66000366210938,646.2000122070312,9.902000427246094,30.264999389648438,127.1500015258789,740.0,297.0,34.650001525878906,326.0,24180.0,1216.0,249.1999969482422,10.725000381469727,129.6199951171875,100.80000305175781,68.63999938964844,660.5999755859375,10.140000343322754,29.850000381469727,124.55000305175781,725.0,283.3999938964844,33.9900016784668,320.04998779296875,23480.0,1188.0,242.5,10.34000015258789,126.5,97.83999633789062,66.66000366210938,642.2000122070312,9.800000190734863,30.25,127.05000305175781,736.7999877929688,283.6000061035156,34.650001525878906,325.0,24000.0,1215.5,248.5,10.390000343322754,126.94000244140625,100.80000305175781,68.63999938964844,658.0,9.800000190734863,5002872,111463,18769,701753,2531940,641365,3446,12326,410406,2551919,1246827,1925732,1643599,50491,3350630
2026-04-23,30.014999389648438,123.44999694824219,722.4000244140625,283.70001220703125,33.2599983215332,323.3500061035156,23280.0,1177.5,237.1999969482422,10.6899995803833,128.5399932861328,96.70999908447266,65.08000183105469,637.5999755859375,9.899999618530273,30.40999984741211,125.75,726.0,293.0,34.08000183105469,325.25,23540.0,1210.0,243.1999969482422,10.744999885559082,129.77999877929688,99.12999725341797,66.66000366210938,646.0,9.947999954223633,29.6200008392334,121.5999984741211,702.5999755859375,283.0,33.220001220703125,313.5,23000.0,1165.0,235.5,10.470000267028809,127.76000213623047,95.80000305175781,64.81999969482422,634.2000122070312,9.684000015258789,29.799999237060547,125.75,721.5999755859375,293.0,34.0099983215332,320.0,23500.0,1202.0,242.8000030517578,10.654999732971191,128.1999969482422,99.02999877929688,66.66000366210938,646.0,9.899999618530273,4723103,253093,18090,311722,4079886,710943,3297,39964,620558,3099760,1589406,2233582,2537605,68838,2469703
2026-04-24,30.200000762939453,119.80000305175781,704.2000122070312,278.8999938964844,33.47999954223633,318.1000061035156,22620.0,1158.0,235.8000030517578,10.949999809265137,129.0800018310547,96.58000183105469,65.0,629.7999877929688,9.829999923706055,30.434999465942383,123.4000015258789,719.0,285.20001220703125,33.849998474121094,319.79998779296875,23300.0,1190.0,238.10000610351562,11.0,129.5399932861328,97.76000213623047,65.0999984741211,641.0,10.09000015258789,29.889999389648438,118.75,697.2000122070312,277.0,33.29999923706055,314.45001220703125,22520.0,1150.0,233.8000030517578,10.630000114440918,127.54000091552734,95.29000091552734,64.19999694824219,624.5999755859375,9.807999610900879,30.100000381469727,123.4000015258789,715.0,282.79998779296875,33.5,318.70001220703125,23300.0,1179.0,237.39999389648438,10.6899995803833,128.8000030517578,97.58000183105469,65.08000183105469,637.7999877929688,9.930000305175781,3839121,324842,20679,273843,1283300,568889,3089,34505,604607,2595308,963216,2038341,1452648,46316,1664096
2026-04-27,30.364999771118164,120.94999694824219,687.5999755859375,279.8999938964844,33.5,312.0,22660.0,1141.0,232.8000030517578,10.880000114440918,127.0999984741211,96.86000061035156,64.04000091552734,620.0,9.748000144958496,30.600000381469727,122.9000015258789,720.0,280.0,33.95000076293945,319.5,22800.0,1167.0,238.0,11.095000267028809,129.3000030517578,96.93000030517578,65.58000183105469,636.5999755859375,9.960000038146973,30.100000381469727,118.4000015258789,684.2000122070312,275.1000061035156,33.43000030517578,308.54998779296875,22340.0,1134.0,232.5,10.800000190734863,126.91999816894531,96.08999633789062,64.04000091552734,620.0,9.652000427246094,30.299999237060547,122.75,717.7999877929688,278.0,33.560001373291016,318.0,22620.0,1152.5,237.0,10.960000038146973,129.0800018310547,96.88999938964844,65.4000015258789,630.0,9.824000358581543,2654640,284267,22641,169897,1216878,410614,2285,18509,645397,7273314,946895,1969260,2006446,82080,2603652
2026-04-28,29.530000686645508,123.0,666.4000244140625,277.5,32.25,299.20001220703125,22300.0,1133.0,233.60000610351562,10.625,128.32000732421875,96.45999908447266,64.4000015258789,625.7999877929688,9.477999687194824,30.415000915527344,125.0,692.0,282.6000061035156,33.70000076293945,312.20001220703125,22820.0,1162.0,237.3000030517578,10.930000305175781,129.39999389648438,98.5199966430664,65.26000213623047,636.2000122070312,9.815999984741211,29.510000228881836,120.0999984741211,665.0,277.3999938964844,32.25,298.5,22220.0,1130.5,233.1999969482422,10.625,126.9800033569336,96.45999908447266,64.19999694824219,618.2000122070312,9.446000099182129,30.229999542236328,121.19999694824219,687.0,281.1000061035156,33.599998474121094,308.0,22500.0,1143.0,234.0,10.8100004196167,127.31999969482422,96.75,64.4000015258789,618.2000122070312,9.70199966430664,4502367,368239,32166,136925,2660996,642484,2496,16407,667542,1597593,1380890,2022677,1536435,73593,2813895
2026-04-29,29.989999771118164,121.6500015258789,661.5999755859375,276.20001220703125,31.459999084472656,299.8999938964844,22200.0,1135.5,232.1999969482422,10.819999694824219,130.9199981689453,96.23999786376953,64.27999877929688,624.2000122070312,9.305999755859375,30.145000457763672,125.3499984741211,674.2000122070312,281.0,32.61000061035156,308.8999938964844,22700.0,1180.5,237.39999389648438,11.069999694824219,133.0800018310547,98.41999816894531,64.94000244140625,654.4000244140625,9.642000198364258,29.420000076293945,121.5,658.0,275.29998779296875,31.459999084472656,298.8999938964844,22080.0,1127.0,230.10000610351562,10.5,128.4199981689453,95.75,63.86000061035156,622.0,9.210000038146973,29.540000915527344,123.6500015258789,666.4000244140625,277.5,32.2599983215332,301.8500061035156,22320.0,1149.5,234.89999389648438,10.5,128.5,97.41999816894531,64.55999755859375,622.0,9.600000381469727,4310507,339388,54479,282965,3297912,748814,4845,41222,1033880,5249277,2633451,2656862,3882329,167921,5294271
2026-04-30,29.7450008392334,123.75,658.0,275.6000061035156,32.060001373291016,302.79998779296875,21880.0,1141.5,226.3000030517578,10.649999618530273,132.9199981689453,94.63999938964844,63.599998474121094,616.0,9.465999603271484,30.15999984741211,125.0,668.0,279.3999938964844,32.27000045776367,304.95001220703125,22420.0,1164.0,237.0,10.8149995803833,135.0,96.51000213623047,64.4000015258789,629.7999877929688,9.465999603271484,29.6200008392334,120.80000305175781,650.4000244140625,273.29998779296875,31.229999542236328,297.1000061035156,21600.0,1122.0,226.10000610351562,10.40999984741211,131.83999633789062,94.2300033569336,62.959999084472656,610.5999755859375,9.223999977111816,30.149999618530273,123.9000015258789,662.0,276.0,31.639999389648438,304.04998779296875,22420.0,1164.0,237.0,10.805000305175781,132.16000366210938,96.30000305175781,64.27999877929688,624.2000122070312,9.314000129699707,3282318,369580,57856,212647,2263716,1598572,3226,32945,2014546,3478649,2348693,2724662,3754027,191908,2702128
